date,eq_kr_ret,eq_dm_ret,eq_em_ret,bond_ktb_ret,bond_gl_ret,reit_ret,cmdty_ret,month_id
2007-05-28,0.0151586,0.0102896,0.0119243,0.0022554,0.0028311,0.0108472,0.0083509,0
2007-05-29,-0.00448,0.0026695,-0.0059974,0.0014682,-0.0026684,-0.0002596,-0.0011532,0
2007-05-30,-0.0007747,-0.0087902,-0.0002247,-0.0004441,0.0008134,-0.0002369,-0.0120952,0
2007-05-31,-0.0057212,-0.0239124,-0.0233716,0.0028177,0.00027,-0.0056041,3.34e-05,0
2007-06-01,-0.0149931,-0.0068243,-0.0214812,-0.0017184,-0.0008248,-0.0064409,-0.0225751,0
2007-06-04,0.0128951,0.0069119,0.0056211,-0.0051861,-0.0025868,0.0155551,0.0105357,0
2007-06-05,-0.0108698,0.0027857,-0.0013105,-0.0007337,-0.0057129,-0.0120018,0.0029224,0
2007-06-06,-0.0034774,0.004704,0.0038414,-1.9e-06,0.0027994,0.008667,0.0029373,0
2007-06-07,-0.0127309,-0.0074897,-0.0096335,0.003181,-0.0025834,0.0065162,-0.0024088,0
2007-06-08,0.0023662,0.0123128,0.0197337,4.01e-05,0.0037621,-0.0031024,0.0132977,0
2007-06-11,0.001205,0.0061841,0.0030467,0.0070924,0.0097918,0.0058823,-0.004698,0
2007-06-12,0.0050226,-0.0058245,0.0008505,-0.000663,-0.0005167,0.0143686,-0.0113433,0
2007-06-13,0.0164085,-0.013139,0.0006841,0.0022506,0.0030251,0.0077093,0.0031736,0
2007-06-14,-0.0080368,-0.0003403,-0.0032576,0.0045638,0.0067012,0.0025509,0.0030341,0
2007-06-15,0.0081864,-0.0048235,0.0069734,0.0019117,-0.0036593,-0.0067972,0.0056909,0
2007-06-18,0.0091359,0.001173,0.0054927,-0.0005732,-0.0016406,0.0015537,-0.0075503,0
2007-06-19,0.0097751,0.0008068,0.0186746,0.0063857,1.1e-05,0.0121783,0.0007843,0
2007-06-20,0.0062557,-0.0006352,0.0012986,0.0009841,-0.0027881,0.0158522,0.0047083,0
2007-06-21,0.0110837,-0.0207066,-0.0155594,0.0036036,-0.0035141,-0.02136,-0.003025,0
2007-06-22,0.0009196,-0.010773,-0.0106719,0.0027533,0.0028593,0.0087162,0.0075589,0
2007-06-25,-0.0012076,-0.0070557,-0.000738,-0.0010909,-0.0043303,-0.0059163,-0.0042952,0
2007-06-26,0.0054527,-0.0049797,0.000356,0.0034241,0.002379,-0.0050073,-0.0072851,1
2007-06-27,0.0026997,0.0091871,0.0095552,0.0010665,0.0022632,0.0043963,0.0024131,1
2007-06-28,-0.0017161,-0.0042936,0.008256,0.0009752,-0.0012171,-0.0081413,0.0117979,1
2007-06-29,-0.0183254,0.0056337,0.0050698,0.0009256,-0.0026558,-0.0116932,0.0010105,1
2007-07-02,-0.0047001,0.0053123,0.0002031,0.0055651,0.0035197,0.0021358,-0.0086083,1
2007-07-03,-0.0069975,-0.0040741,0.0035238,0.0037058,0.0048872,0.0097522,0.010159,1
2007-07-04,-0.0009192,-0.0028787,0.002978,-6.94e-05,0.0032072,-0.0004423,0.0052907,1
2007-07-05,0.0125607,-0.0022673,0.0073085,0.0039545,0.0028795,-0.0005977,0.0058699,1
2007-07-06,-0.0137243,-0.0006943,-0.0028099,-0.0021239,-0.0083399,-0.0067556,0.0060502,1
2007-07-09,-0.0060785,-0.0043892,-0.0151822,0.0057912,0.0106357,-0.0093932,-0.0291942,1
2007-07-10,0.0029097,-0.0004728,0.0045365,-0.0032388,-0.0020139,-0.0061715,0.0127769,1
2007-07-11,0.0175589,-0.0021172,0.0112644,-0.0015504,0.0010366,-0.0049101,0.002235,1
2007-07-12,-0.0016781,0.0175757,0.0232651,0.0051856,0.0028241,0.0150213,0.0039255,1
2007-07-13,-0.0264512,-0.0145579,0.0006862,-0.003525,-0.0087337,-0.0167759,0.0193597,1
2007-07-16,0.0133338,0.0034932,0.0007927,-0.0006189,-0.0015856,0.0073482,0.0006614,1
2007-07-17,0.0047575,0.008875,0.0099487,-0.0010054,0.0062686,0.0235053,0.0026795,1
2007-07-18,-0.0020667,-0.000259,0.0090934,0.0064658,-0.0002582,0.015586,0.0045842,1
2007-07-19,0.0108151,0.0124883,0.0027553,-0.006158,-0.0088083,-0.0058222,0.0044877,1
2007-07-20,-0.0062339,-0.0039056,-0.0115743,-0.0037823,-0.0045909,0.0066389,-0.0162625,1
2007-07-23,0.0181049,0.0104502,0.0095343,0.0064821,0.0062576,0.0128624,0.0095134,1
2007-07-24,-0.0002701,0.000727,0.0091788,-0.0049018,-0.0072797,-0.0004437,-0.0043864,1
2007-07-25,0.0031127,0.0096913,0.0063875,-0.0018678,0.0008974,0.0089907,0.016179,2
2007-07-26,0.0151338,0.0050436,0.0073849,-0.0019281,0.000474,0.014791,-0.0006304,2
2007-07-27,-0.0047562,0.0023506,0.0047138,-0.0016712,0.0007829,-0.0142043,0.0043652,2
2007-07-30,0.0120619,0.0056987,0.0138557,0.0020512,-0.0016395,0.0049458,0.0160374,2
2007-07-31,-0.0192556,-0.0114733,-0.0006666,0.0078634,0.0014326,-0.0137091,0.0012288,2
2007-08-01,0.0113949,0.0120982,0.0011604,-0.0014948,0.0001514,0.0040331,-0.0156855,2
2007-08-02,0.0101247,-0.0208532,-0.004751,0.0053526,-0.0030068,-0.0055372,-0.0072709,2
2007-08-03,-0.0122841,-0.003426,-0.0066177,-0.0007107,-0.0072862,0.0023821,0.0066066,2
2007-08-06,0.0178671,0.0011449,-0.0023611,-0.0016532,-0.0014581,0.0078953,-0.0017748,2
2007-08-07,0.0012013,0.0040076,0.0053434,0.0043658,0.0029145,0.003746,0.0171326,2
2007-08-08,0.0008887,-0.0043359,-0.0080077,-0.0026046,-0.0026823,-0.0002571,-0.0021295,2
2007-08-09,0.002678,-0.0009068,0.0025517,-0.0048777,0.0005799,-0.0006497,-0.0110922,2
2007-08-10,0.035129,0.0029594,0.0029023,0.0029394,0.0089454,-0.0061235,0.0096044,2
2007-08-13,-0.0054951,-0.0123882,-0.0121476,0.0089226,0.0021695,-0.018537,0.0049739,2
2007-08-14,0.0010768,-0.0067912,-0.0103902,-0.0011782,-0.0033343,-0.0045228,-0.016364,2
2007-08-15,0.0032765,0.0084622,0.0101463,-0.0026544,0.0025476,0.0054876,0.0176504,2
2007-08-16,0.004582,0.0013975,-0.0051927,0.0009917,-0.0038338,0.0023776,0.01228,2
2007-08-17,-0.0004152,0.0093246,0.0094524,-0.004223,-0.0018403,0.0236427,0.0012603,2
2007-08-20,0.0138752,-0.005213,0.0010861,0.0025746,0.0004452,-0.009433,-0.0076105,2
2007-08-21,-0.0001861,0.0098521,0.0057837,0.0015043,0.0074358,0.0163829,-0.0012513,2
2007-08-22,0.0170586,0.0026631,-0.0011589,-0.0004241,0.003703,0.0128019,0.0141301,2
2007-08-23,-0.0014112,0.0024408,-0.0141804,-0.0020227,-0.0014138,0.016848,-0.0127962,3
2007-08-24,0.0071156,0.0032754,-7.17e-05,0.0023782,-0.002235,0.0075706,0.002629,3
2007-08-27,0.0059275,-0.0034886,0.003502,0.0022038,0.0037722,0.0042349,0.0139805,3
2007-08-28,0.011973,-0.0049985,-0.0038177,0.005624,0.0048895,0.012369,-0.0120371,3
2007-08-29,0.0154824,0.01442,0.0160108,0.0029613,3.9e-06,0.0139097,-0.0055411,3
2007-08-30,-0.0027127,0.0069441,0.0025155,0.001717,-0.0052435,0.0091651,-0.0240323,3
2007-08-31,-0.0079253,-0.0012662,-0.0025398,-0.0037592,0.0020793,-0.0131329,-0.0041366,3
2007-09-03,-0.003369,-0.0047372,0.0073769,0.0046561,-0.0013608,-0.0011592,-0.0123301,3
2007-09-04,0.004226,0.0012065,0.0029365,-0.0009099,0.0027666,0.0079184,0.0128365,3
2007-09-05,0.0113619,-0.0014736,0.0166035,-0.0035462,-0.002026,-0.004483,-0.0022061,3
2007-09-06,0.0029165,0.0021457,-0.0034193,-0.0011889,-0.0012545,0.0038988,-0.0064774,3
2007-09-07,0.0047775,0.0105918,0.0085516,0.0043219,0.0047962,0.0079894,0.0064508,3
2007-09-10,0.0039229,0.0057469,-0.0029444,-0.0027534,-0.0082443,-0.0033586,0.0136621,3
2007-09-11,0.0148176,0.0047716,0.0061011,1.83e-05,0.0025449,0.0034848,-0.0007468,3
2007-09-12,-0.0014124,-0.002788,-0.0039256,-0.0030465,-0.001886,-0.0056141,0.0037694,3
2007-09-13,0.0059489,0.0062257,0.0111899,0.0001042,0.0014656,0.0075594,0.0045609,3
2007-09-14,-0.006571,-0.0006055,-0.0149437,-0.0032133,0.0020654,-0.0086852,-0.016528,3
2007-09-17,0.0238982,0.0026349,0.0056393,-0.0084933,-0.0005758,0.0068168,0.0116797,3
2007-09-18,-0.0167563,-0.0141735,-0.0236513,-0.0013149,-0.0021251,-0.0271381,-0.004991,3
2007-09-19,0.000715,-0.0043836,-0.0054437,0.0003123,-0.0046704,-0.0121846,-0.0118517,3
2007-09-20,-0.0178538,-0.0111039,-0.0181643,0.0022981,0.0034945,-0.0070769,-0.0021293,3
2007-09-21,-0.000171,-0.003759,-0.0056293,-0.00089,0.0006619,0.0002061,-0.0068636,4
2007-09-24,-0.0013693,0.0040067,0.004028,0.0030445,0.0051272,-0.0075864,-0.0002277,4
2007-09-25,-0.0037308,-0.0229266,-0.0118174,-0.002063,-0.000775,-0.0136586,-0.0082493,4
2007-09-26,0.0111156,0.007423,0.0069284,-0.0034457,0.0019326,0.0068616,0.0011027,4
2007-09-27,-0.018318,0.0022474,-0.0090713,0.0036228,0.0035838,0.0169391,-0.0056462,4
2007-09-28,-0.0263205,-0.0173098,-0.0210352,-0.0006076,-0.009375,-0.0228234,-0.0201407,4
2007-10-01,-0.0281702,-0.0031335,-0.013255,-0.0011192,-0.0019846,0.0041553,0.0054437,4
2007-10-02,-0.0041146,0.0075141,0.0080815,0.0016651,0.0046564,-0.0060906,-0.0108002,4
2007-10-03,-0.0032974,0.0002366,-0.0041082,-0.0015036,-0.0021902,0.0002352,-0.0105141,4
2007-10-04,-0.0158351,0.0107423,0.001658,-0.0025744,-0.0023976,-0.0011897,-0.0096377,4
2007-10-05,0.0058932,-0.0020044,-0.0017493,0.0002684,-0.0005665,-0.0139596,-0.0004116,4
2007-10-08,0.0002671,0.0035825,-0.0036638,-0.004294,0.0009348,-0.0023149,0.0053031,4
2007-10-09,-0.006963,-2.33e-05,0.0081814,-0.003063,-0.0044698,0.0061354,0.0151302,4
2007-10-10,0.0017196,0.0131671,0.0197321,0.0074795,0.0060299,0.0071485,0.0022456,4
2007-10-11,-0.0056394,0.0301852,0.0177206,-0.0017517,0.0020236,0.0243507,-0.0031493,4
2007-10-12,0.007876,0.0016402,-0.0042946,0.0013269,-0.0002275,0.01914,0.0073104,4
2007-10-15,0.0071942,0.0171804,0.005753,-0.000424,-0.0003011,0.0304078,0.0046447,4
2007-10-16,0.0090503,0.0154533,-0.0005952,0.001165,0.005611,0.0054731,0.0047606,4
2007-10-17,0.010285,0.0091319,0.0141233,0.0059772,0.0039983,-0.0109633,0.002676,4
2007-10-18,-0.0136906,-0.0104443,-0.0111245,0.0008182,-0.0061165,-0.0050354,-0.0010023,4
2007-10-19,0.0115316,0.0106768,0.0163806,0.0037085,-0.0040997,0.0211904,0.0168045,4
2007-10-22,-0.0091457,0.0105604,0.0167442,-0.001583,0.0025926,0.0060022,0.0086997,5
2007-10-23,0.0018195,0.0047533,-0.0006494,0.0040229,0.0004114,0.0015542,0.0008488,5
2007-10-24,0.0005585,0.0144043,0.01424,-0.0074557,-0.0064266,0.0011993,0.0110953,5
2007-10-25,0.0188963,0.0182881,0.0296617,0.0046911,0.0059528,0.0176178,0.0239937,5
2007-10-26,0.0016823,0.0006689,-0.0005102,0.0021552,-0.0010166,-0.0048504,-0.0080726,5
2007-10-29,0.0085717,-0.0079974,-0.0058899,-0.0060855,-0.0019401,-0.015056,0.0053562,5
2007-10-30,-0.0040784,-0.0101794,-0.0232779,0.0038134,0.0047544,0.0114233,-0.0078123,5
2007-10-31,-0.0070834,-0.0039214,-0.0194812,0.0008593,0.002506,0.0036013,-0.008978,5
2007-11-01,-0.0049483,-0.0023627,0.0029917,0.0046267,0.0036857,-0.0098435,-0.0012382,5
2007-11-02,-0.015375,0.0047633,0.0146845,0.0016173,0.0004964,-0.0128651,-0.0077679,5
2007-11-05,-0.0015309,-0.0010875,-0.0020706,0.0014185,0.0018048,0.0055866,-0.0039407,5
2007-11-06,-0.0287439,-0.0054345,0.0023469,0.002269,0.0057252,-0.0107618,-0.0101937,5
2007-11-07,0.040314,0.01509,0.0169406,0.0009339,0.0002671,0.022027,0.0022222,5
2007-11-08,-0.0103835,-0.0055967,-0.0109786,-0.0049489,-0.004846,-0.0120815,0.0125189,5
2007-11-09,0.002346,0.0076708,0.00104,-0.0065234,-0.0053774,0.0015351,-0.0094929,5
2007-11-12,0.0114827,0.0075177,0.0050884,0.0026202,0.0010232,0.0100339,-0.0006353,5
2007-11-13,-0.0069204,0.0073141,-0.0010467,0.000146,0.0030311,-0.0066462,0.0070996,5
2007-11-14,0.0062862,0.0029842,-0.0006725,0.0026897,0.003707,0.0046015,-0.0104667,5
2007-11-15,0.0063625,-0.0025734,-0.0039394,-0.0006057,-0.0024985,-0.0083029,0.0242711,5
2007-11-16,-0.0277824,-0.0186304,-0.0250413,-0.000852,-0.0036446,-0.0247155,-0.0080133,5
2007-11-19,0.0038163,-0.0034034,-0.0001631,0.0029043,0.0011446,0.0084784,-0.0156205,5
2007-11-20,-0.0086676,-0.0124031,-0.0114404,-0.0005544,-0.0038715,-0.007567,-0.0029169,6
2007-11-21,-0.0152994,-0.0040499,0.0092197,0.0033635,0.0063761,-0.0074146,0.003171,6
2007-11-22,-0.0123208,-0.0119749,-0.0025047,-0.0013545,0.001482,-0.0130301,-0.013059,6
2007-11-23,-7.12e-05,-0.0061009,-0.0022438,-0.0030719,0.0006449,-0.0024871,0.0037141,6
2007-11-26,-0.010809,-0.0103044,0.0042772,-0.0007162,0.004167,0.0090052,-0.0053245,6
2007-11-27,0.0043365,0.0049361,0.0116353,-0.0021666,0.0001654,0.0104844,0.0022101,6
2007-11-28,0.0077369,0.0175521,0.0201561,-0.0061262,-0.0069015,0.0153176,0.0026471,6
2007-11-29,-0.0012181,-0.0058788,-0.0215376,0.0028904,0.0015022,0.0137489,-0.004022,6
2007-11-30,-0.0050435,-0.0021287,-0.0113643,0.0021109,0.0038409,0.000528,-0.0117968,6
2007-12-03,-0.0294813,-0.0153287,-0.0254097,-0.0031694,-0.0018841,-0.0155385,-0.0064139,6
2007-12-04,0.0307065,0.0087522,0.000701,-0.0022682,-0.0002519,0.0168046,0.0134339,6
2007-12-05,-0.0177488,-7.79e-05,-0.0047648,-0.0050862,-0.0052422,-0.0184041,-0.0049053,6
2007-12-06,-0.0133899,-0.0106143,-0.0161959,0.0002153,-0.0065947,-0.0097564,-0.0050639,6
2007-12-07,-0.0123994,-0.0124996,-0.0122467,-0.002016,-0.0001673,-0.0199479,-0.0020466,6
2007-12-10,-0.0033864,-0.0127598,-0.0126237,-0.0029939,-0.0076563,-0.024363,0.0025478,6
2007-12-11,-0.0014117,0.0046563,-0.0156249,0.0016582,0.0028838,-0.0096791,-0.0250091,6
2007-12-12,-0.0059546,0.0080131,0.0057586,-0.0020661,0.0042133,0.0016036,0.016428,6
2007-12-13,-0.0244687,-0.0154761,-0.0183547,0.0066296,0.0036391,-0.001519,-0.0028358,6
2007-12-14,-0.0017917,-0.0065334,-0.0081518,0.0023725,-0.0040246,-0.0110583,-8.52e-05,6
2007-12-17,-0.0131796,-0.0053909,-0.0090196,-0.0023817,-0.0030844,-0.0070383,0.0047837,6
2007-12-18,0.0315743,0.0140278,0.0186416,-0.0029394,-0.0008829,0.0134011,-0.006912,6
2007-12-19,0.0020434,-0.0024424,0.0003139,0.0024709,0.0006656,0.0197757,-0.004768,7
2007-12-20,-0.0123089,-0.0041423,-0.0076951,-0.003865,0.000815,0.0011122,-0.0037493,7
2007-12-21,-0.0106753,0.0018052,-0.0029845,0.0020271,2.2e-05,-0.0055148,0.0171062,7
2007-12-24,-0.0082358,0.0002877,0.0018856,-0.0003163,0.0010104,-0.0163359,-0.0083395,7
2007-12-25,-0.0134074,-0.0086701,-0.013272,-0.002209,0.0016468,-0.0114371,-0.0255198,7
2007-12-26,-0.0250664,-0.0228947,-0.0223124,0.0008185,0.0007045,-0.0303912,-0.0043036,7
2007-12-27,0.0062661,-0.0010892,0.007973,-0.0010698,-0.005761,0.0079144,-0.002638,7
2007-12-28,-0.0157922,-0.0153531,-0.009397,0.0010323,-0.0018541,-0.0239344,-0.0137561,7
2007-12-31,0.0110348,-0.001601,-0.015483,-0.000105,0.0028515,-0.0005233,-0.010591,7
2008-01-01,-0.0172809,-0.0035982,-0.0090547,-0.0035486,-0.0024147,-0.0098521,-0.0103454,7
2008-01-02,0.0052051,0.0032816,0.0137556,0.0028213,0.005122,0.0151301,0.0020249,7
2008-01-03,-0.0087587,-0.0051018,-0.0006181,0.0010629,-0.000232,0.0015917,-0.0016439,7
2008-01-04,0.0046556,-0.0099511,-0.0032599,0.0006546,-0.0017815,-0.0100054,0.0058096,7
2008-01-07,0.0104042,-0.0055131,-0.0039655,-0.0038023,0.0019211,-0.0115257,0.0051724,7
2008-01-08,-0.0037437,-0.0021907,0.0049532,0.0001503,-0.0002804,0.0107449,-0.0061268,7
2008-01-09,0.0182818,-0.0103861,-0.0004501,0.0011073,0.0050066,-0.002103,-0.0036087,7
2008-01-10,0.0256751,0.0297938,0.0410848,-5.67e-05,0.0005558,0.0299218,0.030442,7
2008-01-11,-0.0006857,0.004309,-0.0045797,-0.0003609,0.0021689,-0.0009542,0.0071212,7
2008-01-14,-0.0204016,-0.0066695,-0.0149521,0.0016498,0.0029111,-0.0021109,0.0012903,7
2008-01-15,0.0131597,-0.0050864,0.022325,0.0068295,-0.002573,-0.0008705,-0.0047105,7
2008-01-16,-8.05e-05,0.0011302,-0.0133238,0.0047656,0.0043588,0.0066486,-0.0266461,7
2008-01-17,-0.0042476,0.0053783,0.0115201,0.0027489,0.004916,0.0121369,0.0031831,8
2008-01-18,-0.0338433,-0.0123429,-0.0324232,0.0017862,5.46e-05,-0.0110392,-0.0041008,8
2008-01-21,0.0121147,0.008961,0.0040191,0.0019151,-0.0072693,0.0081969,0.0091031,8
2008-01-22,0.000264,0.0073335,0.011422,0.0052271,0.0071992,0.0187502,0.0151812,8
2008-01-23,0.0310568,0.0050972,0.005146,-0.0008482,0.0005062,0.0051414,0.0031467,8
2008-01-24,0.0037904,0.003338,0.0077718,0.0017341,0.0028334,0.0084228,-0.0039298,8
2008-01-25,0.0303477,-0.0053933,0.0011974,0.0003463,-0.0002352,-0.0097981,0.0169074,8
2008-01-28,-0.0237932,-0.0160311,-0.0219935,0.0018409,0.0016415,-0.0208081,-0.0069393,8
2008-01-29,0.0003644,0.0005729,0.0110578,-0.0057096,0.0015296,-0.0011637,-0.0053074,8
2008-01-30,-0.0033627,-0.0062972,-0.0042577,0.0026063,0.0021675,-0.0191259,0.0048751,8
2008-01-31,-0.0119681,0.0015134,-0.000115,-0.0008675,0.0021574,-0.0016593,0.0002639,8
2008-02-01,-0.0146424,0.0057994,0.0117472,0.0013843,-0.0036136,-0.0038708,0.0054429,8
2008-02-04,-0.0038229,0.0007642,0.0081414,-0.0020085,-0.0035108,0.0013371,0.0077734,8
2008-02-05,-0.0023529,0.0155703,0.0181348,-0.0025859,0.0020837,0.0113869,0.0124491,8
2008-02-06,0.0138299,0.0079625,0.007045,0.0027589,0.0004735,-0.0035353,-0.0111724,8
2008-02-07,0.0046577,0.00033,0.0131282,-0.0008975,0.0009949,0.0049648,0.0182671,8
2008-02-08,0.0152026,-0.0025308,-0.003961,0.0049989,0.0020423,0.0156329,-0.009509,8
2008-02-11,-0.0130971,-0.0105524,-0.0140736,0.0004274,0.0055835,-0.0158979,0.0055284,8
2008-02-12,-0.0055887,0.0066173,0.0060563,-0.0036119,-0.0093689,-0.00119,0.0102054,8
2008-02-13,-0.039158,-0.0121525,-0.0121286,0.0028012,0.0014865,-0.0137753,-0.0043673,8
2008-02-14,0.0047635,0.0026415,-0.0062909,0.0024407,0.0044526,-0.0018575,-0.0025031,8
2008-02-15,-0.0169294,0.0078339,-0.0109303,0.00201,0.0048171,-0.0059706,0.0074343,9
2008-02-18,-0.000219,-0.0005872,-0.010444,0.0031985,-9.48e-05,-0.0075867,0.0065602,9
2008-02-19,0.013916,-0.0037079,-0.0030034,0.003844,0.0022255,0.0138783,-0.003386,9
2008-02-20,-0.0034521,-0.0054328,-0.0061695,-0.0082716,-0.0075414,-0.0127369,0.0058617,9
2008-02-21,0.0126685,0.0036548,0.010087,0.0017064,-0.0049204,-0.0140047,0.0096603,9
2008-02-22,0.0143064,0.0144643,0.0241998,0.0009913,0.0039256,0.0124375,0.012993,9
2008-02-25,0.0087235,-0.0063845,-0.0108858,0.0006536,0.0062033,-0.0062654,0.0226659,9
2008-02-26,0.0064176,0.0052846,0.0007965,-0.0025655,-0.0001905,-0.0057949,0.0093565,9
2008-02-27,0.0181864,0.0061992,0.0192985,-0.0036131,0.0002979,-0.0074386,0.0055011,9
2008-02-28,-0.0209652,-0.0013072,-0.0185106,0.0026133,0.0025462,0.0020563,-0.0102966,9
2008-02-29,0.0126001,0.0070647,-0.0006437,0.0026448,0.0023867,0.0292527,-0.0044498,9
2008-03-03,-0.0034148,-0.000658,0.0053433,0.0009451,-0.0041045,0.0104654,-0.0081363,9
2008-03-04,0.0010829,0.0052855,0.0190987,-0.0002463,0.0012913,-0.0025857,0.0070844,9
2008-03-05,-0.0002918,-0.0017243,-0.0058894,-0.00391,-0.0051537,-0.0056405,-0.0098924,9
2008-03-06,0.0157063,0.0068112,0.0240322,-0.0008784,-0.0014358,0.0100064,0.0166196,9
2008-03-07,0.0018008,-0.0021968,-4.29e-05,-0.006642,0.0039229,-0.0077579,0.0018428,9
2008-03-10,0.0195246,0.0174358,0.0222576,-0.0032683,0.0037702,0.0147597,0.0247443,9
2008-03-11,-0.0044468,0.0144624,0.0131959,-0.0049215,0.0033871,-0.0045667,-0.0060688,9
2008-03-12,0.0055524,-0.0089664,-0.0080742,-0.0026139,-0.002788,-0.0082856,0.0066135,9
2008-03-13,-0.0004039,0.0086886,0.0106232,0.0012574,0.0045599,1.95e-05,-0.0013119,9
2008-03-14,0.0095874,0.0058972,0.0013286,-0.0039841,-0.0056801,0.0089829,-0.020765,9
2008-03-17,0.0048894,0.0090759,0.002797,-0.0024326,-0.0019843,-0.0078474,0.0149778,10
2008-03-18,-0.0152403,-0.007456,-0.0050692,0.0024133,0.0030568,0.001386,0.0028578,10
2008-03-19,-0.0035001,0.0062378,0.0075912,-0.0042363,-0.0036975,0.0136066,-0.015541,10
2008-03-20,0.0022572,-0.0066934,-0.0118307,-0.0014594,0.0050052,-0.0064044,0.0206382,10
2008-03-21,-0.0036894,-0.0038975,-0.0064072,0.0010636,0.0020775,0.0076963,-0.0214225,10
2008-03-24,0.004294,0.0015559,0.0069756,-0.0021367,-0.0041714,0.0094417,-0.015224,10
2008-03-25,-0.0153848,-0.0019808,-0.0060361,0.000975,0.002407,-0.0004688,0.0148269,10
2008-03-26,-0.018057,-0.0045514,0.0023754,-0.0043196,-0.0076345,-0.007731,0.0055294,10
2008-03-27,-0.0045105,-0.0022277,-0.0068588,-0.0024069,-0.0045609,-0.0082485,-0.0158358,10
2008-03-28,-0.0148768,-0.0035289,-0.0117784,0.0011763,-0.0011525,-0.0046249,0.0013331,10
2008-03-31,-0.0231697,-0.0101123,-0.0214466,-0.0016558,-0.0054974,-0.0116245,-0.0009895,10
2008-04-01,0.0135857,0.0090646,-0.0014655,-0.0014383,0.0044263,0.0081769,0.0050187,10
2008-04-02,-0.0006923,0.0075085,-0.0117748,0.00059,-0.0024893,0.0156743,-0.0031412,10
2008-04-03,0.0034153,0.0043207,0.0097918,0.004234,-0.0014878,-0.0024354,0.003069,10
2008-04-04,-0.0185013,-0.0109341,-0.0099667,-0.0027025,-0.0037233,-0.0054197,0.0014346,10
2008-04-07,0.0032001,0.0066193,0.0098192,0.003191,0.0022318,0.0094919,0.0102616,10
2008-04-08,0.0033503,0.003809,0.0017542,0.0014841,0.0040756,0.0070384,0.0088668,10
2008-04-09,-0.001431,0.007361,0.0193268,-0.0039837,-0.0036567,-0.0043755,0.0042833,10
2008-04-10,-0.0001557,0.0112934,0.0130955,-0.0005706,0.0012401,0.0052213,-0.0031267,10
2008-04-11,-0.005049,-0.0219748,-0.0248573,0.006965,-0.0034491,-0.0137539,0.0038626,10
2008-04-14,-0.0028923,0.0017194,-0.0030476,-0.0019277,-0.0072826,-0.0176317,0.0020334,10
2008-04-15,-0.0087008,-0.0034076,0.0006759,-0.0027023,-0.0006994,-0.0215611,-0.0014771,11
2008-04-16,0.0134723,-0.0009464,-0.000459,0.0031022,0.002814,0.0204684,0.005316,11
2008-04-17,0.0019789,-0.0056899,0.0060166,-0.0005233,0.0025729,-0.0047119,-0.0026444,11
2008-04-18,-0.0106973,0.0015708,0.0037449,0.0039718,0.0026766,0.004707,0.0148201,11
2008-04-21,-0.0114231,-0.0053264,-0.0038848,0.0078655,0.0019963,-0.0095882,-0.0038528,11
2008-04-22,0.0160467,0.0125617,0.0082311,0.0011292,0.0064295,0.0123067,-0.007273,11
2008-04-23,0.0134846,0.0033413,0.0030253,0.006976,0.0049853,0.0103917,-0.0016701,11
2008-04-24,0.0018887,0.0107857,0.0066446,0.0029648,0.0049515,0.0183232,-0.0291159,11
2008-04-25,-0.0062651,0.0114768,0.009602,-0.0022275,-0.0075156,0.0045305,0.0121798,11
2008-04-28,-0.0059314,0.0090569,0.0087125,0.0022075,-0.0001566,0.0081522,0.0123473,11
2008-04-29,0.0089754,0.0195807,0.0139882,0.0019647,0.0061268,0.0159425,0.0053958,11
2008-04-30,0.0014075,0.0098157,0.0212034,-0.0037406,0.0016811,-0.0022206,0.0025271,11
2008-05-01,-0.0075656,-0.003665,0.0082473,0.0023088,-0.0004326,-0.0033786,-5.58e-05,11
2008-05-02,0.0204246,0.0087386,0.0181333,0.0056417,0.009532,0.0276402,-0.0067919,11
2008-05-05,0.0051807,0.0020209,0.0054827,-0.0012865,0.0032285,-0.0036794,0.0025751,11
2008-05-06,0.0054988,0.0014766,0.0124318,0.0020748,-0.0005194,0.0146596,0.0168395,11
2008-05-07,-0.0101873,-0.013496,-0.0136596,0.0018351,-0.0019207,-0.0066437,-0.0074485,11
2008-05-08,0.0086716,-0.0026229,0.0014184,-0.0007667,-0.0009208,-0.0071254,0.0232376,11
2008-05-09,0.0132993,-0.0052486,-0.0092976,0.000581,-0.0032508,0.0098939,-0.0159161,11
2008-05-12,0.0029815,0.0193382,0.0180239,-0.0018822,0.0033893,0.0186278,0.0026976,11
2008-05-13,0.003898,0.0117037,0.0240755,0.0022058,0.0028752,0.0130115,0.006008,11
2008-05-14,0.0066364,0.0012665,0.0047268,-0.0003429,0.0016068,-0.0011591,-0.0004196,12
2008-05-15,0.0234572,0.0060376,0.0065097,-0.0008987,0.001602,0.0056029,0.0243727,12
2008-05-16,0.0008572,-0.002177,-0.0052545,0.0004794,4.84e-05,-0.0121759,0.0044075,12
2008-05-19,0.0140093,0.0056939,0.0262352,-0.0035987,-0.0004203,0.0183804,0.0033753,12
2008-05-20,-0.0260746,-0.0217816,-0.0253191,0.0014171,0.0021441,-0.0277284,-0.0189483,12
2008-05-21,-0.0091733,-0.0017438,-0.0073159,0.0047795,0.0011919,0.0001024,-0.0094094,12
2008-05-22,-0.000271,0.0022368,0.0195534,-0.0004753,0.0004277,0.0042495,0.0080798,12
2008-05-23,0.0108472,0.0014287,0.0093855,0.005825,0.0021244,0.0034278,0.004205,12
2008-05-26,-0.0123723,-0.0116187,-0.0083104,-0.0013719,0.0018003,-0.0158439,0.0018936,12
2008-05-27,-0.0146643,0.003027,-0.0056655,-0.0016558,-0.0062352,0.0044205,0.0064026,12
2008-05-28,-0.0065799,-0.0050834,0.0021741,0.0026594,-0.0084862,-0.0077861,-0.003749,12
2008-05-29,-0.0116441,-0.0074558,-0.0079611,0.0024143,-0.0003215,-0.0236449,-0.0101165,12
2008-05-30,-0.0028881,-0.0034174,0.0014115,0.004956,0.003965,0.0137088,-0.0044138,12
2008-06-02,-0.0172246,-0.0261052,-0.0195449,0.0007144,0.0012493,-0.0160077,-0.0009018,12
2008-06-03,-0.0089026,-0.0021458,-0.0100181,-0.0022656,-0.0002758,-0.0007149,0.0096415,12
2008-06-04,0.0111716,-0.0029293,0.0001793,-0.0025879,-0.0021302,0.0001369,-0.0022272,12
2008-06-05,-0.0065583,0.004496,0.0098083,0.0023236,0.004267,0.007153,0.0101829,12
2008-06-06,-0.006738,0.0007635,-0.0022579,-0.0029508,-0.0018113,-0.0068795,-0.0039097,12
2008-06-09,0.0209024,0.0147318,0.0176373,0.0009315,0.005558,0.0146426,0.0059517,12
2008-06-10,-0.0025103,0.0134462,0.0102477,0.0015345,-0.0092692,-0.0030742,0.0101291,12
2008-06-11,0.0140637,0.0054833,-0.0020886,0.0038221,0.007123,0.0053841,0.005,12
2008-06-12,0.0080427,-5.64e-05,-0.0077885,0.0019617,0.0017961,-0.0065476,-0.0107017,13
2008-06-13,0.0060227,0.0054654,-0.0012878,-4.95e-05,-0.001927,0.0126963,-0.0053426,13
2008-06-16,-0.0090652,-0.0257099,-0.0275997,-0.0010963,-0.0111588,-0.0211751,0.0043467,13
2008-06-17,-0.0105359,-0.0016243,-0.0118607,-0.0056525,-0.0055882,-0.014398,-0.0042658,13
2008-06-18,0.0016423,0.0164995,0.0140244,0.0038698,0.0043181,0.0172484,-0.0008096,13
2008-06-19,-0.0516016,-0.0283117,-0.0272216,0.0014207,0.000338,-0.0372482,-0.0115549,13
2008-06-20,-0.0079413,-0.0024169,-0.0008043,0.0048229,-0.0033327,-0.0038151,0.0075128,13
2008-06-23,-0.0046102,-0.0050823,-0.0170559,0.0006467,0.0012502,0.0044826,0.0003348,13
2008-06-24,-0.0019877,-0.0015418,0.0105011,0.0007875,-0.0065111,0.0104362,0.0008065,13
2008-06-25,0.0110868,0.0001506,0.0023006,-0.0020475,-0.0061994,-0.007073,0.0019606,13
2008-06-26,0.0068325,-0.00364,0.0094993,0.00303,-0.0026787,-0.0074342,-0.0048494,13
2008-06-27,0.006266,-0.0116778,-0.0082759,-0.0005204,-0.0034501,-0.0117283,-0.0126701,13
2008-06-30,0.0198367,0.0013519,0.0156777,0.0021461,-0.0013264,0.0029281,-0.0009231,13
2008-07-01,0.0124038,-0.0018354,0.0156821,0.0028993,-0.0013954,-0.0046109,0.0138555,13
2008-07-02,0.0126749,0.0141019,0.0180449,0.0036258,0.0118063,0.0160447,-0.0010057,13
2008-07-03,0.0111298,0.0011943,-0.000872,0.0027515,0.0094929,0.0064642,0.0063603,13
2008-07-04,-0.0157141,0.0042561,0.0081989,0.0044682,0.0025292,0.0101362,-0.0090749,13
2008-07-07,0.0062416,-0.0001946,0.002952,0.000116,0.0036929,-0.0013545,-0.0024929,13
2008-07-08,0.0253697,0.0105108,0.0123843,0.0027276,0.0008086,0.0010536,-0.0013493,13
2008-07-09,-0.0075124,-0.0037588,-0.0042272,-0.002048,-0.0022978,0.0069981,0.0065468,13
2008-07-10,0.0007834,0.0023829,0.006346,0.0041494,0.0028546,0.0027653,-0.0097293,13
2008-07-11,0.0123257,0.0039689,-0.0030503,0.0033672,0.0029827,0.020759,-0.0019757,14
2008-07-14,-0.0048541,0.0034088,0.0113941,0.0023617,0.0023602,-0.00093,0.0026465,14
2008-07-15,-0.0028197,0.0064426,-0.0032189,-0.0007251,0.0086459,-0.0088559,0.0024746,14
2008-07-16,-0.0014818,0.0003666,0.0016959,-0.0038402,0.0036974,0.0027537,0.0009443,14
2008-07-17,-0.0014911,-0.009241,0.0145564,-0.0044282,-0.0030533,-0.008438,0.0097251,14
2008-07-18,0.0126782,-0.0030988,-0.0031309,0.0005646,-0.0035957,-0.006508,0.0015063,14
2008-07-21,0.0068436,0.0139855,0.0223745,0.0003069,0.0016908,0.0184858,0.0048159,14
2008-07-22,0.0032453,-0.017757,-0.00472,0.0013106,-0.0045468,-0.0195667,-0.0194757,14
2008-07-23,0.0031571,0.0056336,-0.0052671,0.0021794,0.0020951,-0.0113604,0.0050118,14
2008-07-24,-0.0210308,-0.0002421,-0.0031069,0.0010071,0.0024897,0.0044424,-0.0069745,14
2008-07-25,0.0039936,0.0047893,0.0013592,0.0029977,0.0023036,0.0144266,0.0035583,14
2008-07-28,-0.0155701,-0.0182659,-0.017331,-0.0010031,0.0031306,-0.0157341,-0.0185842,14
2008-07-29,0.0061497,0.0082564,0.0129347,0.0051734,-0.0004514,-0.004301,0.0012923,14
2008-07-30,-0.0060105,0.0029042,0.0060742,0.0036976,0.0012949,-0.0121813,0.0044513,14
2008-07-31,0.0226881,0.007047,0.0132154,0.0022503,0.0032009,-0.0085085,-0.0054811,14
2008-08-01,0.003128,0.0054951,0.0171852,0.0043272,-0.0016909,0.0094592,-0.0005668,14
2008-08-04,-0.0126148,0.0002562,0.010098,-0.0020786,0.0011463,0.0052737,0.0110646,14
2008-08-05,0.0106156,0.0027557,-0.0036625,-0.0028865,-0.0064547,-0.0041347,0.0050542,14
2008-08-06,-0.0011185,-0.0016795,-0.0166252,0.0002194,-0.0007256,0.0115352,0.0020078,14
2008-08-07,0.0088138,-0.0080182,-0.0173144,-0.00087,0.0017315,-0.0034043,-0.0056517,14
2008-08-08,0.0038723,0.003822,0.001463,-0.002852,-0.0016312,0.0082384,0.0051099,14
2008-08-11,0.0014726,0.0049659,0.0018622,0.0019308,0.0021785,0.0087594,0.0026991,15
2008-08-12,0.0085106,0.0039759,0.0173312,0.0042937,0.0007048,0.0146934,0.0097024,15
2008-08-13,-0.0075135,0.0021212,-0.0031726,-0.004528,-0.0043581,0.000521,-0.0057445,15
2008-08-14,0.004363,0.0060372,-0.0014824,-0.0016722,0.0009311,0.0011961,-0.0118628,15
2008-08-15,0.0124783,-0.0033076,-0.001832,0.0032598,-0.0008356,-0.0056173,-0.008907,15
2008-08-18,-0.0288265,-0.01018,-0.0192091,0.0051938,0.0021456,0.0001917,-0.0025061,15
2008-08-19,0.009043,0.0107624,0.0072081,0.0012216,0.0001192,0.01141,0.0127535,15
2008-08-20,-0.0045841,-0.0045459,-0.0037833,-0.0027805,3.7e-05,-0.0054524,0.0018486,15
2008-08-21,0.0047057,-0.0012689,0.0057615,0.0032455,0.0055513,0.0073731,-0.0163228,15
2008-08-22,-0.0061982,0.0056309,-0.0022266,-0.0037676,0.0006037,-0.0035418,-0.006699,15
2008-08-25,-0.0088813,0.0117806,0.0037187,-0.0021933,0.0025757,0.0026291,0.0066479,15
2008-08-26,0.0225763,0.0072388,0.0262424,-0.0044403,-0.0033832,0.0103578,0.0061729,15
2008-08-27,0.0149806,0.0092795,0.0055428,-0.0017482,0.0042864,0.014085,0.0210224,15
2008-08-28,-0.0192316,-0.0067716,-0.0039211,0.0016083,0.0011198,-0.0018343,-0.0145024,15
2008-08-29,-0.0076601,-0.0069871,-0.0221853,0.0027889,0.0026113,0.0031591,0.0081858,15
2008-09-01,-0.0042214,-0.0127148,-0.0151811,0.0022697,0.0050225,0.0045171,-0.0107895,15
2008-09-02,0.0131472,0.0067599,0.0171849,-0.0017513,-0.0058272,-0.001023,0.0221701,15
2008-09-03,-0.0121268,-0.0084371,-0.003849,0.0021108,-0.0015204,-0.0106867,-0.0039096,15
2008-09-04,0.0019315,0.0011337,-0.0118736,0.0030323,0.0022031,-0.0012753,-0.0044754,15
2008-09-05,0.0009955,-0.0020582,-0.0154341,0.0029547,0.0035457,-0.0004698,-0.0151021,15
2008-09-08,0.0123909,0.002786,0.0031417,-0.0005111,-0.0002185,0.006322,0.0090681,15
2008-09-09,0.0295216,0.0020091,0.0179979,-0.0063503,-0.0068146,0.002297,-0.0070417,16
2008-09-10,0.0270679,0.0120606,0.0288464,0.0037856,0.0086438,0.0065849,0.0095699,16
2008-09-11,0.0134369,0.0218715,0.0231911,0.0033419,0.0027579,0.0258484,0.0083274,16
2008-09-12,-8.35e-05,-0.0056713,-0.0022072,0.0077508,0.0079381,-0.0021964,0.000651,16
2008-09-15,0.0256024,0.0134771,0.0237956,-0.0025891,-0.0020587,0.0186526,0.0284976,16
2008-09-16,0.0050952,-0.003715,-0.0028526,-0.0029329,0.0019794,0.0079682,0.0134647,16
2008-09-17,0.010309,0.0069213,-0.0012936,-0.0014111,0.0035074,0.0018879,0.0051387,16
2008-09-18,-0.0144518,0.0029201,-0.0074061,-0.0010335,0.0016065,-0.0124602,-0.0009961,16
2008-09-19,0.0057442,-0.002527,0.0057459,-0.0014753,-0.0048695,-0.0046101,0.0027195,16
2008-09-22,0.0054475,0.003724,0.0040888,0.0004594,0.0062887,-0.0005954,0.008157,16
2008-09-23,0.0103985,0.0022321,0.0067985,0.0031566,-0.0014528,0.0210771,0.0070383,16
2008-09-24,-0.0073163,0.002071,-0.0041138,-0.0032931,-0.0028846,0.0015496,-0.0156174,16
2008-09-25,0.005155,0.0176037,0.0172038,0.0001542,-0.0008839,0.0237638,0.0017721,16
2008-09-26,-0.0018114,-0.0052111,0.0115843,0.0003082,0.0023145,0.0014277,0.0157854,16
2008-09-29,-0.0037122,-0.0162394,-0.0224277,-0.0020566,-0.0041564,-0.0226926,-0.0122193,16
2008-09-30,0.0116537,-0.008007,-0.016357,-0.0042995,-0.0010377,-0.0083791,0.000302,16
2008-10-01,-0.0035885,0.008567,0.0069274,0.0003509,0.001548,4.31e-05,-0.0003141,16
2008-10-02,0.0190806,0.0073788,0.0140083,-0.0033425,0.0025534,0.0051218,-0.0059718,16
2008-10-03,-0.0017172,0.0069631,0.0081841,-0.000489,0.0015708,-0.0015342,0.0003522,16
2008-10-06,0.0130153,-0.0001269,0.0187193,0.0024368,0.0054225,-0.0032165,-0.0104576,16
2008-10-07,-0.018993,-0.0114027,-0.0071574,0.0042191,0.0026722,-0.0078438,0.0098002,16
2008-10-08,0.0083684,0.014001,0.0046487,-0.000834,-0.0056111,0.0116479,5.43e-05,17
2008-10-09,-0.0143844,0.0054623,0.005134,0.0002365,-0.0013924,0.0020327,-0.0066466,17
2008-10-10,-0.0068494,-0.0092881,-0.0257957,0.0018177,0.0097723,-0.0179501,-0.0160621,17
2008-10-13,0.0133688,0.005123,0.0178236,-0.0002574,-0.0020349,0.01514,0.0093228,17
2008-10-14,-0.0034888,-0.0042398,-0.0062128,-0.005132,-0.0054095,0.0016316,-0.0003901,17
2008-10-15,-0.0082315,-0.003829,-0.0118099,-0.0053815,9.3e-05,-0.0053541,0.0026161,17
2008-10-16,-0.0040057,0.0062924,-0.0178548,0.001704,0.0003005,0.0068601,-0.0032183,17
2008-10-17,-0.0178672,0.0006392,0.0014859,-0.003986,-0.0054493,0.0043211,-0.0206707,17
2008-10-20,0.0020069,0.0024512,0.0156141,0.0018622,0.005131,0.0014132,-0.0213405,17
2008-10-21,0.011656,0.0155195,0.024539,9.02e-05,0.0073622,0.0019421,0.0139716,17
2008-10-22,-0.000442,0.0046332,0.0028874,-0.0026814,-0.0052394,-0.0069595,0.0101433,17
2008-10-23,-0.0038185,-0.0052316,-0.0045504,-0.0036603,0.0020243,0.0096956,0.0017686,17
2008-10-24,-0.0046102,-0.007033,0.0048627,0.0009746,0.0027574,0.0022913,0.0166616,17
2008-10-27,-0.0045886,0.0073881,0.0011862,-7.74e-05,-0.0034847,-5.23e-05,0.0042431,17
2008-10-28,0.0184037,0.0191588,0.0323021,-0.0044734,0.0050902,0.0246095,-0.0001305,17
2008-10-29,0.0093474,-0.0090038,-0.0122382,0.0032178,0.0012142,0.0048971,-0.0109348,17
2008-10-30,0.0077217,0.016063,0.0027708,-0.0030546,-0.0005221,-0.0040342,0.0144661,17
2008-10-31,-0.0061143,-0.0127669,-0.0213951,0.004429,0.0010367,0.0031077,-0.0057035,17
2008-11-03,0.0103181,0.0047892,0.0096168,0.0010627,0.0084601,0.0022683,0.0166591,17
2008-11-04,0.0055004,0.0091032,0.0061273,-0.0006472,-0.001444,-0.0029049,0.0065502,17
2008-11-05,-0.0011333,-0.0044598,-0.0212821,-0.001062,-0.0044125,0.0062978,0.0119432,17
2008-11-06,-0.0062205,-0.0090003,-0.0101945,0.0054825,-0.0004384,-0.0062724,0.0098986,18
2008-11-07,-0.0053391,-0.0125635,-0.0104388,-0.0047132,-0.0049544,-0.0154496,0.0142549,18
2008-11-10,-0.0125762,-0.0081766,-0.0005194,-0.0066975,-0.004647,-0.0029579,-0.0096463,18
2008-11-11,-0.0139092,0.0053602,-0.0020964,-0.0031141,-0.0033626,-0.0120468,-0.0049718,18
2008-11-12,0.0015972,0.0062454,0.0145397,-0.0035049,-0.0079503,0.0209941,0.0041105,18
2008-11-13,0.0036275,0.0006305,-0.0010008,-0.0041393,-0.000569,-0.0011277,0.0052116,18
2008-11-14,0.0065892,0.0011546,0.0020592,-0.0040047,-0.0006909,0.0010985,0.0113527,18
2008-11-17,-0.0124934,-0.0053308,-0.0106832,-0.003221,0.0008084,-0.0086987,-0.0029474,18
2008-11-18,-0.0040196,0.0015312,-0.0032024,0.0003459,0.0015771,-0.0186515,-0.0064594,18
2008-11-19,0.0048683,-0.003674,0.0119329,-0.0014602,0.0058854,0.0023184,-0.0005001,18
2008-11-20,0.0024443,-0.0003805,0.01312,0.0037124,0.0023173,-0.0039628,-5.2e-05,18
2008-11-21,0.0087952,0.0056682,0.0152532,-0.0011816,-0.0001207,0.0089794,0.0025519,18
2008-11-24,-0.019665,-0.0112177,-0.0122838,0.0025274,0.0010062,-0.0093606,-0.0068791,18
2008-11-25,0.0139684,0.0105863,0.0201791,-0.0028751,-0.0050692,0.0148825,0.0079411,18
2008-11-26,-0.0065377,-0.0159215,-0.0166962,-0.0042049,-0.0057544,-0.0228816,-0.0035672,18
2008-11-27,-0.0099769,-0.0044043,-0.0027357,0.0009299,-0.0076749,-0.0023245,0.0041692,18
2008-11-28,-0.0145351,-0.0153737,-0.0170061,-0.0025525,-0.0044014,-0.012032,0.0050641,18
2008-12-01,0.0280717,0.0116039,0.0257936,-0.0027733,-0.0056684,0.0114122,0.0140959,18
2008-12-02,0.0124199,0.005776,0.0052908,-0.0011738,0.0043197,0.0086341,0.0098859,18
2008-12-03,-0.0007178,-0.0094762,-0.0110303,-0.0059726,-0.0101895,-0.0140091,-0.0010977,18
2008-12-04,0.0027556,-0.0160558,-0.0098333,-0.0001624,-0.0014493,-0.0134405,-0.0217206,18
2008-12-05,-0.0017582,-0.0007046,-0.0027958,-0.0012996,0.0017169,-0.0100934,0.0092305,19
2008-12-08,-0.0057372,-0.0088508,-0.009152,-0.0004256,-0.0013055,-0.003407,-8.57e-05,19
2008-12-09,-0.0022027,-0.0004991,0.0046303,0.0074935,0.0055722,0.003979,0.0032554,19
2008-12-10,0.0111723,0.0008182,0.0058478,-0.0026788,3.56e-05,-0.0118087,0.0089689,19
2008-12-11,-0.0036294,-0.0019946,0.0030774,-0.0023083,-0.0028919,-0.0106055,0.0018691,19
2008-12-12,0.0005064,-0.0050588,-0.0218897,-0.0033847,-0.0066902,0.0040964,-0.0064624,19
2008-12-15,-0.0035409,0.0005416,-0.0024314,0.0015421,-0.0037629,-0.0089465,-0.0035605,19
2008-12-16,-0.0054611,0.0034328,-0.0099959,-0.002827,0.0005192,0.0016914,0.0122561,19
2008-12-17,0.0195337,0.0181165,0.0174278,-0.0040764,0.0012722,0.026743,-0.001329,19
2008-12-18,0.0001274,0.00858,0.0160358,-0.0019204,-0.0014685,-0.0074076,0.014435,19
2008-12-19,0.0136553,0.0196997,0.0210921,-0.0037136,0.0014656,0.0301692,0.0049593,19
2008-12-22,0.0032585,0.0224636,0.0074717,0.0020861,-0.0024494,0.0118869,-0.0020808,19
2008-12-23,0.0061943,-0.0125999,-0.0048715,-0.0064824,-0.008398,0.0035911,-0.0016631,19
2008-12-24,0.0077176,0.00946,0.0044595,-0.0022278,-0.0022081,0.0095432,-0.0003071,19
2008-12-25,-0.0107267,0.0032001,-0.0023108,-0.0031791,-0.0011766,-0.0038988,0.011849,19
2008-12-26,0.0034045,0.0014189,-0.0029839,-0.0035813,0.0001,-0.0042198,0.0056,19
2008-12-29,0.0105714,0.007364,-0.0040507,-0.0062921,-0.0069577,0.0120624,0.0060108,19
2008-12-30,-0.0091862,-0.0176275,-0.0032181,0.0034876,0.0096028,-0.0090252,-0.0110973,19
2008-12-31,0.016299,0.0145337,0.0268192,0.0016372,0.0014993,0.0154846,-0.012429,19
2009-01-01,0.0171252,0.0173392,0.0270733,0.0043618,0.0040246,0.0179553,0.0148049,19
2009-01-02,0.0112977,-0.0014903,0.0151917,-0.0007116,0.0028708,0.0081717,0.0103412,19
2009-01-05,0.0057416,0.0086476,0.0054479,0.0041613,-0.0013122,0.0018366,-0.010169,20
2009-01-06,-0.0100308,-0.0081578,-0.0022213,-0.0024279,-0.0038455,-0.0184847,0.0189263,20
2009-01-07,-0.0047886,0.0063962,0.0123309,0.0036731,0.0043247,0.0052207,0.0037464,20
2009-01-08,-0.0013667,0.0021681,0.0023516,-0.0017567,-0.0003382,-0.0095615,-0.0033273,20
2009-01-09,0.0111791,0.0235624,0.0272668,-0.0005903,0.0037577,0.0299324,0.0086233,20
2009-01-12,0.0097231,-0.0074685,0.0094552,0.0008236,-0.0028932,-0.0067224,-0.0097707,20
2009-01-13,0.0088268,0.0150444,0.0145915,0.0004089,0.0049992,0.0183458,0.0003803,20
2009-01-14,0.0257321,0.0065338,0.0137134,-0.0033121,0.000809,0.0041454,0.0173242,20
2009-01-15,0.0018844,0.0100786,0.015463,-0.0032828,-0.0011441,0.0153935,0.0044931,20
2009-01-16,0.0113171,0.0070017,0.0051261,0.000851,0.000915,0.0148567,0.0115667,20
2009-01-19,-0.0006638,0.0058644,0.0117616,-0.0030769,0.0026699,-0.0097682,0.0042973,20
2009-01-20,-0.0049377,-0.0120244,-0.0102231,0.0022717,-0.0031397,-0.0096658,0.003931,20
2009-01-21,0.0095147,0.0124407,0.0151669,-0.0022638,0.0045005,-0.0033343,0.0019491,20
2009-01-22,0.0068319,0.0011331,-0.0071334,0.0005568,-0.0053843,0.000184,-0.0067482,20
2009-01-23,-0.0060349,-0.0118755,-0.0055622,0.0013945,-0.001687,-0.0134823,-0.0066181,20
2009-01-26,0.0020518,-0.0005122,0.0082131,-0.0012924,-0.0010136,0.0060174,-0.0046508,20
2009-01-27,-0.0122762,-0.0094978,-0.0112065,0.0042331,-0.002006,0.0011979,0.0001034,20
2009-01-28,0.0058062,0.0019051,-0.0020912,0.0051245,0.0010861,0.006828,-0.0050343,20
2009-01-29,0.0036215,-0.0037355,-0.0006899,0.0004145,-0.0016239,0.0075816,0.0183118,20
2009-01-30,-0.0152107,0.0051874,-0.0252171,-0.004366,2.6e-05,-0.0047222,-0.0103227,20
2009-02-02,-0.0036847,-0.0041879,0.0022462,0.0013907,0.0003379,0.0028901,-0.0120395,20
2009-02-03,0.0101565,0.0030581,0.0046035,0.0028125,0.0065686,0.001033,0.0091483,21
2009-02-04,0.0103434,0.0086882,0.0250496,0.0041857,0.0029823,0.0076314,-0.0138915,21
2009-02-05,0.0034497,0.0217128,0.0276734,-0.0059437,-0.0063222,0.007364,-0.002914,21
2009-02-06,-0.0053081,0.0120264,0.011517,0.0016866,-0.0023291,0.012316,-0.0107365,21
2009-02-09,-0.0079627,-0.0047951,-0.0085029,-0.0052571,-0.0049244,-0.0127812,0.0071988,21
2009-02-10,-0.0049351,-0.0055405,-0.0076237,-0.0003889,0.0007018,-0.0012173,-0.01586,21
2009-02-11,-0.0008749,0.008158,0.0035292,0.0008699,0.0013426,0.0173856,0.0033998,21
2009-02-12,0.0278948,0.0183221,0.0280913,-0.0015432,0.0043368,0.0328233,0.0088637,21
2009-02-13,-0.0050018,0.0027312,0.0112869,0.0025565,0.0015487,0.0136733,0.0101779,21
2009-02-16,-0.014804,-0.0129781,-0.0094521,0.0052627,-0.0006236,-0.0150785,0.0001407,21
2009-02-17,0.0026977,-0.0102662,-0.016205,0.003094,-0.0021005,-0.0041905,-0.0142081,21
2009-02-18,0.0075652,0.0060491,-0.0015403,-0.0036565,-0.0034187,0.0198893,-0.0238716,21
2009-02-19,0.0071046,-0.0114106,-0.0030825,-0.0003082,-0.0002534,-0.0087993,0.0039296,21
2009-02-20,-0.0015875,0.001219,0.0025038,-0.0003484,8.1e-06,0.0092762,-0.0030583,21
2009-02-23,-0.0133054,-0.0082855,-0.0074611,0.0068563,0.0024751,-0.0142995,-0.0287863,21
2009-02-24,0.0053104,0.0134243,0.0046658,-0.0015749,-0.0015254,-0.0028676,0.0037167,21
2009-02-25,-0.0007546,-0.0013975,-0.0024758,-0.00505,0.0003604,0.0038803,0.0034065,21
2009-02-26,0.0221753,0.0064854,0.0171661,0.0038384,0.0006604,0.0212661,0.010945,21
2009-02-27,-0.0025711,0.0044587,0.0079455,0.0036401,0.0044206,0.0001583,-0.0073159,21
2009-03-02,0.0131099,0.0130039,0.0201519,0.0042908,0.0028718,0.0174623,0.0182953,21
2009-03-03,-0.0034252,0.0017476,-0.003966,0.0028703,0.0056198,-0.0113845,-0.0128147,21
2009-03-04,0.0119317,0.0167637,0.0131341,0.0005795,0.001023,0.0156169,0.0037326,22
2009-03-05,0.0183147,-7.54e-05,0.0110191,-0.000991,-0.0054535,0.0018973,-0.0015662,22
2009-03-06,0.0135295,-0.0004258,-0.0017954,0.0034417,0.0040194,0.0065553,0.0165833,22
2009-03-09,0.0218986,0.0171807,0.0253108,-0.0026095,0.0035174,0.0219292,0.0317613,22
2009-03-10,-0.0111538,-0.0114499,-0.0266428,-0.0011603,0.0010759,-0.004085,0.0060746,22
2009-03-11,-0.0016523,-0.0053645,-0.0020903,0.0023885,9.96e-05,-0.0164447,-0.0282662,22
2009-03-12,-0.0229361,-0.0082594,-0.0164851,0.0029043,0.0028993,-0.0100247,0.0042871,22
2009-03-13,0.0212249,0.0204732,0.020983,-0.0020658,-8.94e-05,0.0089086,0.0062176,22
2009-03-16,-0.0009561,-0.0049616,0.0129877,0.0002871,-0.005746,-0.0039856,0.0115514,22
2009-03-17,-0.0067441,-0.0142727,-0.0246195,0.0014698,-0.0022204,-0.0137227,0.0081951,22
2009-03-18,-0.0150285,-0.013028,-0.0176189,0.0016952,0.0018683,-0.0060705,-0.0057027,22
2009-03-19,0.0108238,0.0017607,0.0045153,-0.0023566,0.0010101,-0.0042343,-0.0009626,22
2009-03-20,-0.0108015,0.0041356,-0.0067474,0.0032122,0.0021132,-0.001998,0.0051091,22
2009-03-23,0.0118062,-0.0058676,-0.0008801,0.0002096,0.0020226,0.0058492,-0.0044457,22
2009-03-24,-0.0287791,-0.0139637,-0.0127877,0.0020636,0.0019936,0.0018001,-0.0043641,22
2009-03-25,0.0192021,-7.82e-05,0.0176712,0.0038199,0.0039507,0.0170886,0.0140449,22
2009-03-26,0.0096715,0.0029905,-0.0019031,0.0002889,0.0048841,-0.0097017,0.0024344,22
2009-03-27,0.0144342,-0.0003453,0.0002982,0.0027514,0.0038901,0.0006958,-0.0077815,22
2009-03-30,0.0052305,-0.0092239,-0.008132,0.0013798,0.0030465,-0.0169326,0.0004853,22
2009-03-31,0.0030291,0.0054245,-0.0019761,0.005425,0.0083968,0.014809,-0.0049088,22
2009-04-01,-0.0161531,-0.0041198,-0.0256378,0.0017514,0.0057716,-0.0198952,-0.0020322,22
2009-04-02,0.0163287,-0.0080163,0.0100224,0.0035833,-0.0020147,0.0006249,0.0212838,23
2009-04-03,0.0039306,-0.0028619,0.0055455,0.0003563,0.0032754,0.0014136,0.0018518,23
2009-04-06,-0.0113254,-0.0175338,-0.0201402,0.0013864,-0.0035268,-0.0121171,-0.0009407,23
2009-04-07,0.017345,-0.0052305,0.0115632,-0.0026827,-0.0016829,0.0034732,0.0157122,23
2009-04-08,-0.0073637,-0.0038454,-0.0020323,-0.0029896,-0.0016854,-0.0077571,-0.0048568,23
2009-04-09,-0.0285021,-0.0081335,-0.0171802,0.001383,0.004007,-0.0002563,-0.0124456,23
2009-04-10,-0.0155033,-0.0158755,-0.0157694,0.0024524,-0.0054197,-0.0094751,0.0073178,23
2009-04-13,0.0075161,-0.0016223,0.0076243,0.0064306,0.0050559,-0.0011963,-0.0001702,23
2009-04-14,-0.0068862,-0.0064388,-0.0030928,0.0013717,-0.0025589,-0.0120205,-0.0003958,23
2009-04-15,-0.0139285,-0.0030049,-0.0079182,-0.0015529,-0.0002493,0.0025794,-0.0120021,23
2009-04-16,0.0042394,-0.0001647,0.0189905,-0.0033822,0.0007523,-0.0065791,0.0100623,23
2009-04-17,0.0024771,-0.0038493,0.0049923,-0.0018489,-0.0028757,-0.0020114,-0.0004793,23
2009-04-20,-0.0109912,0.00537,-0.0051978,-0.0041124,-0.0032897,-0.0170543,-0.0024093,23
2009-04-21,0.0020275,0.003943,-0.0130526,-0.0003584,-0.0042786,-8.16e-05,-0.0087281,23
2009-04-22,0.0089048,-0.0003663,0.0014347,0.002113,0.0014544,0.0119035,-0.0004474,23
2009-04-23,-0.0154387,-0.0161172,-0.0153014,-0.0002081,-0.0023237,0.0026857,0.0179926,23
2009-04-24,0.0086855,-0.0015541,0.0008126,-0.0022135,-0.007403,-0.0111516,-0.006757,23
2009-04-27,-0.0084833,-0.0067307,-0.0014151,-0.0018743,-0.0015378,-0.0105958,0.0018381,23
2009-04-28,0.0181544,0.0067329,-0.0040036,0.0002511,0.0047718,0.0094604,-0.0091466,23
2009-04-29,-0.0239996,-0.0082397,-0.0087874,-0.0076886,-0.0094292,-0.0249536,-0.0139052,23
2009-04-30,0.0133449,0.0024067,0.0135866,0.0029156,-3.51e-05,0.0050242,0.0056033,23
2009-05-01,-0.0079976,-0.0018302,-0.0127715,-0.0070157,0.0019024,-0.0104417,-0.0068749,24
2009-05-04,-0.0141313,-0.0101876,-0.0213642,0.0051625,0.0020114,-0.0015751,0.007348,24
2009-05-05,0.0074823,-0.0104934,0.0075187,0.0005299,0.0027067,-0.0008379,0.0163412,24
2009-05-06,0.0024359,0.0019848,0.0133704,0.0027378,0.0049415,0.0031836,0.0106507,24
2009-05-07,-0.0232457,-0.0263146,-0.0274184,0.001888,-0.0004465,-0.0194051,-0.0155247,24
2009-05-08,-0.0060339,-0.0026387,-0.0019737,0.0048141,0.0058492,-0.0002733,-0.0164898,24
2009-05-11,0.0016625,-0.0036744,-0.0016319,0.0038553,0.0045986,0.00431,0.0020353,24
2009-05-12,0.0099726,0.0083707,0.0071433,-0.0020458,-0.00371,0.0102918,0.0110098,24
2009-05-13,-0.0178604,-0.0205409,-0.0072167,0.0020676,-0.0016098,-0.00998,-0.0086373,24
2009-05-14,-0.0050848,0.0019465,-0.012439,-0.002456,0.0029791,0.011325,0.0047579,24
2009-05-15,0.0096071,0.0041712,0.015137,-0.0027706,-0.003854,0.0023231,0.0036891,24
2009-05-18,0.0186502,0.0134897,0.0045731,-0.0041156,-0.0019376,0.0156225,0.0011805,24
2009-05-19,0.0033475,0.0024028,0.0044822,-0.004088,0.0019685,-0.0169024,-0.008302,24
2009-05-20,-0.0022067,-0.0010325,0.0059432,0.0053248,0.0022114,0.0190568,-0.0016728,24
2009-05-21,0.0278965,0.0100681,0.0197617,-0.0008278,0.0006418,0.025276,-0.0010671,24
2009-05-22,-0.0084235,-0.0112756,-0.0056121,-0.0042193,-0.0046879,-0.0105984,-0.0096547,24
2009-05-25,-0.0275424,-0.0221303,-0.0250234,-0.0002387,-0.001549,-0.0159936,-0.0068358,24
2009-05-26,-0.0090559,-0.0070889,-0.0160355,-0.004001,-0.0021786,0.0038221,-0.0034592,24
2009-05-27,-0.000882,-0.0006837,0.0001419,0.003535,0.0055716,-0.0011003,-0.0027669,24
2009-05-28,-0.0051381,0.0023645,-0.0030347,-0.0015169,0.0025799,0.0033289,-0.0162789,24
2009-05-29,-0.0066792,0.0021032,0.0125049,-0.0049722,-0.0051496,-0.0095099,0.0036886,24
2009-06-01,0.0181036,-0.0011652,0.0075809,0.0014266,0.0006403,0.0065744,-0.0071911,25
2009-06-02,-0.0083202,0.0045114,-0.0062113,0.0039772,-0.0033717,0.0028773,0.0017093,25
2009-06-03,0.0063002,-0.0063348,0.0070216,0.0024308,0.0054267,-0.0101316,-0.0009748,25
2009-06-04,-0.0052989,0.0017845,0.0047427,0.0079518,0.0089021,0.0186207,0.0102935,25
2009-06-05,0.0022682,-0.004184,0.0064559,-5.65e-05,-0.0024378,-0.010637,-0.0136375,25
2009-06-08,-0.0031518,-0.0129001,0.0022189,0.0032638,0.0076329,0.001968,0.0092332,25
2009-06-09,0.014241,0.0194698,0.0239282,0.0025334,0.0061675,0.0082398,-0.0060388,25
2009-06-10,0.0293678,0.0194942,0.0242654,-0.0024758,0.0005301,0.019973,0.0134295,25
2009-06-11,-0.0175389,0.0001844,0.0060437,-0.0012171,-0.0010257,0.0013768,-0.0065751,25
2009-06-12,-0.0038134,-0.0008467,-0.0013573,-0.0009895,-0.0033189,0.0021173,0.0125407,25
2009-06-15,-0.0066442,-0.0125101,-0.0006329,-0.000741,0.0032004,-0.0121803,-0.0015231,25
2009-06-16,0.0063984,-0.0045745,-0.0074163,0.0042872,0.0005969,-0.0009517,0.0110094,25
2009-06-17,0.007757,0.002019,-0.0037637,0.0013451,-0.001541,0.011251,0.0148715,25
2009-06-18,-0.0179306,-0.0031456,-0.0096166,0.0047682,0.0141866,0.0168347,0.0048751,25
2009-06-19,0.0046875,0.0128443,0.0099814,-0.002914,0.0022752,0.0019281,0.0086644,25
2009-06-22,-0.001771,-0.0114458,-0.0082412,0.0007881,-0.0009549,-0.0060595,-0.0159648,25
2009-06-23,-0.0146009,0.0018325,-0.0010245,0.0017179,0.0003531,0.0024272,-0.0044549,25
2009-06-24,-0.0015715,-0.006825,0.0023386,0.0010637,0.0006634,-0.0156005,0.0041653,25
2009-06-25,-0.001586,0.0019746,0.0006172,0.0003781,-0.001312,-0.0027008,-0.0163109,25
2009-06-26,-0.0009956,0.0062075,-0.009346,-0.0062356,1.95e-05,-0.0079063,-0.0008715,25
2009-06-29,-0.0119062,0.0051151,-0.0070169,0.0024994,0.0002922,0.005052,0.0003497,25
2009-06-30,-0.0053845,-0.0044925,-0.019936,0.0012117,0.0021347,0.0005318,-0.0056653,26
2009-07-01,0.0146085,0.0110323,0.0137452,0.0001523,0.0015538,0.004344,0.0087291,26
2009-07-02,-9.43e-05,-0.0017587,0.0013153,0.0016918,-0.0026203,-0.0057452,0.0020732,26
2009-07-03,0.0145878,0.0075484,0.0006169,0.0019274,0.0008114,0.0033655,-0.0142942,26
2009-07-06,-0.0129628,-0.0100684,0.0006481,0.0033577,-0.0004438,0.007363,0.0030402,26
2009-07-07,-0.0081739,-0.0090327,0.0054359,0.0008691,-0.0020388,0.003332,-0.0020399,26
2009-07-08,-0.0093983,-0.0027513,-0.0149633,0.0048513,0.0030472,-0.0082336,0.0022113,26
2009-07-09,0.0033696,0.0121897,0.0073132,-0.0064179,-0.0048587,-0.0010462,-0.0040195,26
2009-07-10,0.013547,-0.0030854,0.005707,-0.000132,-0.0026335,0.0095627,0.0038372,26
2009-07-13,-0.0042984,0.004291,0.008433,0.0012627,0.000918,-0.0003111,-0.0039178,26
2009-07-14,-0.0092357,-0.0040021,0.0017804,-0.0016917,-0.0029911,-0.0064852,0.0053504,26
2009-07-15,-0.0035715,0.0096517,0.0053526,0.0046907,0.0049542,-0.003166,-0.0099298,26
2009-07-16,0.0089699,0.0098356,0.0084016,-0.0025284,0.0006316,-0.0021372,0.0025371,26
2009-07-17,0.0095245,0.0122335,0.0181971,-0.003813,-0.0017278,0.0118301,-0.0073294,26
2009-07-20,0.0032285,-0.0069585,-0.0061683,0.0027052,-0.0016495,0.0001186,0.0010802,26
2009-07-21,0.0003054,-0.0039059,-0.0159441,0.0026007,0.0003717,-0.0078451,0.0044794,26
2009-07-22,0.002003,0.0151328,0.0032681,-0.0013704,-0.003764,0.0034874,0.0067098,26
2009-07-23,-0.0067979,-0.0065218,-0.0057468,-0.0039103,-0.0066735,-0.0116169,-0.0089913,26
2009-07-24,-0.0234877,-0.010775,-0.0042219,0.0017162,-0.003469,-0.0218399,0.0001917,26
2009-07-27,0.0183482,0.0180268,0.0219402,0.0069043,0.0069791,0.0166816,-0.0130762,26
2009-07-28,-0.0128631,-0.0013165,-0.0060143,0.0037637,0.0035773,-0.0028586,-0.0102885,26
2009-07-29,-0.0261994,-0.0203859,-0.0177934,0.0056062,-0.0026182,0.001566,0.0042584,27
2009-07-30,-0.0022147,0.0070219,-0.0042099,0.0032688,-0.0001323,-0.0016088,-0.0046794,27
2009-07-31,0.0036356,-0.0129989,-0.0146947,0.0007457,0.0004232,0.0144475,0.0003127,27
2009-08-03,-0.0007073,0.0014553,-0.0040569,-0.0006256,-0.0020288,-0.011364,-0.0113757,27
2009-08-04,-0.0280555,-0.0061598,-0.0215673,0.0057971,0.0049321,-0.0047445,-0.0137523,27
2009-08-05,0.0018674,-0.0028148,-0.0062704,-0.0009125,0.0012079,-0.0004884,0.0177848,27
2009-08-06,-0.0130171,-0.0009455,0.0102094,0.0080092,0.0044994,0.0086109,0.0090881,27
2009-08-07,0.0063158,-0.005713,0.002579,0.0040221,-0.0017707,-0.0151123,-0.003164,27
2009-08-10,0.018588,0.0067218,0.0163465,-0.0038277,-0.0057844,0.0229878,-0.0057582,27
2009-08-11,-0.0128963,0.0034759,-0.0002059,-0.0023427,-0.000386,-0.0016509,-0.004108,27
2009-08-12,0.0162273,0.018631,0.0255453,0.0053402,-0.0033719,0.0187774,-0.000898,27
2009-08-13,0.002045,0.001555,0.0028522,-0.0021566,-0.0015266,0.0109965,0.011523,27
2009-08-14,0.000334,0.0065081,0.0067685,0.00095,-0.0033754,0.0203197,-0.0135574,27
2009-08-17,0.0196833,0.0099133,-0.0024123,-0.0034473,-0.0024376,0.0148329,-0.0034697,27
2009-08-18,-0.0072595,0.0084426,0.0048767,-0.0002349,-0.0007218,-0.0042506,-0.0015313,27
2009-08-19,-0.0111405,0.0030265,-0.0107445,0.0008558,-0.0013432,-0.0042141,-0.0029361,27
2009-08-20,0.0053065,-0.0049749,-0.0072681,0.000636,0.0021697,-0.001073,-0.0003541,27
2009-08-21,0.0067599,-0.0111548,0.0057337,-0.0028491,-0.0026632,0.0156093,0.0018872,27
2009-08-24,-0.0143929,0.001316,0.0077801,0.0044611,0.001582,-0.0007299,0.003749,27
2009-08-25,-0.0063861,-0.0005594,0.0021169,-0.0005179,0.002293,0.0092576,-0.0025889,27
2009-08-26,0.0116016,0.0019101,0.015211,-0.0004291,-0.0003437,0.0100767,0.0256393,27
2009-08-27,-0.0015405,0.0107867,0.0069065,-0.0011904,0.0024459,-0.0023496,-0.0133373,28
2009-08-28,0.0163779,1.27e-05,0.0061757,0.0016877,0.0041365,0.0116797,0.0104711,28
2009-08-31,0.0115895,0.0002883,0.0109685,0.0045676,0.0026958,0.0038536,0.0018178,28
2009-09-01,0.0065975,0.01302,0.0203588,0.0022611,0.0068098,0.0283772,0.0082484,28
2009-09-02,0.0019322,0.0011258,-0.007754,0.002125,-0.0064406,0.0010601,-0.0115932,28
2009-09-03,0.0095388,0.0026438,0.0017188,-0.0054882,-0.004027,-0.0062204,-0.0169051,28
2009-09-04,0.0143873,-0.0014073,0.0055124,0.0024086,0.0032213,-0.0105145,-0.0030854,28
2009-09-07,-0.0093976,-0.0101107,-0.0034657,-0.0041662,-0.0055732,-0.0083274,0.000635,28
2009-09-08,0.006551,0.0036284,-0.0079624,0.0018258,0.004215,0.0068461,0.0105831,28
2009-09-09,0.0068577,-0.0030418,0.0016476,-0.0010168,-0.0054294,7.72e-05,-0.0048106,28
2009-09-10,0.0041994,0.0082255,0.0097474,-0.0044284,-0.003311,-0.0002579,0.0013278,28
2009-09-11,0.0002133,-0.0121285,-0.0036983,-0.0008329,-0.0001527,-0.0142037,0.0040843,28
2009-09-14,-0.0038402,-0.0153252,-0.0181464,0.0017573,0.0058527,-0.0136026,0.0065844,28
2009-09-15,-0.0086477,-0.0036233,-0.0096404,0.0009052,-0.0037566,-0.0039553,0.0019999,28
2009-09-16,0.0015736,0.0010736,-0.0117518,-0.0001199,0.0014812,-0.0046926,-0.0063526,28
2009-09-17,0.0134556,-0.0016591,0.008501,-0.0021632,-0.0017183,-0.0124973,-0.0313175,28
2009-09-18,0.0079195,-0.0037008,-0.0029766,-0.0001579,0.002755,0.0110163,-0.0069669,28
2009-09-21,-0.0042527,-0.0033011,-0.0138857,-0.0004128,9.39e-05,-0.006932,-0.0137251,28
2009-09-22,-0.0115814,-0.0172664,-0.0415354,-0.0041651,-0.0009328,-0.0259401,-0.0090939,28
2009-09-23,0.0147353,0.0090831,0.0097248,-0.0017802,-0.0037556,0.0146412,-0.0013274,28
2009-09-24,-0.031586,0.0005107,-0.0049844,0.004474,0.0001564,-0.0192042,0.0010815,28
2009-09-25,-0.0105086,-0.0103156,-0.0040498,-0.000902,-0.0046538,-0.0021104,-0.0054758,29
2009-09-28,0.0050084,0.0171125,0.0030301,-0.00092,-0.0015895,-0.0043334,-0.0080132,29
2009-09-29,-0.0083591,-0.0079792,-0.005782,0.0036323,0.001882,0.0090028,0.0037128,29
2009-09-30,-0.007139,0.002991,0.0085582,-0.0019948,0.0022959,-0.0003886,0.0109692,29
2009-10-01,-0.0165711,-0.0061227,-0.0175811,0.0014675,0.0012959,-0.0069335,-0.0058515,29
2009-10-02,0.0048673,0.0052316,0.0011209,-0.0022908,-0.0006591,0.0115543,0.0025617,29
2009-10-05,-0.0382888,-0.0206816,-0.0308629,0.0027288,0.0012947,-0.0231964,-0.0124434,29
2009-10-06,-0.0040465,-0.001501,-0.0121905,0.0046812,0.0023052,0.0026391,-0.0032226,29
2009-10-07,-0.0038914,-0.0022672,-0.0146788,0.0013812,0.0019395,-0.0018196,-0.0079687,29
2009-10-08,-0.0154329,-0.0097707,0.0070999,0.0014867,0.0019907,0.0061503,-0.0038805,29
2009-10-09,-0.00432,0.0048065,0.0135877,-0.0024524,-0.0032607,0.0025169,0.0169858,29
2009-10-12,-0.0062594,0.0045926,-0.0066316,0.0011546,0.0004265,0.0010351,-0.0047145,29
2009-10-13,0.0001426,-0.0015317,-0.0253287,0.0029438,-0.0030582,0.004164,-0.0138651,29
2009-10-14,0.000116,0.0050787,0.0016438,0.0025544,0.0011844,0.0168923,0.0100844,29
2009-10-15,-0.0073742,-0.0096994,-0.0127914,-0.0015018,-0.0061318,-0.0067132,-0.0149526,29
2009-10-16,0.0086234,-0.0074117,-0.0041794,-0.0016817,-0.0040286,0.0025714,-0.0023824,29
2009-10-19,0.0117584,-0.0073453,-0.0114765,-0.0024508,-0.0029582,-0.0008041,9.73e-05,29
2009-10-20,0.0057251,0.0041881,0.0035982,-0.0020323,-0.0047321,0.0090311,0.0086811,29
2009-10-21,-0.014998,-0.0094087,-0.0077874,-0.0052912,-0.0032498,-0.0009701,-0.0006493,29
2009-10-22,-0.0032107,0.009228,0.0095254,0.0008842,0.0049983,-0.0106059,0.0110393,29
2009-10-23,0.0067418,0.0112032,-0.003058,-0.0064946,-0.0044015,0.0104469,6.52e-05,29
2009-10-26,-0.0043406,-0.0017543,-0.0029162,-0.0081428,-0.0050385,-0.0063307,-0.0106948,30
2009-10-27,0.0226028,0.0161272,0.0251548,0.0002871,0.0005807,-0.0009766,0.0003496,30
2009-10-28,0.0001434,-0.0079112,0.0102221,0.0041161,-0.0007318,0.0004534,-0.0105566,30
2009-10-29,-0.0119564,-0.0053325,0.0029566,-0.0006444,0.0001673,-0.0138478,-0.0010337,30
2009-10-30,-0.0046083,0.0047681,0.0019759,7.04e-05,-0.0023648,-0.006221,-0.0079951,30
2009-11-02,-0.0003438,0.0003251,0.0083178,-0.0004727,-0.0016929,-0.0166612,0.002485,30
2009-11-03,0.0121743,0.0055173,0.0124247,-0.0020919,-0.0021365,0.0073929,0.0211257,30
2009-11-04,0.0156777,0.0091316,0.0221943,-0.0040786,-0.0001406,0.0047268,0.0098209,30
2009-11-05,0.0257617,0.0117501,0.0168463,0.0004617,0.0030661,0.015584,0.026148,30
2009-11-06,-0.015443,-0.0092072,-0.0292346,-0.0014823,0.0013175,-0.0046791,-0.0028945,30
2009-11-09,0.013282,0.0105195,0.0085971,-0.0048639,0.0004869,0.0030975,0.0189356,30
2009-11-10,-0.0145006,-0.0091589,-0.0016719,0.0006477,0.0002467,-0.0031284,0.004293,30
2009-11-11,-0.0099188,-0.0013744,-0.0023155,0.0027953,-0.0033926,0.005627,0.0158815,30
2009-11-12,-0.0183905,0.0066568,0.0008043,-0.0008624,0.004762,0.0030748,0.0051265,30
2009-11-13,-0.0059915,-0.0058843,-0.0059977,-0.0010572,0.000808,-0.0062894,-0.0112859,30
2009-11-16,-0.0110593,-0.0126572,-0.0019752,3.39e-05,-0.0012114,0.0042528,0.0039488,30
2009-11-17,0.0004247,0.0072701,0.0111979,0.0031913,0.0028821,-0.0067959,-0.006933,30
2009-11-18,0.0112081,-0.0064383,-0.0115415,-0.001244,0.0021065,0.0007795,0.0008278,30
2009-11-19,-0.0258491,-0.0011202,-0.0072416,0.0008627,-0.0006862,0.0011236,0.0041532,30
2009-11-20,0.0049325,0.0071451,0.0073346,0.0035165,0.0051273,-0.0016679,0.0016454,30
2009-11-23,-0.0150856,-0.010162,0.0168609,-0.0039425,-0.0035538,-0.0014048,0.0113231,30
2009-11-24,-0.0138308,-0.0100647,-0.0019451,-0.0055325,-0.0056305,-0.0246138,0.0010397,31
2009-11-25,-0.0031104,0.0048949,-7.51e-05,0.0025673,0.0028365,0.0160418,0.0134941,31
2009-11-26,-0.0041186,0.0123782,-0.0036558,0.004444,0.0055427,0.0250904,0.0002662,31
2009-11-27,0.0104258,0.0108851,0.0092974,0.004917,0.0030771,-0.0056313,-0.0031689,31
2009-11-30,-0.001167,0.0031886,0.011471,0.0011993,0.0001753,0.0139226,-0.0022906,31
2009-12-01,0.0222905,0.0112672,0.0204824,-4.2e-06,-0.005882,0.0278923,-0.0083729,31
2009-12-02,0.0163617,0.0028237,0.0070788,0.0024635,0.0013457,0.00857,0.0167422,31
2009-12-03,-0.0106258,0.0023317,-0.0019728,-0.0003974,0.0002805,-0.0031975,0.0039018,31
2009-12-04,-0.005308,-0.0026069,0.0007307,-0.0008036,0.002638,-0.0035082,0.0043295,31
2009-12-07,0.0125226,0.0132073,-0.0052839,-0.0008099,0.0024374,0.0065234,-0.0020733,31
2009-12-08,-0.0243893,-0.0085087,-0.0261809,-0.0008932,-0.0029255,-0.0015979,-0.0185114,31
2009-12-09,0.0023804,-0.0090361,-0.0059173,-0.0044886,-0.0036195,-0.00247,-0.0124426,31
2009-12-10,-0.0209058,-0.0046068,-0.0261855,0.0075563,0.0041162,-0.011611,-0.0081577,31
2009-12-11,-0.0052128,-0.0140214,-0.024774,-0.0013022,0.0008989,-0.0108419,-0.0025593,31
2009-12-14,0.0072806,0.0123636,0.0084764,0.0011924,-0.000977,0.0202872,0.0153282,31
2009-12-15,-0.0088104,-0.0165839,-0.0220858,-0.0026841,-0.0014661,-0.0122213,-0.0058432,31
2009-12-16,-0.0099613,-0.0113706,-0.0173178,0.0040101,-0.0008701,-0.0107913,-0.0033261,31
2009-12-17,-0.012337,-0.0155834,-0.0159871,-0.0042487,-0.0046916,-0.0161438,-0.0091741,31
2009-12-18,-0.0091008,-0.0080379,-0.0261549,-0.000368,8.41e-05,0.0074,-0.0170066,31
2009-12-21,0.0079597,0.0078488,0.0155956,-0.0034694,-0.0047998,-0.0043327,-0.0038905,31
2009-12-22,0.0105401,0.002816,0.0124277,0.0068594,0.0054339,0.0042522,-0.0036423,31
2009-12-23,0.0197004,0.0276436,0.0364685,-0.0001534,0.0007643,0.0266047,0.0088064,32
2009-12-24,0.0130084,-0.0069761,-0.0104334,-0.0010378,-0.0058901,-0.0075422,-0.0037505,32
2009-12-25,0.0344399,0.0100361,0.0184026,-0.002653,0.0006827,0.0135688,0.0060626,32
2009-12-28,-0.0240001,0.0018817,0.0015851,0.0041862,0.0022134,-0.0039822,-0.0047365,32
2009-12-29,0.0016724,0.0080252,0.0152083,0.0004343,0.0038696,0.0122942,0.0104946,32
2009-12-30,0.0066362,0.0039513,0.0051031,-0.006292,0.0037786,0.0001998,-0.0017267,32
2009-12-31,-0.0063172,-0.004763,-0.0202388,0.0002628,0.0037552,0.0057468,-0.0029517,32
2010-01-01,-0.0096187,0.0002798,0.0121318,-0.0049317,0.0028371,-0.0109821,0.0107066,32
2010-01-04,-0.0138546,-0.000117,-0.000118,-0.0012823,-0.0019579,0.0079538,0.015294,32
2010-01-05,0.0194277,-0.001525,-0.0023638,-1.93e-05,-0.0009308,0.0010377,0.004991,32
2010-01-06,0.0122582,-0.0054745,0.0036813,0.0013708,-0.0093897,0.011638,0.0091134,32
2010-01-07,-0.0001501,-0.0084856,-0.0077984,0.0008882,0.0031118,0.0052461,-0.0092469,32
2010-01-08,-0.0105197,0.0045581,0.0020192,-0.0004879,0.0025608,-0.0142211,0.0001098,32
2010-01-11,-0.0059095,0.0061593,0.0046125,-0.0011963,-0.006874,0.0037247,-0.0041539,32
2010-01-12,-0.0221489,-0.0051471,-0.0197017,0.0084425,0.0066047,-0.0060394,-0.0181215,32
2010-01-13,0.0266274,0.013415,0.0176068,-0.0002067,0.0028216,0.0038869,0.0118453,32
2010-01-14,0.0077972,0.0110365,0.0193959,0.0009964,-0.0044977,0.0159557,-4.68e-05,32
2010-01-15,-0.0188078,-0.0192181,-0.0107305,-0.0087793,-0.0069598,-0.0141959,-0.0168299,32
2010-01-18,0.010469,0.0082043,0.0070304,0.003459,0.0035523,0.0145127,-0.0091326,32
2010-01-19,0.0105487,0.0046251,0.0046914,0.0025566,0.0016232,0.0031501,0.0105298,32
2010-01-20,-0.0002456,0.008896,0.0119684,-0.001006,-0.0005942,0.002533,0.0058285,32
2010-01-21,-0.0037545,-0.0093913,-0.0179181,0.0023447,-0.0030155,-0.0177778,-0.0045578,33
2010-01-22,-0.007155,-0.0038193,-0.0014715,0.0020374,0.0027862,0.0040118,-0.0013636,33
2010-01-25,-0.0125726,-0.002154,0.000806,0.0016937,-0.0006709,0.0051633,0.0032378,33
2010-01-26,-0.0252155,-0.0151594,-0.0198776,0.0065143,0.0067043,-0.0072021,-0.0013147,33
2010-01-27,0.0179282,0.0096161,0.0085128,0.0001352,-0.008127,0.0059449,0.005646,33
2010-01-28,-0.0079436,-0.0062937,-0.006701,-0.0041695,-0.001538,-0.0103635,-0.0092212,33
2010-01-29,-0.0183975,0.0051487,0.0043471,0.0052329,4.96e-05,0.0055478,-0.000268,33
2010-02-01,0.0077816,0.0082885,-0.0020376,0.0004547,0.0038629,0.0151059,-0.0074001,33
2010-02-02,-0.0089107,0.0021985,-0.0045476,0.0029421,0.0057312,-0.0011749,-0.0062289,33
2010-02-03,-0.0073793,-0.0039377,-0.0012662,-0.0019173,-0.0039765,0.0022219,0.0060409,33
2010-02-04,-0.0025264,0.0072449,-0.0028655,-0.0026619,-0.0082213,-0.0083042,0.0024361,33
2010-02-05,-0.0010122,-0.0094097,-0.0169151,0.0022244,0.0026856,-0.0017041,-0.0061195,33
2010-02-08,0.0060307,0.0046477,-0.0069771,0.0002323,-0.0044759,-0.0100639,0.014752,33
2010-02-09,-0.0064084,0.0006854,-0.0022314,0.0024646,0.003018,-0.0047611,-0.0101297,33
2010-02-10,-0.0095752,-0.0068112,-0.0123372,-0.0044489,-0.002737,-0.0160494,-0.0017562,33
2010-02-11,-0.0121222,-0.0046429,-0.0107476,0.0019147,0.0049041,-0.0042956,0.0015811,33
2010-02-12,0.0086963,-0.0049153,0.0066911,0.0059305,0.0059553,-0.0056918,0.0094728,33
2010-02-15,-0.0026644,-0.005927,-0.0039113,-0.0035115,-0.001074,0.0032245,-0.0040376,33
2010-02-16,-0.0322039,-0.0099089,-0.0140499,-0.0004312,0.0024307,-0.0035604,-0.0095927,33
2010-02-17,-0.0040796,0.0208141,0.0142096,0.0016705,0.0003696,0.0141454,-0.0091308,33
2010-02-18,0.0183476,0.0222199,0.0059901,0.0029908,0.0030765,0.0120643,-0.0005448,33
2010-02-19,-0.0149385,-0.0096807,0.0029617,-0.0002167,0.0009144,0.0050394,0.0084008,34
2010-02-22,0.0011284,-0.0036296,-0.0082931,0.0026348,0.0043687,0.0045109,-0.0031579,34
2010-02-23,-0.0127456,-0.0137534,-0.0112221,0.001769,-0.0037138,-0.0043513,-0.0135974,34
2010-02-24,0.0118891,0.0190154,0.014931,-0.0041363,-0.004762,0.0033276,0.0012635,34
2010-02-25,-0.0109369,-0.0090208,-0.0215348,0.0004908,0.004213,-0.0146933,-0.0035598,34
2010-02-26,-0.008729,0.0120801,-0.0104771,0.0004251,0.0031003,-0.0073105,-0.0108971,34
2010-03-01,-0.0106877,-0.0035198,-0.0153714,0.0076072,0.0020395,-0.0115837,0.0031502,34
2010-03-02,0.0186796,0.0014009,0.0057791,0.0054981,0.0056026,0.0130132,0.0134488,34
2010-03-03,0.000857,0.0145288,0.0132826,0.0001235,0.001786,0.0167137,-0.0158791,34
2010-03-04,-0.0053433,0.0010866,0.0027774,-0.0026726,0.0005077,0.004672,0.0072366,34
2010-03-05,-0.0025264,0.0004279,0.0032659,-0.0011337,-0.0005294,-0.0088981,-0.0158644,34
2010-03-08,0.0041654,0.0017409,0.0103938,0.001073,-0.0007356,0.0109196,0.0017234,34
2010-03-09,0.0012422,-0.0040204,-0.0155486,0.0024152,-0.0017407,-0.0084849,-0.0059637,34
2010-03-10,0.0057093,0.0001249,-0.0107858,-0.0007357,0.0018334,-0.0054548,-0.0041661,34
2010-03-11,0.0059311,-0.0003147,-0.0063725,0.0024498,-0.0004717,-0.0064264,-0.008114,34
2010-03-12,-0.003959,0.0032622,0.0081007,1.99e-05,0.0010885,0.003173,-0.0031696,34
2010-03-15,0.0171774,0.014868,0.0147533,0.0011725,0.0063447,0.0029831,-0.0052479,34
2010-03-16,-0.0014097,-0.0189419,-0.0012979,-0.0061428,-0.004422,-0.0023286,-0.0093852,34
2010-03-17,0.000972,0.0049149,0.0084902,0.0025955,0.0037707,0.017796,-0.0125947,34
2010-03-18,-0.0069993,0.0072892,-4.87e-05,-0.0002701,-0.0004496,-0.0026305,-0.0012473,34
2010-03-19,0.0031117,-2.18e-05,0.0058586,-0.0007969,-0.0012955,0.0037746,0.0060265,34
2010-03-22,-0.0016931,-0.0119841,-0.0056179,0.002317,-0.0029728,0.0140471,0.013956,35
2010-03-23,0.0180097,0.0160484,0.0123186,-2.8e-06,0.0002247,0.0084931,0.0150931,35
2010-03-24,-0.0045639,-0.0058653,-0.0164817,0.0002496,0.0033464,-0.0147218,-0.0001238,35
2010-03-25,-0.0076295,0.0002396,-0.0032702,0.0036664,-0.0001482,-0.0063685,0.0051509,35
2010-03-26,-0.0002915,0.0016222,0.0073679,0.0055409,0.0066577,0.0078876,0.009924,35
2010-03-29,0.013349,0.0020463,0.004476,-0.0005489,0.0003577,0.0122928,0.0138024,35
2010-03-30,0.0300271,0.0152936,0.0123747,0.0018055,0.0010206,0.0082965,-0.0001964,35
2010-03-31,-0.0156181,0.0005479,-0.0072834,-0.0012169,-0.0010564,0.0042732,-0.0097295,35
2010-04-01,0.0010384,0.0039074,0.0053533,0.0006148,0.0023982,0.0078566,-0.0047814,35
2010-04-02,-0.0089596,-0.0075023,0.0071104,0.0054278,0.000869,0.0101544,0.0095051,35
2010-04-05,0.0273764,0.015918,0.0219125,0.0021718,0.0009715,0.0243161,0.0022157,35
2010-04-06,0.0184711,0.0066011,0.0206586,0.0014353,0.002578,0.008859,0.0076654,35
2010-04-07,-0.0154986,-0.0036406,-0.0116725,-0.0033392,-0.0019842,-0.0069832,-0.0045351,35
2010-04-08,0.0015876,0.0037409,-0.0042373,-0.0023034,-0.0072151,-0.0128836,-0.0042107,35
2010-04-09,0.0086731,-0.0059425,0.0100973,0.0042985,0.0033241,0.0082049,-0.0035784,35
2010-04-12,-0.0080832,-0.0017613,-0.0164685,0.0013101,-0.0008049,-0.0069975,0.00248,35
2010-04-13,-0.0237097,-0.0013293,-0.0096165,-0.0036092,-0.0039285,-0.0051839,8.62e-05,35
2010-04-14,-0.0052104,0.0070022,-0.0007985,0.0017342,-0.0009308,-0.0035988,-0.0045142,35
2010-04-15,0.0123505,0.0092678,0.0108371,0.0002616,0.0014876,0.0150762,0.0295178,35
2010-04-16,0.0188201,0.0089127,0.001534,0.0020717,-0.0018993,-0.0054174,-0.0056381,35
2010-04-19,-0.0218387,-0.0140769,-0.0307169,0.0039365,-0.0021754,-0.0094818,-0.0013449,35
2010-04-20,-0.017726,0.0090704,0.0190981,0.0010646,0.0054644,0.002153,0.0028752,36
2010-04-21,0.0264174,0.0261242,0.0277782,0.0003896,0.0080772,0.0370087,0.0017539,36
2010-04-22,0.0048783,-0.005992,0.0027761,0.0013297,-0.0026381,0.0002033,-0.0012894,36
2010-04-23,-0.0042127,0.0130662,0.0119806,-0.0003508,0.0044192,0.0004242,-0.0012301,36
2010-04-26,0.0057928,0.0130488,0.020991,8.43e-05,0.0030331,0.0012957,0.0015555,36
2010-04-27,0.0177482,0.0073394,0.0084494,-0.0015647,1.09e-05,0.0039334,0.004223,36
2010-04-28,-0.0165059,-0.0101476,0.0005881,0.0032278,0.0027111,-0.011263,-0.00977,36
2010-04-29,0.0112791,0.0061986,-0.0005353,-0.0044804,-0.0004797,0.000734,-0.0057883,36
2010-04-30,-0.0002993,-0.0064086,-0.0066453,-0.0008071,-0.001115,0.0052569,-0.0052286,36
2010-05-03,0.0104195,-0.0090561,-0.0041676,0.0040451,0.005686,-0.0133058,-0.0099953,36
2010-05-04,0.0029411,0.0088496,-0.0008549,-0.0029147,0.0020475,-0.0039563,0.0038306,36
2010-05-05,0.0074776,0.0034761,-0.0045295,0.0027616,-0.0012465,0.0051029,0.0021199,36
2010-05-06,-0.0001575,0.0018604,-0.0059603,-0.0003426,0.0039095,0.0039194,0.0050224,36
2010-05-07,0.0078603,0.0002793,-0.0073896,-0.0036191,-0.0039726,-0.0026427,-0.009042,36
2010-05-10,-0.0135322,0.0017379,-0.0098631,0.0050786,0.0055972,0.0122905,0.0087826,36
2010-05-11,-0.0134299,-0.0134611,-0.0060499,0.0066703,0.0024862,-0.0033086,0.0014277,36
2010-05-12,0.0247159,0.0120764,0.0224434,0.0032095,-0.0006876,0.0186216,0.0002256,36
2010-05-13,0.0160926,0.0002262,0.0127274,0.0030325,0.0007059,-0.0101268,-0.0026684,36
2010-05-14,-0.0028351,-0.0054917,-0.0114924,0.000519,0.0012239,-0.0188646,-0.0140581,36
2010-05-17,-0.0127004,-0.0168105,-0.0084441,-0.0007346,-0.0024373,-0.0125328,0.0023277,36
2010-05-18,-0.0077622,-0.0008445,-0.0003216,-0.0017276,-0.0050463,-0.0210644,0.0011255,36
2010-05-19,0.0126576,0.0084534,0.0124688,-0.0037174,-0.0021984,0.0107238,0.0016983,37
2010-05-20,0.020311,0.0003933,-6.88e-05,0.0008046,0.0049353,0.0026069,0.0099994,37
2010-05-21,0.0159289,0.019187,0.0111663,0.0002271,0.0014573,0.03155,0.0228308,37
2010-05-24,-0.0046144,0.0008751,-0.0060581,0.0014918,0.002889,0.0094536,0.0183486,37
2010-05-25,-0.0101186,-0.0078091,-0.0005769,0.0028832,0.0010172,-0.0031728,-0.0010078,37
2010-05-26,-0.0018921,-0.0066419,-0.0109589,0.0002721,-0.0022827,-0.0043184,-0.0064296,37
2010-05-27,0.0040841,-0.0162959,-0.0036046,0.0033387,0.0011094,-0.0216406,-0.0190015,37
2010-05-28,-0.0064792,0.0008954,-0.0165646,-2.48e-05,-0.0011432,0.0033095,-0.0054783,37
2010-05-31,-0.0121135,-0.0102247,-0.0079244,0.0012981,0.0005457,-0.0052325,0.000417,37
2010-06-01,-0.0188053,-0.01622,-0.0088572,0.002325,0.0018051,-0.0072447,0.0049421,37
2010-06-02,-0.0172437,-0.0159486,-0.0053814,-0.0007759,-0.003661,-0.0050381,0.0033327,37
2010-06-03,0.0170051,0.0073757,0.011631,-0.0076615,-0.0052827,0.0043612,0.0059469,37
2010-06-04,-0.0166299,-0.0198537,-0.01031,-0.0018369,-0.0007193,-0.0072865,0.0073367,37
2010-06-07,-0.007671,-0.0105054,-0.0187577,-0.0039309,-0.0050855,-0.0119791,-0.0078738,37
2010-06-08,0.0070542,0.0079313,-0.006432,-0.0024681,-0.0047659,0.0109412,-0.0125502,37
2010-06-09,0.0045817,-0.0096367,-0.0240191,0.0012187,0.0013714,-0.022978,0.0086918,37
2010-06-10,0.0294788,0.0084198,0.0023388,0.0044534,0.0060578,0.0114661,0.0029946,37
2010-06-11,-0.0013713,-0.0030164,0.0025501,-0.0031912,-0.005598,-0.008104,0.0128022,37
2010-06-14,-0.0068186,5.29e-05,0.0164993,0.0018529,-0.0015179,0.0010767,0.004251,37
2010-06-15,-0.0045749,-0.001402,-0.0002254,-0.0005448,-0.0048479,-0.000725,-0.001174,37
2010-06-16,-0.0211925,-0.0055259,-0.0136557,-0.0021626,-0.0036447,-0.0149547,0.0036149,37
2010-06-17,-0.0002204,0.0052689,-0.0028568,-0.0021411,0.0004282,0.0058884,-0.0106924,38
2010-06-18,-0.0077371,-0.0001835,-0.0065135,-0.0019822,-0.0045919,-0.0101083,-0.0042249,38
2010-06-21,0.012302,0.0086347,0.0099208,-0.0013104,0.00197,0.0037525,-0.0108008,38
2010-06-22,0.0115881,0.0001679,-0.0028686,0.0020619,0.0089242,0.0044553,-0.0056106,38
2010-06-23,0.0049393,0.0129663,0.0043289,-0.0004141,0.0012883,0.0024032,0.010565,38
2010-06-24,0.0012515,0.0056228,0.0066123,-0.0025124,-0.0052831,0.0132974,-0.0115729,38
2010-06-25,0.0080975,0.0084816,0.0219281,-0.0025345,-0.0040618,0.0022769,0.0030264,38
2010-06-28,0.0091169,-0.0052104,0.0155169,2.18e-05,0.0048036,-0.0046142,0.0140932,38
2010-06-29,-0.0042619,-0.0123213,-0.0014723,0.0027484,0.0033649,0.0154416,-0.0085411,38
2010-06-30,0.0093338,-0.003984,0.0002119,0.0025118,-0.0018535,-0.0051384,-0.0152249,38
2010-07-01,-0.0195663,-0.0280285,-0.0130891,0.0036099,-0.0015814,-0.0210768,0.0006703,38
2010-07-02,-0.0021335,-0.0123441,-0.0086107,4.56e-05,-0.002406,-0.0161301,-0.008042,38
2010-07-05,0.0030074,0.0024434,0.0040186,0.0028991,0.0037234,0.0062917,0.0051232,38
2010-07-06,-0.0125808,-0.0155698,-0.0097589,-0.0005434,0.00034,-0.0084931,-0.0054753,38
2010-07-07,0.0035025,0.008353,-0.0004042,0.0056268,0.0065089,0.0048886,0.0053127,38
2010-07-08,0.0031874,-0.0041225,-0.0111089,0.0021949,-0.003664,-0.010478,-0.0043686,38
2010-07-09,0.0133127,0.0049961,0.0166059,0.0008597,-0.0036022,0.0146329,0.0023276,38
2010-07-12,0.0148869,0.0090062,0.0248805,0.0001223,0.0044953,0.0017458,-0.0145162,38
2010-07-13,0.0039285,-0.0025339,0.0111157,0.0012085,0.0076547,0.0032891,0.0043605,38
2010-07-14,-0.0043339,0.0080909,0.0051213,-0.0026979,-0.0022826,-0.0037315,0.0022052,38
2010-07-15,0.0119946,0.0144211,0.02257,-0.0007735,0.002013,0.0165859,0.0033,38
2010-07-16,0.0023436,0.002376,0.0089971,-0.0006615,0.0004778,-0.0059266,-0.0004451,39
2010-07-19,0.0287257,0.0043104,0.017901,-0.0010739,-0.0008863,-0.0062287,0.006731,39
2010-07-20,-0.0108831,-0.0094175,-0.0084118,-0.0026729,-0.0013751,-0.0135027,-0.0049397,39
2010-07-21,-0.0005693,0.0104576,-0.0004686,0.0020666,-0.0020802,0.014967,0.0045706,39
2010-07-22,-0.0007022,0.0062459,0.010602,0.0004618,0.0004515,-0.008239,0.0066176,39
2010-07-23,-0.0089847,-0.0205277,-0.0150821,0.0065045,0.000706,-0.0161161,-0.0075473,39
2010-07-26,-0.0058999,-0.00495,-0.0074136,-0.0046049,0.0003603,-0.0051729,0.0036017,39
2010-07-27,-0.0295914,-0.0004715,-0.0058559,-0.0026589,-0.003823,-0.0085664,-0.0046719,39
2010-07-28,0.0187685,0.0137755,0.0238964,-0.0022969,-0.0047619,-0.0067814,0.0155615,39
2010-07-29,0.0021205,0.0037191,-0.0024339,0.0018182,-0.0018598,-0.0030758,-0.0018693,39
2010-07-30,0.0273205,0.0079684,0.0101146,-0.0011432,0.0022932,-0.0072191,-0.0037921,39
2010-08-02,0.012279,0.0091314,0.0121588,0.0009207,0.0016368,0.0206923,0.0017279,39
2010-08-03,-0.0303734,-0.0255579,-0.0355725,0.0046652,0.0007983,-0.0242564,0.021448,39
2010-08-04,0.0165182,0.008098,0.0151474,0.0003066,-0.0010452,0.0270499,0.0099866,39
2010-08-05,0.0049823,0.0033843,0.0083808,0.0021279,0.006826,0.000716,0.0120689,39
2010-08-06,-0.0058017,-0.0232012,-0.0145997,0.0140827,0.0089069,0.00415,-0.0148581,39
2010-08-09,0.0025238,-0.0004858,-0.0031705,-0.0013225,-0.0053614,-0.007009,0.0010475,39
2010-08-10,-0.0041603,0.003574,0.0042131,0.000218,-0.0041456,0.0053496,-0.0023496,39
2010-08-11,0.0044854,0.0066896,0.0061618,-0.0001546,0.0028024,-0.0120045,-0.0053325,39
2010-08-12,-0.000152,0.0047433,0.0193492,-0.000183,0.0030546,-0.0119906,0.0068818,39
2010-08-13,0.0078801,-0.0062474,-0.0087867,0.0020246,0.0042158,-0.0105313,-0.019882,39
2010-08-16,-0.0258546,-0.0144576,-0.0266378,0.0064301,0.0044139,-0.0015412,-0.0127285,40
2010-08-17,-0.0013383,-0.0080233,-0.0023441,5.1e-06,-0.0041667,-0.0102079,-0.0158181,40
2010-08-18,0.0159834,0.0083401,0.0237051,-0.0047684,-0.0050559,0.006322,0.0110341,40
2010-08-19,-0.020318,-0.006078,-0.0206018,0.0002473,0.0001486,-0.0107718,0.0015979,40
2010-08-20,-0.0115137,-0.0005513,-0.0092393,0.0030031,0.0049707,-0.004462,9.09e-05,40
2010-08-23,-0.004677,0.0006161,-0.0037014,-0.0020583,-0.0025932,0.0017146,-0.0018092,40
2010-08-24,0.013254,0.0020373,0.0072934,-0.0023786,0.0017214,-0.0042179,0.0020346,40
2010-08-25,0.0084624,-0.0178397,0.008015,-0.0058274,-0.0030846,-0.0024699,0.0010723,40
2010-08-26,-0.0030025,-0.0087612,-0.0071535,-0.0021234,-0.0032052,-0.0169142,0.006816,40
2010-08-27,-0.0113817,-0.0142295,-0.0124073,-0.0009715,-0.0046262,-0.0148464,0.0001899,40
2010-08-30,0.0077726,-0.0048658,0.00268,0.0036631,0.0037414,0.0068244,0.003526,40
2010-08-31,0.0156194,-0.0018811,0.0089929,0.0002628,0.0005315,0.0149236,-0.0069768,40
2010-09-01,-0.0011004,0.0075003,0.0082542,0.0034846,0.0037066,-0.0048845,-0.0149306,40
2010-09-02,-0.0223176,-0.0059665,-0.0163577,0.0014124,-9.57e-05,-0.0134593,-0.0182293,40
2010-09-03,0.0138872,0.0069491,-0.0093894,0.0016119,-0.0054866,0.0017463,0.0023503,40
2010-09-06,0.0006082,0.0049588,-0.0056758,-0.0019652,0.0005579,0.0080618,0.0003878,40
2010-09-07,-0.0104758,-0.003602,-0.0088523,0.0034484,-0.0002309,-0.0005334,-0.0217575,40
2010-09-08,-0.0091119,-0.0101285,-0.0166493,0.0015474,-0.0008173,-0.0087796,-0.015577,40
2010-09-09,0.0099841,-0.0007677,-0.0001297,0.0001967,0.0014101,-0.0022663,0.0201138,40
2010-09-10,0.0134328,0.0045293,0.0123305,0.0001973,0.005222,0.0234826,0.0180002,40
2010-09-13,-0.0033394,0.0150647,0.005343,-0.00214,0.0001795,0.0169919,0.0063963,40
2010-09-14,0.0005699,0.0059467,0.0152637,-0.0036181,-3.72e-05,0.0123915,0.0037597,41
2010-09-15,0.0075113,0.005486,0.0219031,-0.0002348,-0.0021097,0.0054232,0.0187608,41
2010-09-16,-0.0060646,0.0106014,0.0017614,-0.0009343,0.0003139,-0.002888,0.0081507,41
2010-09-17,-0.0057569,-0.00619,-0.0177823,0.0021625,-0.0006403,0.0113985,-0.0124796,41
2010-09-20,-0.009998,-0.0065043,-0.0040091,0.0025457,0.0039523,0.0088532,0.0126794,41
2010-09-21,-0.0126308,0.0053341,0.0041868,0.0035116,0.0017482,0.0117234,0.002396,41
2010-09-22,0.0084276,0.004262,0.0059157,0.0013856,0.0048061,0.004986,-0.0032282,41
2010-09-23,7.36e-05,0.0103518,0.0086658,0.0009139,-0.002744,8.81e-05,-0.0002978,41
2010-09-24,-0.0173118,0.0014176,0.0035449,-0.0006555,-0.0024445,9.77e-05,0.0121327,41
2010-09-27,-0.0198738,-0.01701,-0.0045645,0.0037974,0.0003661,0.0052984,-0.0156376,41
2010-09-28,-0.006882,-0.0123296,-0.0185541,0.000553,-0.0020051,-0.0136851,-0.0186085,41
2010-09-29,-0.0010838,-0.0139541,-0.008091,-0.0040285,-0.0052816,-0.0130796,-0.0067218,41
2010-09-30,-0.0234419,-0.011185,-0.0134176,-0.0011228,0.0014827,-0.0129185,-0.0188058,41
2010-10-01,-0.0135361,-0.0037557,-0.0074061,0.003192,-0.0033588,-0.0080607,0.0132265,41
2010-10-04,0.0091765,0.0012839,0.0024085,0.0026819,-0.0007203,-0.0040654,0.0007248,41
2010-10-05,0.0154362,0.0170694,0.0187119,0.0011594,0.0037813,0.0110092,0.0009194,41
2010-10-06,-0.0162262,-0.0127644,-0.0043148,0.0031129,0.0016092,-0.0025273,-0.006456,41
2010-10-07,0.0090217,0.0144729,0.0155564,-0.004728,0.0012392,0.0060934,0.0231919,41
2010-10-08,0.0180101,0.0090186,0.0099898,0.0015963,-0.0019842,0.0049009,-0.0019319,41
2010-10-11,-0.0254144,-0.0169856,-0.0192812,0.0020786,0.0043144,-0.0151259,-0.0133034,41
2010-10-12,-0.011921,-0.0022106,0.0085934,-0.0043242,-0.0020934,0.0041982,0.0086771,41
2010-10-13,-0.0072671,-0.0073287,-0.021244,0.0031834,0.00573,-0.0135863,-0.0210464,42
2010-10-14,0.011774,-0.00389,-0.0056261,0.0027978,0.0004026,-0.0070646,0.0061483,42
2010-10-15,-0.0148888,-0.0050462,-0.0140969,-0.0044924,-0.0040333,-0.0159514,0.0006798,42
2010-10-18,-0.0021999,-3.67e-05,-0.0007318,-0.000642,0.0001801,0.0059048,0.0042224,42
2010-10-19,-0.0147601,-0.0002033,-0.0078266,-0.0023863,0.00286,-0.0081873,0.0018874,42
2010-10-20,-0.002664,-0.0005634,-0.0017683,0.00227,-0.0024771,-0.0042098,-0.003812,42
2010-10-21,-0.0071904,0.0147406,0.0012616,0.0072693,0.005163,0.0051386,-0.0061228,42
2010-10-22,0.0003624,0.0034485,0.0140676,-0.0005441,-0.0057125,0.0080922,0.0078186,42
2010-10-25,0.005163,0.0122229,0.0139344,-0.0060174,0.0007949,-0.009146,0.0112511,42
2010-10-26,0.0004788,-0.0102554,-0.0013148,0.0009099,-0.0022529,-0.0186452,0.010141,42
2010-10-27,-0.008774,-0.0202213,-0.0136902,-0.0018694,0.00053,-0.012595,-0.0129921,42
2010-10-28,0.012604,0.0091718,0.0202352,-0.0036295,-0.0066125,0.0166826,-0.0029727,42
2010-10-29,-0.0002736,-0.0017001,-0.0015297,0.002773,-0.0018213,-0.0068715,0.0098503,42
2010-11-01,-0.008336,-0.0127882,-0.0094726,-0.0027343,-0.0005232,-0.0255003,0.0147339,42
2010-11-02,-0.0119154,-0.0080021,-0.0020902,0.0009742,0.0026774,-0.0007043,0.006533,42
2010-11-03,0.0151635,0.0035516,-0.0018366,-0.003487,-0.0008623,-0.0202769,-0.0049135,42
2010-11-04,0.0076826,-0.0098128,0.003159,0.0003623,0.0004144,0.0026377,0.0133218,42
2010-11-05,0.0109214,-0.0046091,0.007383,0.0017125,-0.0020431,-0.0067548,0.0042501,42
2010-11-08,-0.0008885,-0.0014583,-0.0033557,0.0007968,0.0014519,0.0022967,0.0022972,42
2010-11-09,0.0023141,0.0068479,0.0022211,-0.0008022,0.000817,0.0089723,0.0187589,42
2010-11-10,-0.0088339,0.0054451,0.0013638,-0.0077847,-0.0063282,-0.0089986,-0.025287,42
2010-11-11,0.0048574,0.0110084,0.010297,0.0009226,-0.0027056,0.01655,0.0049494,43
2010-11-12,0.0072869,0.0041589,0.012261,-0.0018159,-0.0069162,-0.0192621,-0.0023811,43
2010-11-15,-0.0037748,-0.0096312,-0.0169597,-0.0024808,-0.0016253,-0.0109527,0.0041961,43
2010-11-16,-0.0046935,-0.0152858,-0.0076606,0.0020164,0.0069695,-0.0077124,-0.005532,43
2010-11-17,0.0039873,-0.0012134,0.0140618,0.0029758,-0.0073368,0.0094259,0.0020793,43
2010-11-18,0.0017314,-0.0082494,-0.0210879,0.0005357,0.0049754,-0.0016208,-0.0009492,43
2010-11-19,-0.0005859,0.0041388,0.0162103,0.0002827,0.00715,0.0055888,0.0063255,43
2010-11-22,0.0044879,-0.0022738,-0.0025776,0.0057741,0.0031797,0.0036787,0.0067303,43
2010-11-23,0.0150043,0.0104936,0.0027196,0.0016025,0.0013971,0.0041638,0.0039921,43
2010-11-24,0.0137879,0.0189929,0.0133852,-0.0037884,-0.0024204,0.0038103,-0.0080397,43
2010-11-25,0.0240157,0.0070661,0.0119229,-0.0053927,-0.0088531,0.0022061,-0.0154666,43
2010-11-26,-0.0089372,-0.0131303,0.0055865,-0.0010083,-0.0008428,-0.0143194,-0.0114442,43
2010-11-29,0.0051589,0.0076301,-0.0046085,0.0038732,0.0067199,0.0017994,0.0129438,43
2010-11-30,0.0138866,0.0169268,0.0276226,-0.0014399,0.0005472,0.0115481,0.0142251,43
2010-12-01,-0.011551,0.0093816,0.0027822,-0.0039936,-0.001103,0.0056152,-0.0068879,43
2010-12-02,-0.004514,0.0062496,0.0033237,0.0061293,0.0096843,0.0285072,0.003853,43
2010-12-03,-0.0168689,-0.009881,-0.011744,0.0016234,0.0016079,-0.0182904,-0.0078988,43
2010-12-06,-0.007569,-0.0186907,-0.0138799,-0.0010796,-0.0072089,0.0011671,0.0037873,43
2010-12-07,0.0096111,0.010437,-4.69e-05,-0.0049379,-0.0078503,-0.0091994,-0.0076578,43
2010-12-08,-0.0029757,-0.010912,-0.002152,0.0097409,0.0036253,-0.0102804,-0.0007721,43
2010-12-09,0.003486,0.0064337,0.0179435,0.0008951,0.0039801,0.0111416,0.0054366,43
2010-12-10,-0.0165651,0.0043801,-0.0103467,-0.005235,-0.0044624,-0.0055983,0.0054323,44
2010-12-13,-0.0128211,-0.019164,-0.017275,0.0030614,0.000517,-0.0077353,0.0063104,44
2010-12-14,0.0097027,-0.0022028,-0.0155921,-0.0051267,-0.0021675,-0.0137835,0.0133383,44
2010-12-15,-0.004378,-0.010654,-0.0043326,-0.0030077,-0.0013222,-0.0043399,-0.006732,44
2010-12-16,0.0033814,0.0063389,0.0201934,-0.0029398,-0.0026782,0.0116337,0.0138617,44
2010-12-17,-0.0007185,0.0024401,-0.0123392,0.0021287,0.0075784,0.0116507,-0.0271068,44
2010-12-20,0.0156257,0.0009992,0.001791,-0.0027281,-0.0071825,0.00161,0.000339,44
2010-12-21,0.0104669,0.0039027,0.0177781,0.0012249,0.0072365,0.0192928,0.0221554,44
2010-12-22,0.0033655,0.0024672,-0.0019195,0.0002507,0.0018999,-0.000721,0.0027946,44
2010-12-23,0.0009849,0.0024401,0.0089655,0.0027957,0.0046361,0.0029126,-0.0008375,44
2010-12-24,0.003678,0.0081078,0.005216,5.54e-05,-0.0072054,0.001366,0.0122128,44
2010-12-27,0.0078949,0.0026665,0.0096402,0.0015443,0.0056288,0.0182771,0.0075837,44
2010-12-28,-0.0007592,0.0091226,0.0076418,0.0008216,0.0004285,-0.0024907,0.0032052,44
2010-12-29,0.0048636,0.0101859,0.0060257,0.0054023,0.0001096,0.0117133,-0.0041726,44
2010-12-30,-0.0080113,-0.0168943,-0.0074004,2.16e-05,-0.0015359,-0.0110306,-2.77e-05,44
2010-12-31,0.0053668,0.0083947,0.0091046,-0.0012768,0.006589,-0.0059132,-0.0033838,44
2011-01-03,-0.0042868,-0.0044469,-0.0177446,-0.0007583,0.000817,0.0132066,-0.0033869,44
2011-01-04,0.0132748,0.0123083,0.0155965,-0.0005915,0.0006116,0.0211629,0.0134988,44
2011-01-05,-0.0016032,0.0085363,0.0113797,0.001118,0.0036017,-0.0005298,0.0049386,44
2011-01-06,-0.0151764,0.0034614,-0.0003199,1.54e-05,-0.0050081,0.0209635,0.0004833,44
2011-01-07,-0.0150385,0.0040503,0.0050088,0.0023863,6.44e-05,-0.0066447,0.0153829,44
2011-01-10,0.0053721,0.0080391,-5.94e-05,0.0019013,0.0035303,-0.0141872,0.0049714,45
2011-01-11,0.0255872,0.0127537,0.0150633,0.0049923,0.0078134,0.0096344,-0.00702,45
2011-01-12,-7.14e-05,0.0037902,-0.009325,0.0063631,0.0035642,0.0175211,-0.0001198,45
2011-01-13,-0.0044454,-0.0027218,-0.004472,0.0047856,0.0032355,0.0021098,-0.0071133,45
2011-01-14,-0.0128807,-0.007037,0.0055237,0.0055828,0.0056854,-0.0061114,0.0070963,45
2011-01-17,0.0021754,-0.001502,-0.0030683,0.0089648,0.0045668,0.010647,0.002207,45
2011-01-18,-0.0058655,-0.0075325,-0.0184625,-0.0013935,0.0016044,-0.0133772,-0.0103298,45
2011-01-19,0.0121562,-0.001128,-0.0102507,0.0048949,0.0040243,0.0058045,0.0022849,45
2011-01-20,0.0043006,-0.0004459,0.0072452,0.0056637,0.0047484,0.0108511,0.0096851,45
2011-01-21,-0.0100747,-0.0130135,-0.0019783,0.0039634,0.0008176,-0.0208702,-0.0025766,45
2011-01-24,-0.0018471,-0.0035359,-0.0045682,-9e-07,0.0005273,-0.0031717,0.0087307,45
2011-01-25,0.0054744,0.0034211,0.0081219,-0.0058727,-0.0051828,-0.0112951,0.0126,45
2011-01-26,0.0048999,-0.0066754,0.0041558,0.0012592,-0.00014,0.0176642,0.0008065,45
2011-01-27,0.0125921,0.0135591,0.0237281,-0.0031769,0.0055326,0.0092185,-0.0140252,45
2011-01-28,-0.013955,-0.005219,-0.0138807,-0.0007307,-0.0047498,-0.009677,0.0068465,45
2011-01-31,-0.0119614,-0.0071211,-0.0208013,0.0041763,0.0057876,0.0094411,-0.0106487,45
2011-02-01,0.007171,0.0001204,0.0005776,0.0008391,0.0036663,-0.0022439,0.0058011,45
2011-02-02,0.0065858,0.0047832,0.0043261,0.0022804,0.0091705,-0.0013326,-0.0067114,45
2011-02-03,0.0103397,0.0018721,0.0109841,0.0002547,-0.0027299,0.0099561,-0.0037333,45
2011-02-04,-0.01687,-0.010271,-0.0121518,0.0005793,-0.0012669,-0.0035153,-0.0277757,45
2011-02-07,0.0125042,-0.0064236,0.0102267,-0.0055945,0.0018956,-0.0075712,0.0110255,45
2011-02-08,-0.0208043,0.0048882,-0.0128655,0.0005934,0.0021622,-0.0037166,-0.0084428,46
2011-02-09,-0.0095718,-0.0074629,-0.0059501,0.0031163,-0.0011281,-0.0102489,-0.0112493,46
2011-02-10,-0.0054011,-0.0012402,-0.0151851,-0.0011144,-0.0002189,-0.0148745,-0.0172913,46
2011-02-11,-0.0181451,-0.0105768,-0.0087503,0.0022879,0.0036994,-0.0056732,-0.0121,46
2011-02-14,0.0038002,0.0034526,0.0102817,0.0018745,0.0051785,-0.0025678,0.0066717,46
2011-02-15,0.0053913,0.0077147,0.0015857,-0.0008831,-0.0010666,0.0152699,0.0007911,46
2011-02-16,-0.0063448,0.0042942,-0.0049013,0.0036694,0.0106764,-0.001864,-0.0161279,46
2011-02-17,0.0087583,-0.0037762,-0.0016818,-0.0025059,-0.0022454,0.0004322,0.00993,46
2011-02-18,-0.0033859,0.0055655,-0.0073503,-0.0006245,0.0020868,0.0039439,0.0157715,46
2011-02-21,0.0145284,0.0200731,0.0242347,0.0014939,-0.0010053,0.0175956,0.0077951,46
2011-02-22,-0.0136931,-0.0008951,-0.002043,0.0007109,0.0037043,-0.0023512,-0.0073789,46
2011-02-23,0.0008841,-0.0137498,-0.0075341,0.0016674,-0.0021042,-0.0098632,0.0001359,46
2011-02-24,-0.0099635,-0.0012535,-0.0094089,0.000643,0.0052537,0.0010488,-0.0123266,46
2011-02-25,-0.0147621,-0.0033923,-0.0110665,-0.0035501,-0.0028749,-0.0097926,-0.0017266,46
2011-02-28,0.0072184,-0.0093334,-0.002368,-0.00086,0.0009144,0.0041761,0.0157258,46
2011-03-01,-0.0033338,-0.0155277,-0.023309,0.0070022,0.0079659,-0.0146566,-0.0042381,46
2011-03-02,0.0148771,0.0103072,0.0141687,-0.0038569,-0.0060466,-0.0068275,0.0044364,46
2011-03-03,0.0090334,0.0075917,0.0134251,-0.0019006,0.0022547,0.0048048,-0.0052937,46
2011-03-04,-0.0221174,-0.0151847,-0.0108312,0.0018792,0.001166,-0.0150968,-0.0050966,46
2011-03-07,-0.0014886,-0.0034238,-0.0059545,-0.0044968,-0.0053698,0.0083215,-0.0212964,46
2011-03-08,-0.0014339,-0.0103265,-0.0149776,0.0047268,0.0009075,-0.0159831,-0.0151708,46
2011-03-09,0.0273506,0.0128128,0.0276524,-0.0034582,0.0034036,0.0249063,0.0068023,47
2011-03-10,-0.0182624,-0.0111542,-0.0198086,-0.0002332,-0.0002082,-0.0137637,-0.0074042,47
2011-03-11,0.0015508,-0.010242,0.0042695,0.0016188,0.0022303,0.004897,-0.0007068,47
2011-03-14,0.0009955,0.0084939,0.0176285,-0.0041871,-0.0005531,-0.008006,0.0049338,47
2011-03-15,0.0124849,-0.0067473,-0.0028222,0.000161,-0.0012072,0.0061029,-0.0024698,47
2011-03-16,-0.0023763,0.0010638,-0.0061284,0.0006729,-0.0041416,-0.0092775,-0.0050359,47
2011-03-17,0.0150043,0.0154729,0.0279225,0.0007309,0.0040306,0.0085866,0.0209668,47
2011-03-18,-0.0040165,0.0002929,-0.0028983,-0.0004564,-0.0021525,-0.0046321,-0.0170132,47
2011-03-21,0.0087768,0.0092223,0.0151241,-0.000137,-0.000991,0.0077343,-0.0048749,47
2011-03-22,-0.0016571,0.0058703,0.0049527,0.0022933,-0.0002629,0.0043737,0.0007651,47
2011-03-23,0.0065034,0.0069123,0.0095698,0.0024693,0.0074304,0.0158641,0.0188422,47
2011-03-24,-0.0248212,-0.0117031,-0.0240148,-9.89e-05,0.0005548,-0.0187206,-0.0027207,47
2011-03-25,0.0128298,0.0137804,0.0242786,0.0036738,0.0018494,0.0124016,0.0068907,47
2011-03-28,-0.0286228,-0.0051896,-0.0032886,0.0015952,0.0009672,-0.0054475,-0.0119907,47
2011-03-29,0.0223315,0.0043747,0.0071377,-2.2e-06,0.0008779,0.0125241,0.0082098,47
2011-03-30,0.0163919,0.0057323,-0.0023468,0.0018715,0.0042791,0.0067323,-0.0010282,47
2011-03-31,0.0269204,0.0147857,0.022234,-0.0011158,0.0009302,0.0120191,0.0084062,47
2011-04-01,0.013774,0.0056347,-0.0027182,-0.0115165,-0.0053269,0.0030436,0.0119236,47
2011-04-04,0.0043432,0.009313,0.0293089,-0.0011978,-0.0006921,0.0134323,0.0039205,47
2011-04-05,-0.0160159,-0.0101632,-0.0083958,-0.0033166,-0.0025824,-0.0072292,0.0059294,47
2011-04-06,-0.0083193,-0.0071214,-0.0095191,-0.0022562,-0.0021484,-0.0107311,-0.0128936,47
2011-04-07,0.0162038,0.0184857,0.0143881,0.0029738,0.0071537,0.0236223,-0.0062658,48
2011-04-08,-0.0053188,0.006487,0.0043464,0.0023331,0.0053602,0.001478,-0.0134277,48
2011-04-11,-0.0192114,-0.0075085,-0.019084,0.0015531,0.0102451,-0.0043182,-0.0025305,48
2011-04-12,-0.0012676,0.0015602,-0.0009235,-0.0012772,-0.0003268,0.0102799,-0.0048651,48
2011-04-13,0.0012119,0.0056481,0.0055643,0.0039997,-0.0008584,0.0063077,0.010604,48
2011-04-14,0.0032124,-0.0018651,-0.0011326,-0.0019388,0.0040355,-0.0113906,0.0028897,48
2011-04-15,0.0024703,0.0009309,0.0116621,-0.0040773,-0.0014633,-0.0007289,-0.0021946,48
2011-04-18,-0.004952,-0.0065458,-0.0160991,-0.0012612,-0.0013969,0.0084925,-0.0046656,48
2011-04-19,-0.0115035,0.0027722,0.0013675,0.0021755,0.0037504,0.0051457,0.0108025,48
2011-04-20,-0.0157269,-0.0077441,-0.0059947,0.0034768,0.0006437,0.0088062,-0.0006605,48
2011-04-21,-0.0033257,0.0020777,-0.0043494,0.0021395,0.0059226,0.0030412,0.0023884,48
2011-04-22,-0.0008239,-0.0024878,-0.0007759,-0.003207,0.0001561,-0.001921,0.0111897,48
2011-04-25,-0.0062293,-0.0058584,-0.003905,0.0013288,0.0018172,-0.0054989,0.0035517,48
2011-04-26,0.0117671,0.0150566,0.0161929,-0.0032704,-0.0023849,0.0068972,0.0149495,48
2011-04-27,-0.0107906,-0.0072324,-0.0081939,-0.0025346,-0.0014252,-0.012785,0.0008622,48
2011-04-28,0.0108804,-0.0093787,-0.0158113,-0.0028519,0.0015284,-0.0081835,0.0075889,48
2011-04-29,0.0152249,0.0166083,0.0157149,-0.0005159,0.0030809,0.0037013,-0.0083466,48
2011-05-02,-0.0130629,-0.0041851,-0.0094326,-0.0016279,0.0025017,0.0036517,0.0015631,48
2011-05-03,0.0025392,-0.0020956,-0.005509,-0.0018478,0.0023242,0.0040861,0.0086205,48
2011-05-04,-0.0099962,0.0023219,-0.0007067,-0.0037093,-0.0053868,0.0046879,0.0046871,48
2011-05-05,-0.0140879,-0.0064098,0.00066,0.0005024,-0.0070731,-0.0241674,0.012698,48
2011-05-06,-0.0062569,0.0056658,-0.0014109,0.0012172,0.0034915,0.0035425,-0.0282143,49
2011-05-09,0.0270975,0.0041445,0.0061143,0.0026185,0.0034268,-0.0043349,-0.0019443,49
2011-05-10,-0.0041275,-0.0100558,-0.0194903,0.0031277,-3.64e-05,0.008179,-0.0090261,49
2011-05-11,0.0199794,0.0150502,0.0202414,-0.0008715,0.0035874,0.0153622,0.0092086,49
2011-05-12,-0.001373,-0.0007031,0.0129695,-0.0042228,-0.0019177,0.0086151,0.004976,49
2011-05-13,-0.0007562,-0.0040034,-0.0006777,-0.0033608,-0.0034164,-0.0152835,-0.0042228,49
2011-05-16,0.0078582,0.0073656,0.0067705,0.000216,0.0012142,0.0066736,-0.0002322,49
2011-05-17,-0.0158429,-0.0149099,-0.0119544,-0.0030464,-0.0049836,-0.0166671,-0.0084848,49
2011-05-18,-0.0131263,-0.0082506,-0.0156846,0.0017434,0.0039298,-0.0148664,-0.0276205,49
2011-05-19,-0.0079184,0.005449,0.0105179,-0.0021963,-0.0018638,-0.0054717,0.0052839,49
2011-05-20,0.0185764,0.0027328,0.0099741,-0.0007135,-0.0015882,0.013375,0.0191768,49
2011-05-23,0.0065684,-0.0020361,0.0002559,-0.001215,0.0002348,-0.0052458,0.0080622,49
2011-05-24,0.0103057,0.0080949,0.0099751,-0.0022039,-0.0003732,-0.0059604,-0.0005843,49
2011-05-25,-0.0135662,-0.0041966,-0.0057491,-0.0023064,-4.9e-06,-0.0044074,0.0164457,49
2011-05-26,0.0163678,0.021526,0.0137097,-0.0037075,0.0024623,0.0081438,0.0013804,49
2011-05-27,-0.0153724,-0.0040829,-0.0051519,0.0003877,0.0003687,-0.0083521,0.0021115,49
2011-05-30,0.0019025,-0.0011297,0.0006744,0.0034357,-0.0030238,0.0035775,0.0040414,49
2011-05-31,0.017387,-0.0022295,-0.0053926,0.0003321,-0.0013725,0.0135897,0.0064133,49
2011-06-01,0.0126277,0.0049758,0.0154424,-0.0023157,-0.004912,-0.001149,0.004599,49
2011-06-02,-0.022674,-0.0092824,-0.0009931,0.0010193,0.0034221,-0.0064921,-0.0078406,49
2011-06-03,0.0121999,0.0150494,0.0221024,-0.0102763,-0.0053324,0.0125884,0.0221058,49
2011-06-06,0.0019662,0.0064637,-0.0071878,-0.0036468,0.0006052,0.0020534,0.0146812,50
2011-06-07,-0.0070464,0.0004745,-0.0107103,0.0016226,0.0020057,0.0072672,-0.0019054,50
2011-06-08,-0.0004655,-0.0043816,-0.0011215,-0.0013503,0.0015015,0.0075583,0.0132249,50
2011-06-09,0.0034425,-0.0020307,-0.0007038,-0.0014419,0.0079766,-0.0065476,0.016983,50
2011-06-10,0.0057257,-0.0012687,0.0029244,-0.0024088,0.0008783,-0.0029562,-0.0004363,50
2011-06-13,0.0009987,0.004304,0.0093569,0.0023669,-0.0022192,0.0138332,0.0008997,50
2011-06-14,-0.0111227,-0.0042748,-0.0070452,0.0041363,0.0017877,-0.0073654,0.0052656,50
2011-06-15,0.0007764,-0.005256,-0.0129561,-0.0035658,-0.0001097,-0.0038343,-0.0098029,50
2011-06-16,-0.0108907,-0.0209564,-0.0038783,-0.0018669,-0.0003343,-0.0046631,-0.0134199,50
2011-06-17,0.0242391,0.006503,0.0151457,-0.0006874,-0.0025793,0.0068973,0.0030492,50
2011-06-20,-0.0028801,-0.002724,-0.0060175,-0.0028138,-0.0008389,-0.0050303,-0.0010225,50
2011-06-21,0.0091123,0.0130848,0.0308149,-0.0027348,0.002951,0.0196852,0.022003,50
2011-06-22,0.0032777,0.0088445,-0.0048843,-0.0075751,-0.0051938,0.0103612,0.0170381,50
2011-06-23,0.0092302,-0.0027408,0.0105225,-0.0029704,-0.001459,-0.000867,-0.0091817,50
2011-06-24,-0.0048294,-0.002563,-0.0010044,0.0003682,-0.0016375,-0.0031444,0.0054823,50
2011-06-27,0.0045726,0.0033214,4.95e-05,0.0009612,0.0028996,0.0044848,-0.0025918,50
2011-06-28,0.0105663,0.0003924,0.0108957,0.0015973,6.3e-05,-0.0047038,0.0068753,50
2011-06-29,-0.0018175,-0.0022782,-0.0157466,-0.0072745,-0.0077503,-0.0185771,0.0103937,50
2011-06-30,-0.0058024,-0.0008332,0.0044458,0.0008865,-0.0024414,-0.0071262,-0.0101894,50
2011-07-01,-0.0073977,0.0094808,-0.0047158,0.0036751,0.0062599,0.0082711,0.0088636,50
2011-07-04,-0.0022518,0.002505,-0.0024266,-0.0018926,-0.00512,0.0035091,0.000187,50
2011-07-05,-0.0245924,0.0023984,-0.0068609,0.0063494,0.0015547,0.0041728,-0.0046752,51
2011-07-06,0.0036517,-0.0078825,-0.008331,0.0003525,0.0011078,-0.0018346,0.010894,51
2011-07-07,0.0103485,-0.0004299,-0.0021119,-0.0007028,-0.0046704,-0.009524,-0.0137465,51
2011-07-08,0.0033728,-0.0077733,-0.013801,-0.0003379,0.0012459,-0.0088586,-0.0030685,51
2011-07-11,-0.0142033,-0.0004885,-0.0099294,0.0026366,-0.0030173,0.00419,-0.0104583,51
2011-07-12,-0.0096882,-0.0126706,-0.0192393,-0.0060417,-0.0060863,-0.0237689,0.0076867,51
2011-07-13,-0.0074756,-0.0106999,-0.0168285,-0.0047485,-0.0037902,-0.0086321,0.0054383,51
2011-07-14,0.0269664,0.021879,0.037861,-0.0060323,-0.0012892,0.0067638,0.0292906,51
2011-07-15,0.0039921,-0.0086009,-0.0118443,-0.0016672,-0.0034257,-0.0015082,-0.0046256,51
2011-07-18,0.0149515,0.0020338,-0.0006585,-0.0035029,0.0059716,0.0133669,0.0064731,51
2011-07-19,0.0057455,-1.04e-05,0.0009096,0.0001246,-0.0026688,-0.0141688,0.0110594,51
2011-07-20,0.0068944,0.0087214,0.0111719,-0.0007511,0.0058126,0.0125964,-0.0018676,51
2011-07-21,0.0032677,-0.0054896,-0.0012341,-0.0012073,0.0021509,-0.0110972,-0.0061824,51
2011-07-22,-0.0003945,-0.0075167,-0.001565,0.0039438,-0.0020054,-0.0060284,-0.0026884,51
2011-07-25,-0.0164812,-0.0047918,-0.0164766,-0.0021831,-0.0032549,-0.0092197,0.0003922,51
2011-07-26,-0.0139252,0.008843,0.0051943,0.0004657,0.0047896,0.0114729,0.0097502,51
2011-07-27,-0.0145017,0.0027389,0.002463,-0.0019816,-0.0002989,0.0138236,-0.0048833,51
2011-07-28,-0.0053563,0.0112464,0.0119043,-0.006543,-0.0046176,-0.0067161,-0.0012094,51
2011-07-29,-0.0044918,-0.01372,-0.0157424,-0.0042563,-0.0044379,-0.0237833,0.0072976,51
2011-08-01,0.0127414,0.0031055,-0.0042518,-0.0001019,0.002757,0.0061283,0.0017269,51
2011-08-02,-0.0149407,-0.0113137,-0.0079628,0.0016791,0.0027654,0.0008678,-0.0050243,51
2011-08-03,-0.0114554,0.0005478,0.0036438,0.0049111,-0.0010284,-0.000386,0.0017293,52
2011-08-04,-0.0098579,-0.0191905,-0.0075199,0.0034223,0.0031688,-0.0116111,-0.0043935,52
2011-08-05,-0.0010137,-0.0012693,0.0116351,-0.0021958,-0.0011311,-0.0063706,-0.0107193,52
2011-08-08,0.0152897,-0.0001288,-0.0096818,0.0009429,-0.0010062,0.0098762,0.0035783,52
2011-08-09,0.0116587,0.0111637,0.0059463,0.0011452,0.0029291,0.0191348,0.0014838,52
2011-08-10,0.0056358,-0.0016877,-0.0144495,-0.0019675,0.0014646,-0.007901,-0.0034369,52
2011-08-11,-0.0081621,0.0117182,0.0075032,-0.0043826,-0.0032734,-0.0042854,-0.0146458,52
2011-08-12,-0.0041131,0.0073345,0.0111118,-0.0015722,-0.0004508,-0.0017033,-0.0075598,52
2011-08-15,0.0170355,-0.0083965,-0.0184065,-0.0014961,0.0027142,-0.0175158,-0.0124564,52
2011-08-16,0.0257703,0.002071,0.0124392,-0.0075814,-0.0017643,-0.0060966,0.0069304,52
2011-08-17,0.0136846,-0.0124901,-0.0025858,0.0031451,-0.0039239,-0.0027371,0.0077677,52
2011-08-18,0.014067,0.0085132,0.0198994,-0.0039626,0.0020697,0.0206137,-0.0063613,52
2011-08-19,-0.0019084,-0.0007901,-0.01032,0.0027697,0.0035315,-0.0057687,0.0012801,52
2011-08-22,-0.0037134,0.0076931,0.0172842,-0.0013554,0.0033538,-0.0022499,0.0140516,52
2011-08-23,0.0169541,0.005334,0.0128098,0.0027735,0.0063221,0.0111062,-0.0013796,52
2011-08-24,-0.0179817,-0.0185335,-0.0215021,0.003062,-0.0032887,-0.022383,-0.013364,52
2011-08-25,-0.0118139,-0.0072118,-0.0032445,0.0026756,-0.0028548,0.000705,-0.0045544,52
2011-08-26,-0.0065912,-0.0041733,-0.0103399,-0.0044626,-0.0065299,-0.0065821,-0.011674,52
2011-08-29,-0.013838,-0.0056162,0.010777,-0.0027047,-0.0031505,-0.0201183,-0.011538,52
2011-08-30,0.0165007,-0.0161043,-0.0115052,0.0046717,0.0020793,-0.0018755,0.009775,52
2011-08-31,-0.0113588,-0.0021349,-0.0039181,0.0024538,-0.0020012,0.001614,-0.0032936,52
2011-09-01,-0.0111819,0.0044758,0.0063797,0.0049524,-0.0023661,0.0069575,-0.0081121,53
2011-09-02,0.0023728,0.0084732,0.0009609,-0.0014548,-0.0026374,0.0085382,0.0111924,53
2011-09-05,0.0144898,0.0069256,0.01027,-0.0035395,0.0016935,0.0225333,0.0205238,53
2011-09-06,0.0129283,0.0108832,0.0134235,0.0005088,-0.0064257,0.0041544,-0.0048438,53
2011-09-07,0.0232516,0.0140239,0.0156297,-0.0014153,-0.0028284,0.018173,-0.0140293,53
2011-09-08,0.0009957,0.0012917,0.0020294,0.0018806,0.0019106,-0.0118917,0.0014252,53
2011-09-09,-0.0007626,0.0029799,0.0039791,0.0012054,0.0022923,0.0016024,-0.0024422,53
2011-09-12,-0.0058059,-0.0049847,-0.0091241,-0.0009968,0.0073049,-0.0127327,0.01062,53
2011-09-13,0.018371,0.0093081,0.0104481,-0.0003858,0.0028894,0.0100202,0.0205113,53
2011-09-14,-0.0055057,-0.0027625,0.0009683,-0.004281,-0.0020222,-0.0010244,0.0014669,53
2011-09-15,0.0037009,0.004854,0.0091224,-0.0025975,-0.0024464,-0.0050691,0.0161313,53
2011-09-16,0.0090571,0.0091385,0.0154799,-0.0020353,-0.0022301,0.0080643,0.0025633,53
2011-09-19,-0.0070637,-0.0134166,-0.0132964,-0.0015183,-0.0079469,-0.0199464,0.0040647,53
2011-09-20,0.0058039,0.0199819,0.0113185,-0.0021949,-0.0007755,0.0242851,0.0166386,53
2011-09-21,0.0239325,0.0117004,0.0275247,0.0018378,0.0004885,0.011219,0.020661,53
2011-09-22,-0.0266659,-0.0153257,-0.0155984,-0.0034381,-0.0044141,-0.0117063,0.0051083,53
2011-09-23,-0.0117311,-0.0117207,-0.0198086,-0.0014847,2.64e-05,-0.0161651,-0.0131046,53
2011-09-26,-0.0144574,-0.0111549,-0.0178325,0.0003346,-0.0015397,-0.0131934,-0.0024014,53
2011-09-27,0.0074596,0.0117579,0.0120124,0.0035938,0.0080897,0.0097659,0.0008666,53
2011-09-28,0.001218,0.0075676,-0.0020245,0.0039534,0.0007974,0.0167793,0.002304,53
2011-09-29,0.0014972,-0.0039117,0.004812,0.0047433,0.0091005,-0.0007162,-0.0046265,53
2011-09-30,-0.0119046,-0.0053481,-0.0115022,0.0016575,0.0028705,-0.0009935,0.0136101,54
2011-10-03,-0.0020232,0.0078763,0.0073474,-3.94e-05,0.0037459,0.0113271,0.005172,54
2011-10-04,-0.0012076,0.0076568,-0.0024828,-0.0038298,-0.0034562,-0.000469,-0.0014696,54
2011-10-05,-0.0131721,-0.0126233,-0.0133565,-0.0014479,-0.0057294,-0.0070968,-0.0320988,54
2011-10-06,-0.0032944,0.0072804,0.0184037,0.0014613,0.00126,-0.0017751,0.0008854,54
2011-10-07,-0.0038926,-0.0033296,0.0096696,-0.0028977,0.0009874,0.0105748,-0.0051557,54
2011-10-10,0.0009339,0.0070716,0.0056795,0.0040551,0.005064,0.0103778,-0.0027835,54
2011-10-11,0.0019434,0.0103352,0.006578,-0.0031838,-0.0063076,0.0131882,-0.0060063,54
2011-10-12,-0.0049464,0.0018486,0.0026773,0.0043555,0.0050232,0.002294,-0.000515,54
2011-10-13,-0.0006852,0.0056855,0.0018406,0.0014487,0.0034894,4.94e-05,-0.0087143,54
2011-10-14,0.0106233,-0.0158004,-0.016024,-0.0041933,-0.0003274,-0.0156313,-0.0032906,54
2011-10-17,-0.0011202,0.0080385,0.0001192,5.38e-05,-0.0023593,0.0018458,-0.0012231,54
2011-10-18,0.0128729,0.0116843,0.0191407,-4.79e-05,0.0006952,0.0041751,0.023067,54
2011-10-19,-0.0117714,-0.0109535,-0.0121928,0.0008133,-0.0021596,-0.0196463,-0.0064909,54
2011-10-20,-0.0091569,-0.0021809,-0.0003345,-0.0031337,-0.0046519,-0.0062501,-0.0069638,54
2011-10-21,-0.0010652,0.013745,0.0170941,-0.0032793,-0.0041165,0.0001722,0.0078255,54
2011-10-24,-0.0040958,-0.0069196,-0.0132296,0.0014762,-0.0037519,0.0045026,-0.0093028,54
2011-10-25,-0.0005216,0.0097558,-0.0016933,-0.0031813,0.0033205,-0.0012366,0.0016245,54
2011-10-26,0.0109133,0.0083709,0.0100948,-0.0032777,-0.0045834,0.0008637,0.0147484,54
2011-10-27,-0.0026808,0.0024601,0.0011595,0.0016491,0.0063442,0.0142028,-0.0179869,54
2011-10-28,-0.014298,-0.0130243,-0.0104614,0.0022423,-0.0007849,-0.016283,-0.0029611,54
2011-10-31,0.0069478,0.0126107,0.0058609,0.0006455,0.0060953,0.0171087,-0.0048197,55
2011-11-01,5.15e-05,0.0118464,0.0185765,-0.0041831,-0.000351,0.0140284,0.0224024,55
2011-11-02,0.0095161,0.0024177,-0.0063195,-0.0018951,0.0033719,-0.0021494,-0.0023909,55
2011-11-03,-0.0116233,0.0004515,0.0080551,0.0006251,-0.001818,-0.0020707,0.003116,55
2011-11-04,-0.0005747,-0.0017905,-0.0116109,0.0002954,0.0005451,-0.0047458,-0.0119811,55
2011-11-07,0.0004065,0.002684,-0.018197,-0.0006239,-8.61e-05,-0.0130397,-0.0070418,55
2011-11-08,-0.028319,-0.030269,-0.0145495,8.37e-05,-0.0025502,-0.0266798,-0.0123365,55
2011-11-09,-0.0139661,0.0046689,-0.0014777,-0.0054067,-0.0039021,-0.0028081,0.0058144,55
2011-11-10,-0.0162663,-0.0038807,0.0142936,0.0009978,-0.0018558,0.0033778,0.0082037,55
2011-11-11,-0.0050791,-0.0118146,-0.0158185,0.0045731,0.0060447,0.0064249,0.0078635,55
2011-11-14,-0.0111403,-0.0059365,0.0004778,-0.0075016,-0.0021809,-0.012846,0.0080347,55
2011-11-15,-0.0021271,0.0092534,0.0133547,0.0079622,0.0023476,0.0113326,0.0100362,55
2011-11-16,0.0029172,0.0172737,0.0027691,0.0037543,6.47e-05,0.0035651,-0.0003515,55
2011-11-17,0.0054314,0.0097589,0.0126642,-0.000162,-0.0005329,0.0104963,0.0018995,55
2011-11-18,-0.0229729,-0.0074772,0.0011231,0.0018713,-0.0019789,-0.0042137,0.0136199,55
2011-11-21,-0.0023332,-0.0073267,5.45e-05,-0.0007356,0.0043381,0.0056582,-0.0078822,55
2011-11-22,0.015826,-0.0040671,0.0137604,0.0030866,0.0022611,0.0069017,-0.0152866,55
2011-11-23,0.0138494,0.0112659,0.0152164,-0.002652,-0.0072533,0.000114,0.0010169,55
2011-11-24,0.0167179,0.0025123,0.018262,0.0009931,0.0047224,0.0137839,-0.0003572,55
2011-11-25,-0.0079883,-0.006493,-0.0256558,0.0013523,0.0006006,-0.0010402,-0.0101801,55
2011-11-28,-0.0153532,-0.0055143,-0.0059627,-0.0024264,0.0016833,-0.0161065,0.0034784,55
2011-11-29,0.0056993,0.0176529,0.0092467,-0.0001057,0.0006362,0.0135094,0.0016882,56
2011-11-30,-0.0036204,0.0081813,0.003838,0.0009587,0.0033291,-0.0155294,0.0127467,56
2011-12-01,-0.0266412,-0.0144561,-0.0301666,0.0039588,0.0051342,-0.0069171,0.0019556,56
2011-12-02,-0.0104378,0.0024649,0.0076293,-0.0058658,-0.0070526,-0.0041461,-0.0124292,56
2011-12-05,-0.0002347,0.0035637,-0.0009026,0.0059238,0.0026393,-0.0058446,0.0055597,56
2011-12-06,-0.0031904,-0.0071367,-0.0157793,0.00164,0.0035686,-0.0029453,-0.0086341,56
2011-12-07,-0.0179642,-0.0058494,-0.0004729,0.0005145,0.0021346,-0.0034962,-0.0092596,56
2011-12-08,0.0216409,0.0012159,0.0150291,0.0017914,0.0049069,0.0067724,0.0089214,56
2011-12-09,-0.0127407,-0.0043214,-0.0013676,0.0020561,0.0003163,0.0013412,-0.0001785,56
2011-12-12,0.0237044,0.0054339,0.0032312,-0.0001137,-0.0026532,0.0136772,-0.0024223,56
2011-12-13,0.0021985,0.0038872,0.0200599,-2.05e-05,-0.0020326,-0.0014967,-0.0004101,56
2011-12-14,-1.46e-05,-0.0084223,0.0039352,0.0008272,-7.56e-05,-0.0151047,-0.0124598,56
2011-12-15,-0.003296,0.0004854,0.0010604,-0.0040056,-0.011628,-0.0144489,-0.011591,56
2011-12-16,-0.0070483,-0.0085205,-0.014467,0.001471,-0.0009851,-0.0077219,-0.0073117,56
2011-12-19,-0.008602,-0.0024456,-0.0072798,0.0033712,0.0041427,0.0058325,-0.0178459,56
2011-12-20,-0.0034302,-0.0023155,0.0033631,0.0018658,0.0032783,0.0029675,-0.0089845,56
2011-12-21,0.0213176,0.0097309,0.0041161,-0.0041943,-0.0024828,0.0103259,0.0095813,56
2011-12-22,-0.0061037,-0.0049968,-0.0085697,-0.0017616,0.003384,-0.0006874,-0.0071391,56
2011-12-23,0.0082123,0.0085118,0.0155521,-0.0009185,0.0013161,0.0163346,0.0006629,56
2011-12-26,-0.0039808,-0.0035782,-0.0083225,0.0057257,0.0018478,0.0062022,0.0069565,56
2011-12-27,-0.0072642,0.0005131,-0.0095328,0.0033291,0.0036845,0.0060826,-0.0041088,56
2011-12-28,0.0059672,0.0033287,0.0107653,-0.0019889,-0.0010853,0.011652,-0.0028413,57
2011-12-29,0.0063516,0.0084893,-0.0068099,-0.0031751,-0.0007543,-0.007403,-0.0045485,57
2011-12-30,0.0171796,0.0076914,0.0153108,-0.0072108,-0.001107,0.0111142,0.0127219,57
2012-01-02,0.0178128,0.0139291,0.0136648,-0.0092879,0.0008117,-0.0013693,-0.0111157,57
2012-01-03,0.0291731,0.0122754,0.01841,-0.0001298,-0.0027353,0.0135981,0.0092381,57
2012-01-04,0.0066438,0.0041998,0.0134695,0.0006277,-0.00178,0.0092016,0.0120535,57
2012-01-05,-0.0040034,-0.0018857,-0.017624,0.0024991,0.0018694,0.0037783,-0.0012024,57
2012-01-06,0.0126087,0.0191284,0.0317865,0.0021006,0.0037324,0.0327088,-0.0029078,57
2012-01-09,0.0273994,-0.001472,0.0085129,-0.0007359,0.005395,-0.0006267,0.0056563,57
2012-01-10,-0.0283123,-0.021907,-0.0279682,0.0072758,0.006012,-0.0046697,-0.0120899,57
2012-01-11,0.0022568,0.000649,-0.0013409,-0.0005477,-0.0025509,0.0027069,-0.0146422,57
2012-01-12,-0.0125601,-0.0016571,-0.0162581,-9.77e-05,0.0029316,0.0160609,-0.0156351,57
2012-01-13,0.0038617,0.0125802,0.0123989,0.000964,0.0006522,0.0158068,0.0039284,57
2012-01-16,0.0153374,0.0051906,0.0128272,0.0013246,0.0080861,0.013757,0.0143514,57
2012-01-17,-0.0091224,-0.0107649,-0.0146738,0.0005479,0.0028691,-0.0214475,-0.0170181,57
2012-01-18,0.0055685,0.0055672,-0.0091009,-0.0009489,0.0015305,0.0055776,0.0122979,57
2012-01-19,0.010299,0.0061071,0.0045867,0.000845,-0.0004698,0.0029746,-0.0047381,57
2012-01-20,0.0149755,0.0052872,0.0069656,-0.0038714,-0.0007151,0.0064721,0.0045128,57
2012-01-23,0.0115311,0.0018856,-5.42e-05,0.0011254,0.000629,-0.0033548,0.0138021,57
2012-01-24,-0.0252926,-0.0089465,-0.0009468,0.003709,0.0003591,-0.0046667,-0.0134107,57
2012-01-25,-0.0063893,-0.0103484,0.00929,0.0021077,-0.0009029,-0.0046512,0.0046001,57
2012-01-26,0.0141819,0.0115306,0.0182282,-0.0022963,-0.0022508,0.0173625,0.0026825,58
2012-01-27,0.0018167,0.0113806,0.001219,-0.0021132,-0.0006177,0.0027229,-0.0045767,58
2012-01-30,0.009321,-0.0031345,0.0211309,0.0015313,0.0041422,0.0185117,0.0060368,58
2012-01-31,0.0007411,0.007385,0.0036962,0.0011397,-0.0025799,0.0090126,0.0118808,58
2012-02-01,0.0112797,0.0134197,0.0181041,-0.0002804,0.0040818,-0.00023,0.005565,58
2012-02-02,0.0113728,-0.0002476,-0.0097586,0.0036715,0.0042153,-0.0017494,-0.0124253,58
2012-02-03,-0.0191398,0.0037292,0.0050992,-0.002355,0.0005677,0.0056666,-0.0133557,58
2012-02-06,0.0164255,0.013015,0.0228209,0.0019234,0.0048387,0.021306,0.0003808,58
2012-02-07,0.0347208,0.0191689,0.023786,0.0004212,-0.0017894,0.0221544,0.003448,58
2012-02-08,0.0229785,0.016637,0.0127077,-0.0008912,0.0032827,0.011894,0.0153433,58
2012-02-09,-0.0069718,-0.0053935,-0.0119438,-0.0045617,0.001274,-0.026955,-0.0079186,58
2012-02-10,-0.0259344,-0.0089222,-0.0124061,0.0056919,0.0067953,-0.00873,-0.0126835,58
2012-02-13,0.010663,0.0187658,0.0090257,-0.0014123,0.003191,0.0037727,-0.0041775,58
2012-02-14,-0.0148229,0.0073349,0.0014529,-0.001722,0.0003738,0.0040965,-0.0045074,58
2012-02-15,-0.0055389,-0.0069501,-0.0127107,0.0014639,-0.0061766,-0.0068504,-0.0103368,58
2012-02-16,-0.0156037,-0.0047428,-0.0063611,-0.0013694,0.0065153,-0.0086769,0.000151,58
2012-02-17,0.0116204,0.0031415,-0.0079517,0.0003749,0.006124,-0.0054783,-0.0140522,58
2012-02-20,-0.0131542,-0.0069097,-0.0023708,0.0014139,-0.0019786,-0.0063616,0.0081676,58
2012-02-21,-0.0073415,-0.0121151,-0.0131642,0.0004888,0.0019522,-0.024985,0.0055403,58
2012-02-22,-0.0294475,-0.022579,-0.0191405,0.0029391,0.0026159,-0.0114289,-0.0093049,58
2012-02-23,0.0080977,-0.0020156,0.006962,-0.0054462,-0.0044833,-0.0091016,0.0049386,58
2012-02-24,0.008092,-0.0052576,-0.0083113,-0.0032443,-0.0008181,-0.0074503,-0.0068437,59
2012-02-27,0.0216599,0.0108485,0.006789,-0.0025874,-0.0024624,0.0037538,0.0045574,59
2012-02-28,0.020662,0.0065124,-0.0061122,0.0022252,0.0028026,0.0089029,0.0014463,59
2012-02-29,-0.0161752,-0.0009928,-0.0055851,0.0007162,-0.0024577,-0.0168807,-0.0116735,59
2012-03-01,0.0014159,-0.0064819,0.0032804,-0.0027566,-0.0012783,0.0020271,0.0005384,59
2012-03-02,0.0111814,-0.0095334,-0.0084163,0.0017137,0.0016559,-0.0099447,-0.0044361,59
2012-03-05,-0.0063492,0.0018251,0.0031618,0.002622,0.0045396,-0.0008343,0.0076429,59
2012-03-06,-0.0094478,-0.0215057,-0.0131526,0.0002436,-0.0031112,-0.0190325,0.0026322,59
2012-03-07,0.0202112,0.0113721,0.0225438,0.0021623,0.0042627,0.0132264,-0.0011728,59
2012-03-08,-0.0032179,-0.0013873,-0.0033298,0.0023578,0.0029236,-0.0002196,-0.0018939,59
2012-03-09,-0.0045746,-0.0146235,-0.0157345,0.0001039,-0.0018354,0.0173915,-0.0149604,59
2012-03-12,-0.0009319,-0.0039106,0.0027656,0.0009493,-0.0043994,0.0034466,-0.0233575,59
2012-03-13,0.0040758,0.0029066,0.0043253,-0.0079558,-0.0038662,-0.007998,0.0045004,59
2012-03-14,-0.0142962,-0.0035909,-0.0049067,0.0021446,-0.0007409,0.0009348,-0.0023163,59
2012-03-15,0.0058541,0.0102154,0.0035381,-0.00296,-0.0046296,0.013468,0.0036176,59
2012-03-16,0.0122542,0.009676,0.0161663,-0.0014251,-0.0040761,-0.0078947,0.010974,59
2012-03-19,0.0115159,-0.0048893,0.0002442,-0.0006905,-0.0014472,0.0009038,0.0105813,59
2012-03-20,-0.0300667,-0.0180988,-0.029616,0.0011671,-0.0079068,-0.0013009,-0.0239763,59
2012-03-21,-0.0112368,0.0071069,-0.0012862,0.0003075,0.0053408,0.0137916,0.0001618,59
2012-03-22,0.0002019,0.0032398,0.0008575,-0.0002261,-0.0030951,-0.0027539,-0.0028043,59
2012-03-23,-0.0018263,0.007033,-0.0096068,0.0010078,-0.0041479,0.0056991,-0.0068915,59
2012-03-26,0.0131883,0.0006557,0.0088098,0.0006655,-0.0012166,-0.0023684,-0.0042575,60
2012-03-27,0.0177896,0.016419,0.0097318,-0.0019735,0.0032295,0.0049203,-0.005481,60
2012-03-28,-0.0081461,-0.0070354,-0.0156307,-0.0027304,-0.0033227,-0.0120001,-0.0103311,60
2012-03-29,-0.0006611,0.0063246,-0.0041726,-0.0045463,-0.0042821,-0.0012483,0.002301,60
2012-03-30,-0.0033044,0.0093407,0.0004614,0.0017578,0.0028256,0.0062093,0.0105429,60
2012-04-02,-0.0038892,0.0022573,0.0147451,0.0005885,0.0034282,0.006461,-0.0041166,60
2012-04-03,0.0162781,0.000215,0.0003939,0.0023458,-0.0002006,-0.0045845,0.0030332,60
2012-04-04,0.0196215,0.0023467,0.0103432,-0.0018223,0.0009605,0.0101291,0.0094776,60
2012-04-05,0.001766,-0.0116417,-0.0007287,0.0061204,0.0007061,-0.0040279,0.0133994,60
2012-04-06,0.0113005,-0.0001727,0.0048511,0.0019809,0.0046348,0.0106228,-0.0053946,60
2012-04-09,-0.0004327,-0.0076354,0.0010723,0.0033021,0.0039661,-0.0053281,0.0066386,60
2012-04-10,-0.0033464,-8.14e-05,0.0015613,0.0013953,-0.000301,0.0043143,-0.0077754,60
2012-04-11,-0.0057352,-0.0048487,-0.0053821,0.0006723,-0.0007428,-0.0135062,-0.0094195,60
2012-04-12,-0.0043677,-0.003603,0.0032815,-0.0035581,-0.0051329,-0.0029128,0.0116914,60
2012-04-13,-0.0041193,0.0029578,0.0047971,-0.0029527,-0.0037652,-0.003385,0.0171834,60
2012-04-16,0.024562,0.0063573,0.021397,0.0021643,0.0053717,0.0101159,0.0182829,60
2012-04-17,-0.0026882,-0.009396,-0.0183875,-5.43e-05,-0.0062534,-0.0112791,-0.0154995,60
2012-04-18,-0.0156173,0.0033916,-0.0221819,-0.005005,-0.0071442,-0.0133099,-0.0019097,60
2012-04-19,0.0091176,0.0047526,0.0154715,-0.0006438,0.0022277,-0.0007777,0.0043683,60
2012-04-20,0.0102926,0.0187893,0.0214349,-0.0006789,0.0041689,0.0003981,0.00272,60
2012-04-23,-0.0127928,-0.0169544,-0.0070507,-0.0037201,-0.0041591,-0.0189022,-0.0103543,60
2012-04-24,-0.0112988,0.0079133,0.0006136,-0.0014988,0.0021698,0.0021426,0.0009844,61
2012-04-25,0.0164502,0.0074165,0.0117194,0.0014584,0.0032559,0.0058135,-0.0041954,61
2012-04-26,-0.0044314,-0.0130715,-0.0174344,-0.0042399,-0.002933,-0.0013091,0.0067534,61
2012-04-27,-0.0086869,-0.0115074,-0.0017348,-0.003121,-0.0080786,-0.0039956,-0.0059441,61
2012-04-30,-0.0087974,-0.0090461,-0.0038616,-0.0053842,0.0003322,-0.0122555,0.0022185,61
2012-05-01,-0.0142787,-0.0048276,-0.0200796,0.0051575,0.0018697,0.0018049,0.0035344,61
2012-05-02,-0.0016114,0.010307,-0.0026219,-0.0018323,0.0029015,0.0061212,-0.0026784,61
2012-05-03,-0.0227957,-0.0105918,-0.0012002,0.0024482,0.0012721,0.0066309,-0.0002238,61
2012-05-04,0.0119253,0.0015439,-0.0037695,0.0016094,0.000935,0.0092464,0.0108432,61
2012-05-07,-0.0128122,-0.0132226,-0.0140898,0.0041821,0.0038906,-0.0149754,-0.0010101,61
2012-05-08,-0.0037277,-0.0081988,-0.002897,-0.005663,-0.0065514,-0.0090286,0.0015857,61
2012-05-09,-0.0058268,-0.0048868,-0.0111282,0.0003342,0.001185,-0.0087425,-0.0013303,61
2012-05-10,0.0083064,0.0177101,0.0186764,-0.000673,-0.0004565,0.0118363,-0.0001247,61
2012-05-11,-0.0157173,-0.0121232,-0.0182081,0.0030352,0.0031458,-0.0051453,-0.0004141,61
2012-05-14,-0.0161448,-0.008473,-0.0068702,-0.0017174,-0.0074759,-0.0169399,-0.0014607,61
2012-05-15,-0.0006733,-0.0006335,0.0082252,-0.0045201,-0.0052908,-0.0047789,-0.002455,61
2012-05-16,0.0216572,0.0048506,0.0106445,0.0002362,-0.0025804,0.0110549,0.001165,61
2012-05-17,-0.0193762,-0.0185467,-0.0198907,0.0033652,0.0007431,-0.0137556,-0.0135289,61
2012-05-18,0.0003704,0.0030649,0.0059724,0.0014575,0.0008645,0.0043008,-0.0043033,61
2012-05-21,-0.0022147,-0.0239685,-0.002087,0.0002027,0.000999,-0.0281714,0.0170064,61
2012-05-22,-0.0109803,-0.0061122,0.0005711,0.001732,-0.002756,-0.0065638,0.0139386,61
2012-05-23,-0.0103924,0.0016787,0.0196135,-0.0048151,-0.0029125,0.0001878,0.0060759,62
2012-05-24,0.002912,-0.0127948,-0.0108629,0.0014719,0.0043612,-0.001839,0.0086599,62
2012-05-25,0.0016071,0.0100192,0.0204616,0.0011402,-0.0025598,-0.0013663,0.0108177,62
2012-05-28,-0.0138454,-0.0114511,-0.0139688,0.0065024,0.0030315,-0.0118387,-0.0042309,62
2012-05-29,-0.0135014,-0.0112338,-0.0083073,0.003407,-0.0005832,-0.0079258,0.0102116,62
2012-05-30,-0.011795,-0.0082166,0.0016197,0.0017655,-0.0041826,0.0010759,0.0107841,62
2012-05-31,0.0091075,-0.0081098,-0.0162676,-0.0011428,-0.0022834,-0.0115997,-0.0111869,62
2012-06-01,0.0026785,-0.0019579,0.0061843,0.0007465,0.0023119,-0.0034624,0.0197968,62
2012-06-04,-0.0009879,0.0126616,0.0198688,0.0013921,0.0011565,0.0043908,0.0045693,62
2012-06-05,-0.0053219,0.0077538,0.0139628,-4.52e-05,-0.0003162,-0.0089633,0.009823,62
2012-06-06,-0.0031918,-0.0172425,-0.0254621,-0.0015574,-0.0048587,-0.0061281,0.0085688,62
2012-06-07,-0.0076827,-0.0021258,-0.0020139,0.0028215,0.0029373,0.0034382,-0.0049815,62
2012-06-08,-0.0034543,-0.0069439,-0.0089031,-0.0037907,3.58e-05,0.0050177,-0.0099296,62
2012-06-11,-0.0136564,-0.0040332,0.0007738,-0.0009164,-0.0045114,-0.0103496,0.0034086,62
2012-06-12,0.0139214,-0.0021612,0.0023714,0.0004528,-0.0016722,-0.0067997,0.0064855,62
2012-06-13,-0.0187095,-0.0129225,-0.0265222,0.00087,-0.0005174,-0.00798,0.0054736,62
2012-06-14,0.008181,-0.0008482,0.0035423,0.0013714,0.0081746,0.0102066,0.00308,62
2012-06-15,-0.0034802,0.0004725,-0.007451,0.0002256,0.0039027,0.0095827,0.0065896,62
2012-06-18,-0.0280175,-0.0188426,-0.0407259,0.0002661,-0.0024921,-0.011376,0.0023329,62
2012-06-19,0.0133374,-1.97e-05,-0.0019933,-0.0051242,-0.0031048,-0.0012451,-0.0001591,62
2012-06-20,0.0027913,0.0179405,0.0071242,-0.0011379,0.0026053,-0.0019442,0.0047211,62
2012-06-21,-0.0170051,-0.009806,-0.0058619,0.0025865,-0.0044572,-0.0017906,-0.0224506,63
2012-06-22,-0.0058734,-0.0090802,-0.0050383,0.0052757,0.0022982,-0.0020212,-0.0036842,63
2012-06-25,0.0120659,0.0104137,0.0065858,0.0026788,0.005047,0.0091003,0.0106401,63
2012-06-26,0.0016534,0.0042704,0.003306,0.0010972,0.0008781,0.0299594,-0.0077761,63
2012-06-27,-0.0044839,-0.0091787,-0.0126694,-0.001978,-0.0032688,-0.0116366,-0.004969,63
2012-06-28,-0.0148711,-0.0221369,-0.018315,0.0049802,-0.0041752,-0.0035101,-0.0046632,63
2012-06-29,-0.0143633,-0.024548,-0.0266203,0.0038782,0.0009154,-0.0104347,-0.013274,63
2012-07-02,0.0087275,0.0115637,0.0069615,0.0025926,0.00031,-0.0015522,0.0107355,63
2012-07-03,-0.0074965,-6.25e-05,0.0010605,0.0003905,-0.0073984,-0.0112062,-0.0011326,63
2012-07-04,0.0085283,-0.0015869,0.0099088,0.0034447,0.0025291,0.0013874,0.006547,63
2012-07-05,0.0024517,-0.010896,-0.0084065,-0.002852,-0.0028483,-0.0116258,-0.0076662,63
2012-07-06,-0.0100765,-0.0093349,-0.0062748,0.0012787,0.0025717,-0.0055719,0.0047684,63
2012-07-09,0.0035263,-0.005301,-0.0020761,-0.0031462,-0.0030959,-0.0158271,0.0204605,63
2012-07-10,0.0072214,0.0119493,0.0163286,0.0065328,0.0022257,0.0176842,0.0195324,63
2012-07-11,0.0055001,0.013091,0.0060222,0.0026226,0.0058853,0.0123799,-0.0036608,63
2012-07-12,-0.0113796,-0.002131,0.0107211,-7.8e-06,-0.0016795,0.0226607,0.0066483,63
2012-07-13,-0.0048213,-0.0107518,0.0009044,-0.0042173,-0.0053169,-0.0063591,0.0053367,63
2012-07-16,0.0185015,0.0223586,0.0259032,0.0025187,-0.0011972,0.0264207,0.0062113,63
2012-07-17,-0.0021445,-0.0032928,-0.0066912,-0.0005885,0.0026254,-0.0139183,-0.0032642,63
2012-07-18,0.0084482,-0.0018895,-0.0017015,0.0068103,0.0062729,0.0196261,-0.000813,63
2012-07-19,0.0111903,0.0115299,0.012653,-0.004446,-0.0074131,-0.0007239,-0.0146289,63
2012-07-20,0.0014332,-0.0056005,0.0043464,0.0023539,-0.0006525,-0.0026545,-0.0049303,64
2012-07-23,-0.0157627,-0.0088806,-0.0114059,-0.0074806,-0.0037633,-0.0298001,-0.0033118,64
2012-07-24,0.0185626,0.0130755,0.0074302,-8.03e-05,0.0009348,-0.0026005,0.0139509,64
2012-07-25,0.0174095,0.0122809,0.0240705,0.0055344,-0.0037163,0.009499,-0.000978,64
2012-07-26,0.0111239,0.0141175,0.0124886,-0.0044297,-0.003849,0.0064777,0.0029087,64
2012-07-27,0.0063902,0.0012809,0.007583,0.0037988,-0.0003098,0.0106781,-0.0077292,64
2012-07-30,-0.0058833,0.0250154,0.0261962,-0.0045906,-0.0007882,0.0321653,0.0233471,64
2012-07-31,0.0074185,0.0109486,0.0094564,-0.0020604,-0.0041183,0.0057749,-0.0036676,64
2012-08-01,0.0109776,-0.0005201,-0.0045983,0.0010173,0.005752,0.0092673,-0.0052812,64
2012-08-02,-0.0028704,0.0055479,-0.0006056,-0.0012558,-0.0001014,-0.0028788,-0.0058627,64
2012-08-03,0.0013805,0.0002498,-0.0090625,0.0074172,0.0053033,0.0035307,0.0019344,64
2012-08-06,0.0116764,0.0207791,0.0163704,0.0013579,-0.0002715,0.0050103,-0.0005408,64
2012-08-07,0.0153579,0.0140322,0.0224625,-0.0014754,0.0022613,0.0246422,0.0199457,64
2012-08-08,-0.0036874,-0.0022945,0.0018003,0.0021315,-0.0076877,0.0003241,-0.0001261,64
2012-08-09,0.0014341,-0.0006643,-0.0056571,-0.001471,0.005616,-0.007352,-0.0165411,64
2012-08-10,-0.019794,0.000153,0.0060949,-0.0030484,-0.0038498,-0.0051592,0.0011491,64
2012-08-13,-0.018243,-0.0141719,-0.0131484,0.0012408,-0.0024369,-0.0122296,-0.0133054,64
2012-08-14,-0.0176216,-0.0209276,-0.0163025,0.0051812,0.0020984,-0.0196822,0.00511,64
2012-08-15,0.0167974,0.018536,0.0198073,-0.0026831,0.0046215,0.0217299,-0.0037757,64
2012-08-16,0.0071915,-0.005083,-0.0041846,-0.0009369,0.0012775,-0.0058465,-0.0067053,64
2012-08-17,0.0145999,0.0088988,0.0063377,-0.0031116,-0.002585,-0.005746,0.0140033,64
2012-08-20,0.0143976,0.0075809,0.0081993,0.0008824,0.0034385,0.0252435,0.0138852,65
2012-08-21,0.0180691,0.0110994,0.0067845,0.0015073,0.0048433,0.0066533,-0.0027012,65
2012-08-22,0.0053542,0.0067043,0.0129768,0.0002731,0.0011243,0.0055377,-3.66e-05,65
2012-08-23,0.0140606,0.0116816,0.0191265,0.0017663,0.0031383,-0.00432,-0.0088357,65
2012-08-24,0.0018185,0.0067954,0.0077189,-0.0024144,-0.0014033,0.0079879,-0.0015232,65
2012-08-27,0.0083608,0.0128338,0.0065806,-0.0021605,0.0032795,0.013275,-0.0010167,65
2012-08-28,-0.0275791,-0.0041905,-0.0165409,0.0077348,0.0027125,0.009457,-0.0107547,65
2012-08-29,-0.0125234,-0.0051394,0.0026897,-0.002819,-0.0033494,-0.0130334,0.0071327,65
2012-08-30,-0.0243534,-0.0093841,-0.0343021,0.0035039,0.0044754,-0.0105201,-0.0039253,65
2012-08-31,0.0063776,0.0072558,0.0229211,-0.0038488,-0.0036672,-0.0069084,0.012416,65
2012-09-03,-0.0171336,-0.0192089,-0.0198479,0.0029447,-9.93e-05,0.000678,-0.0121059,65
2012-09-04,-0.0047196,-0.0066904,-0.0298121,-0.001217,-0.0054248,-0.0216977,-0.0019788,65
2012-09-05,-0.0144607,-0.0128513,-0.0147146,0.0002555,0.0032824,-0.0173598,0.004855,65
2012-09-06,-0.0091788,-0.008257,-0.0029412,0.0029946,0.0021713,0.0077393,0.0136606,65
2012-09-07,0.0211104,0.0041292,-0.0013609,-0.0010965,-0.000237,0.0031679,-0.0100801,65
2012-09-10,0.0085061,0.0022837,0.0109219,-0.0005851,-0.0024855,-0.0082139,0.0128182,65
2012-09-11,-0.0009497,-0.0058976,-0.0189622,-0.0012848,0.0038601,-0.0132716,-0.005526,65
2012-09-12,0.0009581,-0.0004962,0.0025493,0.0037124,0.011479,0.0130903,-0.0091524,65
2012-09-13,0.0041372,-0.0121036,-0.0024979,-0.0037991,-0.0035552,-0.0059901,0.0046773,65
2012-09-14,0.013524,-0.0010804,-0.0082596,-0.0003249,0.0030813,-0.0138506,0.0016505,65
2012-09-17,-0.0209658,-0.0189757,-0.0136352,0.0025064,-0.0013323,-0.006227,0.0018722,65
2012-09-18,0.0183552,-0.0021042,0.0109706,-0.0015076,-0.0039835,0.0162568,0.0066544,66
2012-09-19,0.0162155,0.008756,0.0004394,-1.09e-05,-0.0024603,0.0037797,0.003286,66
2012-09-20,0.0045143,0.0118001,0.0032548,-0.0010742,0.0074528,0.0038931,0.0019993,66
2012-09-21,-0.0193205,-0.0018824,-0.0286255,-0.0010707,-0.0017526,-0.0158185,-0.016026,66
2012-09-24,0.0023386,-0.0092888,-0.0096907,0.0053108,0.0032758,-0.0209882,0.0011259,66
2012-09-25,-0.0124838,0.0072158,0.0024889,-0.0023899,0.0044906,-0.0013122,0.005886,66
2012-09-26,0.0161361,-0.0006887,0.0113256,0.0030886,0.0062641,0.0052624,0.0139726,66
2012-09-27,0.0003299,-0.0007625,0.0012113,-0.0033725,-0.0078828,-0.0065273,0.0080294,66
2012-09-28,-0.0025478,-0.0124642,-0.0187293,-0.0017856,-0.0085882,-0.011813,-0.0209069,66
2012-10-01,0.0005408,0.0030594,-0.0003085,0.0008414,-0.0023725,6.5e-06,-0.006818,66
2012-10-02,-0.0037282,0.001065,-0.0067729,0.0017555,0.0018088,0.0053459,-0.0070723,66
2012-10-03,-0.0291585,-0.0259935,-0.024965,0.0009611,-0.004759,-0.0316098,-0.0096286,66
2012-10-04,0.0044529,0.0003417,-0.0026868,0.0037528,0.0030363,0.0021995,-0.0032164,66
2012-10-05,0.0147592,0.006728,0.0063807,-0.004266,-0.0076039,0.003512,-0.0035811,66
2012-10-08,0.0072861,0.0038762,0.0019314,-0.004607,-0.005178,0.0146794,-0.007754,66
2012-10-09,-0.007496,-0.0041096,-0.0026032,0.0033419,0.0017972,0.0033498,0.0068798,66
2012-10-10,0.0119759,-0.0084734,-0.0031197,-0.000975,-4.8e-05,0.0037582,-0.0025872,66
2012-10-11,-0.0122744,0.003557,-0.0109833,0.0053846,-5.04e-05,-0.0034717,-0.021175,66
2012-10-12,0.0179333,0.0096534,0.0057934,-0.0024761,-0.003469,0.0043711,0.0006629,66
2012-10-15,0.0017143,0.004334,0.0064561,0.001369,0.0066484,0.0101439,0.0006495,66
2012-10-16,0.00706,-0.0046429,0.0139606,0.0002486,-0.0057495,-0.007038,-1.53e-05,66
2012-10-17,-0.0011626,-0.0080731,-0.0109978,0.0006888,0.0002357,-0.0105205,0.0093536,67
2012-10-18,-0.0145859,-0.0061548,-0.0130068,-0.0062454,-0.0023177,-0.0157402,0.0098073,67
2012-10-19,0.0176548,0.0116599,0.013665,-0.0031344,-0.0027896,0.0107927,-0.0025181,67
2012-10-22,0.0336681,0.0111167,0.0115378,-0.0022762,0.0009214,0.0148604,-0.004712,67
2012-10-23,-0.0021671,-0.0018875,-0.008219,-7.86e-05,-0.00128,0.0088668,0.0080922,67
2012-10-24,0.0189078,0.0063306,0.0354771,0.0066412,0.001157,0.0092922,0.0107437,67
2012-10-25,0.0049201,0.0270829,0.019576,-0.0006007,-0.0021683,0.0112295,0.0046404,67
2012-10-26,0.0009865,-0.0024705,-0.0051817,-0.0014037,-0.0008714,-0.0091284,0.0025986,67
2012-10-29,0.0027545,0.0131874,0.0084216,-0.0016863,-0.0012403,0.0113749,0.0061663,67
2012-10-30,-0.0080397,-0.0074945,-0.0071413,-0.002205,-0.0034517,-0.0132626,-0.0214825,67
2012-10-31,0.0050399,0.0035728,0.0076551,-0.00018,-0.0033883,-0.0009829,-0.0081823,67
2012-11-01,0.0159318,-0.0126221,-0.0109508,-0.0020168,0.0036148,-0.0072749,-0.0036892,67
2012-11-02,0.0107411,0.0072825,-0.0072623,-0.0022451,-0.0007321,0.0086319,-0.0011383,67
2012-11-05,-0.018105,-0.0061578,-0.0163797,-0.0014462,-0.0007373,0.0044726,0.002116,67
2012-11-06,-0.0004497,-0.0020151,0.0013939,0.0006836,-0.0015196,-0.0057547,0.0113021,67
2012-11-07,-0.0028238,0.0006999,-0.000585,0.0025883,-0.0032565,0.0177005,0.0005904,67
2012-11-08,0.0197163,0.0155327,0.0179877,-0.0024442,0.0009487,0.0262021,0.0042662,67
2012-11-09,-0.0212902,-0.020652,-0.0203146,0.0035447,-0.0071119,-0.0173559,0.0021704,67
2012-11-12,0.0234305,0.0097454,0.0273326,-0.005693,-0.0055762,0.0021522,0.0133292,67
2012-11-13,-0.0075523,-0.002204,0.004179,-0.0008758,-0.0019229,0.0034167,0.0005817,67
2012-11-14,-0.0023331,0.0012549,-0.0018005,0.0017253,0.0018286,-0.003271,0.0008808,67
2012-11-15,-0.0019164,0.0013529,0.0020184,-0.0002342,-0.0045396,-0.0064854,-0.0171864,68
2012-11-16,0.0040547,0.007119,0.0065353,0.0004865,0.000672,0.0341064,0.0006857,68
2012-11-19,0.0027524,0.0031116,-0.0021024,0.0032892,0.0065054,-0.0096891,0.0051416,68
2012-11-20,0.0024288,-0.0066713,0.0064961,0.0045374,0.0026503,0.0131794,-0.0088217,68
2012-11-21,0.0003793,-0.0013827,-0.0001406,0.0062905,0.0008475,0.0118424,0.0127009,68
2012-11-22,0.0071083,0.0001576,-0.0071631,0.0022341,-0.0012748,-0.0043167,-0.0156601,68
2012-11-23,-0.008334,-0.000144,0.0009442,-0.0004941,-0.0016525,-0.0118822,-0.0081107,68
2012-11-26,-0.0066321,-0.004032,-0.0133047,-0.0017233,-0.0014671,-0.0128114,-0.0029456,68
2012-11-27,0.0002717,-0.0082602,-0.0158832,-0.0010841,3.69e-05,-0.0003296,0.0005007,68
2012-11-28,-0.0023626,-0.0159204,-0.0191628,-0.0027015,-0.0003557,-0.0201954,-0.0007127,68
2012-11-29,-0.0033475,-0.0160732,-0.0139067,-0.0020357,-0.0019693,-0.0400248,-0.0069653,68
2012-11-30,-0.0064524,0.0043023,-0.0034673,-0.0015709,0.0021941,-0.0119714,0.0098927,68
2012-12-03,-0.0163602,0.0048802,0.0091947,-0.0040054,-0.0026645,-0.0037657,-0.0002567,68
2012-12-04,0.0018876,-0.0096127,-0.00678,0.0028395,0.0032752,0.0025691,-0.0008831,68
2012-12-05,-0.0178902,-0.0037695,-0.017418,-0.0048755,-0.0071067,0.0013131,-0.0080417,68
2012-12-06,-0.0003674,0.0239478,0.0246945,0.000698,-0.0022305,0.0204014,0.0058834,68
2012-12-07,-0.0163767,-0.004981,-0.0123516,0.0002241,-7.82e-05,-0.0084401,0.0055481,68
2012-12-10,0.0184532,0.0154186,0.02438,-0.0066837,-0.001484,0.0134483,0.0072967,68
2012-12-11,-0.0039811,0.0054231,0.0013426,-0.0035508,-0.001076,-0.0025129,-0.0041333,68
2012-12-12,0.0039599,0.0103586,0.0171617,0.0002317,-0.004841,0.0025502,-0.0136193,68
2012-12-13,-0.0135308,0.0020304,-0.0050458,0.0008491,-0.0023691,-0.0159834,0.0056442,68
2012-12-14,-0.0031937,-0.002223,-0.002102,-0.0005353,0.003447,-0.0031959,0.0035326,69
2012-12-17,-0.0024065,-0.0153065,-0.0058596,0.0006454,-0.0042741,-0.0192284,0.0003067,69
2012-12-18,-0.0007508,-0.0066248,-0.0073145,-0.0028782,0.0034217,-0.0046335,-0.0113331,69
2012-12-19,0.0019119,-0.0017809,-0.018038,0.0033633,0.0056646,0.0065784,-0.0078395,69
2012-12-20,-0.0057256,0.0067362,0.0090822,-0.0003717,0.0021364,0.0089013,-0.0016835,69
2012-12-21,-0.0006827,-0.0010701,0.0132291,-0.00199,0.0028383,0.0037921,0.0107767,69
2012-12-24,-0.0179629,-0.0196044,-0.0235929,0.0049077,0.0013697,-0.0088091,0.0036822,69
2012-12-25,-0.0177703,-0.0021724,-0.0154319,-0.0067935,-0.0034842,-0.0243536,0.0194825,69
2012-12-26,0.014736,0.0206385,0.0072021,-0.0015264,0.0027275,0.0161475,0.0041747,69
2012-12-27,0.0058052,0.0114416,0.0179236,0.0032829,0.0023643,0.0120496,0.021993,69
2012-12-28,0.0163268,0.0140975,0.0101504,-0.0009311,-0.0003119,0.0005736,0.0083327,69
2012-12-31,0.0211458,0.0230288,0.0275884,3.99e-05,-0.0024324,0.0120604,0.0197536,69
2013-01-01,0.0067434,0.0051617,-0.0026262,-0.0002141,0.0004159,0.0100037,0.0068851,69
2013-01-02,-0.0120981,-0.0066481,-0.0145793,-0.0009566,-0.0018888,0.0065521,-0.0108605,69
2013-01-03,-0.0064991,-0.0081129,-0.0054076,-0.0013876,-0.0036139,-0.0023267,-0.0026292,69
2013-01-04,0.0021162,-0.0167965,-0.0237751,0.0006483,0.0004913,-0.002964,-0.0092285,69
2013-01-07,0.0132774,0.0060239,0.0137171,0.0006613,0.000716,-0.0004647,0.0106605,69
2013-01-08,0.019536,0.0056979,0.0006767,0.0046759,0.0009954,-7.34e-05,0.0089937,69
2013-01-09,-0.0049288,0.0075526,-0.0060551,0.0006751,-0.0030008,-0.0052966,-0.0041029,69
2013-01-10,-0.0049461,-0.0201229,-0.0150197,0.0047207,-0.0001845,-0.01697,-0.0215314,69
2013-01-11,-0.0070151,0.0007992,0.0062443,0.0041651,0.0019003,0.0115262,-0.0003237,69
2013-01-14,0.0075706,0.0100113,0.0105622,-0.0006112,-0.0006468,0.0137589,-0.0005663,70
2013-01-15,-0.009984,-0.0014981,0.0018804,0.0013527,0.0027658,0.0067387,0.0099815,70
2013-01-16,-0.0004068,0.0090071,0.0051283,-0.0008344,0.0021601,-0.0084077,0.0083235,70
2013-01-17,0.0067267,-0.0028588,0.0023324,-0.000364,-0.0005798,-0.0059302,-0.0077753,70
2013-01-18,0.0102974,0.0030124,0.0181712,0.0012112,-0.0015702,-0.0001802,0.0001581,70
2013-01-21,0.0060121,0.0060952,0.0024437,-0.0006659,-0.0023606,0.0072338,-0.014283,70
2013-01-22,-0.0073201,0.0010379,0.0041524,-0.0060688,-0.0063609,-0.0202377,-0.0049887,70
2013-01-23,-0.0060164,-0.0202454,-0.0197193,0.0037892,0.0005274,-0.0250631,-0.0032412,70
2013-01-24,-0.0273253,-0.0070099,-0.0027538,0.0003799,-0.0015946,-0.0096367,0.0113807,70
2013-01-25,0.005509,0.0023241,0.0072976,-0.0004574,0.0006689,0.0075752,-0.0130544,70
2013-01-28,-0.0079477,-0.0024332,-0.0050798,-0.0002159,0.0031405,-0.0080872,-0.0005698,70
2013-01-29,0.0179796,0.0159708,0.0205487,0.0019404,-0.0002819,0.0081964,0.0001016,70
2013-01-30,-0.0128447,-0.0046859,0.0037802,-0.0036215,-0.008796,-0.0085694,0.0006758,70
2013-01-31,-0.0289432,-0.0168011,-0.0201324,0.0015457,-0.0036564,-0.0302693,-0.0043955,70
2013-02-01,0.0190124,0.0170022,0.028631,0.0023985,-0.0029349,0.0252731,-0.001382,70
2013-02-04,-0.0135907,0.0030015,0.0043249,0.0013431,0.0011717,-0.0016587,-0.0057058,70
2013-02-05,-0.0301272,-0.020594,-0.0094273,0.0030312,-0.0007146,-0.015108,0.0049779,70
2013-02-06,-0.0014583,0.0016846,0.0021197,0.0033143,0.003296,-0.0025418,0.0104928,70
2013-02-07,-0.0080673,-0.007049,-0.0055955,-0.0027622,0.0040814,0.0104313,-0.0141725,70
2013-02-08,-0.0228978,-0.0104281,-0.0248503,-0.0015773,0.0029897,-0.0094684,-0.0130476,70
2013-02-11,-0.0163584,0.0011527,0.0031267,0.0035676,0.0041175,0.0113032,-0.0192876,70
2013-02-12,0.0130278,-0.0004298,-0.0095729,0.0017459,0.0035605,0.0094285,0.0054235,71
2013-02-13,0.0131433,0.0071848,0.0269626,0.0044052,0.0003342,0.0031625,0.0173159,71
2013-02-14,0.0183878,0.020069,0.0286267,-0.0006026,0.0010959,0.0142172,0.0094985,71
2013-02-15,-0.018394,-0.0117826,-0.0214717,0.0014631,0.0059534,-0.0174733,-0.0149794,71
2013-02-18,0.0023949,0.0048548,0.005419,-0.0030539,-0.0060384,-0.0051104,0.0053646,71
2013-02-19,0.0042443,-0.0016739,-0.0041473,-0.0015726,-0.0046026,-0.0159186,-0.0089863,71
2013-02-20,-0.015963,0.0061254,0.0064182,0.0015373,-0.0042024,0.0027017,-0.0043433,71
2013-02-21,-0.000737,0.0016595,0.01853,0.0045312,0.0056479,0.0130816,0.0218801,71
2013-02-22,-0.0056334,-0.0069166,0.0016849,-0.0017385,-0.0006478,-0.0105347,0.0067856,71
2013-02-25,-0.0009513,0.0026153,0.0010051,0.0030007,0.000582,-0.0158375,-0.0078046,71
2013-02-26,0.0065463,0.0022546,-0.0145321,-0.0009212,-9.31e-05,0.0128055,-0.0237153,71
2013-02-27,-0.00628,0.002093,-0.0021004,0.0009067,0.0008578,-0.0027329,0.0060462,71
2013-02-28,0.0040204,-0.0028132,0.0097307,0.0024534,-0.0007821,0.0175583,0.0090672,71
2013-03-01,-0.0111765,0.001097,-0.0038374,-0.002308,-0.0071174,0.0064418,-0.003446,71
2013-03-04,-0.0017102,-0.0069937,-0.0077204,-0.001913,-4.4e-06,-0.0117675,-0.0121699,71
2013-03-05,-0.0213468,-0.0107282,-0.011164,-0.001864,-0.0022446,0.0069005,-0.0060714,71
2013-03-06,0.0248554,0.0197693,0.0418367,-0.0001972,-0.0026323,0.025322,0.0039924,71
2013-03-07,0.0147656,0.0065335,0.0043504,-0.0084778,-0.0001729,0.002983,-0.002422,71
2013-03-08,0.0046015,0.0055083,0.0139307,0.0009272,-0.0020486,0.0041839,0.009307,71
2013-03-11,0.0117307,0.0228063,0.0225488,-0.00241,-0.010405,0.0143342,0.0088254,71
2013-03-12,-0.0142941,-0.0035063,-0.0092969,0.0026799,0.0071797,-0.0079912,-0.0040401,71
2013-03-13,0.0176435,0.0047252,-0.0010401,0.0034457,0.0013769,0.0165317,-0.0134521,72
2013-03-14,-0.0036178,-0.0211693,-0.0210021,0.0028418,0.002694,-0.0228646,0.0002295,72
2013-03-15,-0.011243,-0.0141655,-0.0139671,0.0045769,0.0055746,-0.0114858,-0.0004522,72
2013-03-18,0.003537,0.002839,-0.0048711,0.0008798,-0.0061045,-0.0122951,-0.0128536,72
2013-03-19,0.0280011,0.0134343,0.0159728,0.0023911,0.0024802,0.0157008,0.0216455,72
2013-03-20,0.0158293,0.0065481,0.0160557,-0.004794,-0.0035321,-0.0052919,-0.0129555,72
2013-03-21,-0.0134361,-0.0030078,-0.0109308,-0.0051614,-0.0070494,-0.0091289,-0.0068922,72
2013-03-22,-0.0118184,-0.0005346,-0.0170122,0.0015071,0.0062427,0.0023869,-0.0105251,72
2013-03-25,0.0017893,0.0004739,0.0032245,-0.0006664,-0.0069981,-0.0153893,-0.0070787,72
2013-03-26,0.0012528,-0.0084965,-0.0111072,0.0013654,0.0014172,-0.0123179,-0.0128883,72
2013-03-27,-0.0041602,-0.0043518,-0.0190291,-0.0035935,-0.0030979,0.0008031,-0.0208965,72
2013-03-28,-0.0156687,0.0059834,-0.0077743,0.0002653,0.0055258,-0.0151353,-0.0107874,72
2013-03-29,0.0047003,-0.0111556,-0.0007877,0.0040441,0.0030178,-0.0030624,0.0007178,72
2013-04-01,0.0351233,0.0292349,0.0296304,-0.0027001,0.0021231,0.0442005,-0.0005638,72
2013-04-02,0.0098752,0.0070986,0.0114179,-0.0027656,-0.0030551,0.0050309,0.0046603,72
2013-04-03,0.0236434,-8.2e-05,0.011227,-0.0008082,-0.0031205,0.0140444,0.0107961,72
2013-04-04,-0.0159932,-0.0177332,-0.0087,0.0026841,-0.0016447,-0.0100592,-0.0057063,72
2013-04-05,-0.0074176,-0.0086175,-0.0165817,-0.0029253,0.001368,-0.0165179,-0.0075601,72
2013-04-08,0.0192091,0.016002,0.0255426,-0.0009048,-0.0005563,0.0209954,0.0140401,72
2013-04-09,-0.0167787,-0.0031201,-0.0059847,0.0027895,0.0033671,-0.0120018,0.0058205,72
2013-04-10,0.0010252,0.0003355,0.0150708,0.0065096,0.0032701,0.0119,0.0190594,72
2013-04-11,-0.0001639,0.0038886,0.0076296,-0.0018743,0.0017038,0.0037933,0.0056348,73
2013-04-12,-0.0049201,0.0076378,-0.0003581,-0.0025501,-0.0013004,0.0197024,-0.0048883,73
2013-04-15,-0.0045508,-0.008516,-0.0178706,0.0056642,0.0072439,0.0131761,-0.0097397,73
2013-04-16,0.0101408,-0.0044588,0.0018218,-0.0012736,0.001572,-0.0005017,0.0125682,73
2013-04-17,-0.008761,-0.0016624,-0.0121683,-0.0020635,0.001511,-0.0037214,-0.0225347,73
2013-04-18,-0.0069805,-0.0046652,-0.0124667,0.004264,-0.0011946,-0.0036368,-0.0059542,73
2013-04-19,0.0148718,0.0049813,0.0062421,-0.0019422,-0.0012211,-0.003473,-0.0098367,73
2013-04-22,-0.0091972,-0.0015795,-0.003556,-0.0005855,0.0037674,-0.0118934,0.0050018,73
2013-04-23,0.0134541,0.002023,0.0007624,-0.0035395,-0.0027871,-0.0030443,0.0046932,73
2013-04-24,-0.0022151,0.0113591,0.013834,-0.0007044,0.0037409,0.0036364,-0.0084922,73
2013-04-25,-0.0065584,-0.0045762,-0.0095063,-0.0002447,-0.0051765,0.0150778,-0.010238,73
2013-04-26,-0.0113476,-0.009185,0.0012831,-0.0005896,0.0013159,0.0048207,0.0173268,73
2013-04-29,0.0208213,0.0035392,-0.0018436,-0.0028061,0.0032411,0.0075131,0.0070129,73
2013-04-30,0.005451,-0.0005893,0.0105451,0.004139,0.0025928,0.0015528,-0.0193351,73
2013-05-01,-0.0231392,-0.0112539,-0.0153255,0.009411,0.0089321,0.0006194,0.0017404,73
2013-05-02,-0.0045768,-0.0076856,-0.0146787,0.0013429,0.0007541,0.0007068,-0.0013474,73
2013-05-03,-0.0103685,0.0057043,0.0117615,0.0012271,0.000235,0.0053653,-0.0099394,73
2013-05-06,0.018546,0.0133723,0.0073181,-0.0026641,-0.0044567,0.0057469,0.0031287,73
2013-05-07,-0.0023344,0.001788,0.001387,0.0013367,0.0029878,0.0100741,-0.0058937,73
2013-05-08,-0.0104386,-0.0152002,-0.0164899,0.0043226,0.0050171,-0.004603,-0.0087771,73
2013-05-09,-0.0010379,-0.0029809,-0.0097884,-0.0051497,-0.0050937,0.0156981,0.0145115,73
2013-05-10,0.0072667,0.0038247,0.0110446,0.0025435,0.0001869,0.0034043,0.0016655,74
2013-05-13,-0.0037934,-0.0038445,-0.0155809,-0.005173,-0.0079217,-0.0137626,0.0076572,74
2013-05-14,-0.0299634,-0.0231126,-0.0352417,0.0012726,-0.0019002,-0.0282473,-0.0185912,74
2013-05-15,-0.0209392,-0.023105,-0.0132098,0.0015443,-0.0006782,-0.0177935,-0.008612,74
2013-05-16,0.030488,0.0012722,0.0204039,-0.0049825,0.000368,0.0084691,0.020279,74
2013-05-17,-0.0162753,-0.0235164,-0.0144248,0.0030287,-0.0014179,-0.0116804,-0.0126838,74
2013-05-20,0.0096189,0.0008582,0.0164234,-0.0025627,-0.0036863,0.0067838,0.0037953,74
2013-05-21,-0.0091969,-0.0155071,-0.0209331,-2.69e-05,-0.0006896,-0.0185912,0.004911,74
2013-05-22,0.0207271,0.015316,0.0116044,-0.0002996,0.005898,0.0064013,-0.002706,74
2013-05-23,-0.0194367,-0.0169497,-0.0287719,-0.0016952,-0.0050578,-0.0163042,-0.0069243,74
2013-05-24,0.0274988,0.0143323,0.0156043,-0.0004685,-0.0031302,0.0076515,-0.0001659,74
2013-05-27,9.78e-05,-0.0009125,0.0024028,0.0019013,0.0038953,-0.0067475,-0.0068289,74
2013-05-28,-0.0119816,0.0004388,0.0042548,0.0050379,0.002601,-0.0113206,0.001866,74
2013-05-29,0.0017107,-0.0038755,0.0102032,-0.0044995,-0.0077224,0.0041663,0.0031498,74
2013-05-30,0.0091072,-0.007635,0.0074322,-0.0049761,-0.0104628,-0.0136802,0.0073945,74
2013-05-31,-0.0039781,-0.020158,-0.0208761,0.0047613,0.0013042,-0.0141691,0.0050863,74
2013-06-03,5.08e-05,0.0020034,-0.0002724,0.0029026,0.0056551,0.0135974,-0.0156461,74
2013-06-04,0.0003576,0.005372,0.0094754,0.003996,0.0015173,0.0069051,-0.0027225,74
2013-06-05,0.0024655,0.0045295,0.0116126,-0.0018632,-0.0012361,0.004234,0.0003176,74
2013-06-06,-0.0133724,-0.0068887,-0.0152316,-0.0032574,-0.0040397,-0.0145087,-0.002449,74
2013-06-07,-0.0103325,-0.0078936,-0.0019324,0.0008608,0.0009098,-0.0200976,-0.0069302,74
2013-06-10,-0.0005051,-0.0075013,-0.0134059,-0.0013535,-0.0051736,-0.0014647,0.0067644,75
2013-06-11,-0.0008476,0.013181,0.0012101,0.0020799,0.003989,-0.0020971,0.0059491,75
2013-06-12,0.0288434,0.0195979,0.0310344,0.0017905,-0.0002321,0.0375813,0.0107272,75
2013-06-13,0.0012966,-0.0023371,-0.0020137,-0.0005721,-0.00353,-0.0185896,-0.0143922,75
2013-06-14,-0.0138257,-0.0067181,-0.0052051,-0.0009034,-0.0021386,-0.0052616,-0.0092769,75
2013-06-17,0.0106951,0.0051087,-0.0168779,0.0028568,0.0031147,0.0012302,-0.0062354,75
2013-06-18,0.0129711,0.0144157,0.0287797,-0.0021596,-0.0012651,0.0071004,0.016992,75
2013-06-19,0.00397,0.0090022,0.0026972,0.001808,0.0013849,-0.0042526,0.0014758,75
2013-06-20,0.0190136,0.0154244,0.0193461,0.0015129,0.0051631,0.0119923,0.0177005,75
2013-06-21,0.0275656,0.0076228,0.0107251,0.0025813,0.0047044,0.0207145,0.004858,75
2013-06-24,0.0136032,8.47e-05,0.0103859,-0.0015824,-0.0012349,-0.0037423,0.0031592,75
2013-06-25,0.0147925,0.0082379,0.0026467,0.0016795,0.0025001,0.0012491,-0.0035652,75
2013-06-26,-0.0250578,-0.018819,-0.0308786,0.0024848,-0.0051275,-0.0068291,-0.0179499,75
2013-06-27,-0.003273,0.0072174,0.0095672,-0.0037179,-0.0001873,0.0016697,-0.0005983,75
2013-06-28,-0.0079077,-0.0117976,-0.0014816,0.0035706,-0.0015712,-6.3e-05,-0.0089521,75
2013-07-01,-0.0021797,-0.004814,-0.0011398,0.0031375,-0.00351,0.0090392,0.0098456,75
2013-07-02,0.0160234,0.0065603,-0.0018913,0.0047343,0.003854,-0.0079595,-0.0099219,75
2013-07-03,0.0067847,0.0067593,0.0174924,0.007889,0.0006817,0.0062822,0.0096503,75
2013-07-04,0.0159614,-1.57e-05,0.0014973,-0.0060777,-0.0074577,-0.0046429,0.0109553,75
2013-07-05,0.0166152,0.0246301,0.0291829,-0.0032413,0.0003894,0.0152156,-0.0013302,75
2013-07-08,0.0043211,0.0180288,0.0094608,-0.002672,0.0004396,0.0190005,0.0093463,75
2013-07-09,-0.0061684,-0.0118724,-0.0144458,4.15e-05,-0.0032105,-0.0024554,-0.0026215,76
2013-07-10,0.0210907,0.0143272,0.0197492,-0.0050242,-0.0077815,0.0107245,0.007822,76
2013-07-11,0.0099654,0.0077373,0.0038517,0.0006279,-2.9e-06,0.0042766,0.0150473,76
2013-07-12,-0.0215554,-0.0116998,-0.0238535,-0.0030428,-0.0029435,-0.0153636,-0.0006957,76
2013-07-15,-0.0025806,0.0061412,-0.0015911,-0.0021107,0.004131,0.0007495,-0.0028989,76
2013-07-16,0.0063578,0.0029349,0.0020359,-0.0079617,-0.0034056,-0.001689,0.0065505,76
2013-07-17,-0.0106434,-0.0103837,-0.0053371,-0.0004944,-0.0013835,0.0120779,0.0159268,76
2013-07-18,0.0235887,0.0139835,0.019905,-0.0059027,-0.0042156,-0.0019068,0.0063756,76
2013-07-19,-0.012171,-0.0034439,-0.0082803,-0.0035849,-0.0015123,-0.0017036,0.0011781,76
2013-07-22,-0.0172051,-0.010135,-0.0200283,0.004488,0.0014196,0.0037864,0.0172534,76
2013-07-23,-0.0120649,-0.0092951,-0.0222396,0.0034564,0.0003324,-0.0080789,-0.0139398,76
2013-07-24,-0.0088845,-0.0035102,-0.0100162,0.0044016,0.0030021,0.0011321,0.0075454,76
2013-07-25,-0.0168189,-0.0015075,-0.0057853,-0.000453,-0.0051038,-0.0010277,-0.0010077,76
2013-07-26,-0.0269451,-0.0270956,-0.0342084,0.0009133,-0.0036925,-0.0166886,-0.0114772,76
2013-07-29,-0.0076349,0.0052937,-0.0069225,-0.0024936,0.0001909,-0.0131852,0.0015504,76
2013-07-30,-0.0063243,-0.0043278,-0.0080507,0.0032092,0.003842,-0.0031098,-0.0028596,76
2013-07-31,0.0178835,0.0006479,0.0161394,0.0025566,-0.0014772,0.0037033,0.014806,76
2013-08-01,0.0260236,0.0091698,0.0261515,-0.0006448,-0.0071058,0.0033564,0.0001986,76
2013-08-02,0.0033238,0.0187031,0.010824,0.0037187,0.0034004,0.0270883,0.0158567,76
2013-08-05,0.011514,-0.0035123,-0.0069281,-0.0039753,-0.0039672,0.0054369,0.0057544,76
2013-08-06,0.0051704,0.0117566,0.0046967,0.0029703,0.0023691,0.0149375,0.0038792,76
2013-08-07,-0.0097906,0.0003112,-0.0040536,-0.0022625,-0.000291,-0.0018277,0.0004775,77
2013-08-08,-0.0046938,-0.0072948,-0.0108904,-0.0014638,0.0062916,-0.0241512,-0.0113557,77
2013-08-09,-0.0193426,-0.0116402,-0.008223,-0.0013097,0.0001678,-0.0198428,-0.0173114,77
2013-08-12,-0.0164359,-0.0104425,-0.0183537,-0.0009215,-0.0083868,-0.0062475,-0.0064302,77
2013-08-13,0.004168,0.0068983,-0.0018018,-0.0037193,-0.001458,-0.0061087,0.0096869,77
2013-08-14,0.0209971,-0.0058101,0.0089067,0.0010807,0.0032539,0.0021693,0.0081598,77
2013-08-15,-0.0158908,-0.0032289,-0.0033004,0.0027972,0.0017848,-0.0064908,-0.0093526,77
2013-08-16,0.0083325,0.001199,-0.0063029,-0.0055461,-0.0069213,-0.0137552,-0.0231368,77
2013-08-19,-0.0216772,-0.0178379,-0.0079586,0.0005954,-0.0028201,-0.015307,-0.0195566,77
2013-08-20,-0.0076881,0.0034461,-0.0051069,-0.0060504,-0.0087464,-0.0150909,0.0004037,77
2013-08-21,-0.004952,0.0081214,-0.0015903,-0.0028686,-0.0038344,0.0151852,-0.0058758,77
2013-08-22,0.0096422,0.0028254,0.0166079,-0.0006419,-0.0054964,0.010702,-0.0054491,77
2013-08-23,0.0121469,0.0028823,0.0051522,0.0028763,0.0028523,6.3e-06,-0.0065959,77
2013-08-26,-0.002956,-0.0065577,-0.0034989,-0.0011973,0.0004372,-0.0042528,0.0117114,77
2013-08-27,-0.0028329,-0.0083916,-0.0059073,0.0002416,0.0012436,0.0018533,-0.0091866,77
2013-08-28,0.0177965,0.0068515,0.0181566,-7.06e-05,0.0018217,0.0116785,0.0140786,77
2013-08-29,0.0245722,0.0080532,-0.0001081,-0.0018066,0.0023402,-0.0108209,0.0099477,77
2013-08-30,0.0065016,-0.0026232,0.0045567,0.0031369,0.0007599,0.0110802,-0.0126749,77
2013-09-02,0.003969,0.0147545,0.0064478,0.0021366,0.0059267,0.0140323,0.0070972,77
2013-09-03,0.0088817,0.0088036,0.0115057,-0.0042283,0.0021124,-0.0026534,0.0074908,77
2013-09-04,-0.0050695,-0.0045791,-0.006059,-0.0050645,-0.0005425,-0.0021493,0.0082577,77
2013-09-05,-0.0005949,-0.0031888,-0.0109122,0.0008571,-0.0002778,5.98e-05,-0.0076534,78
2013-09-06,0.0108798,0.0136761,0.0026241,0.0003902,0.002857,0.0084532,0.0176586,78
2013-09-09,-0.0166739,-0.0053124,-0.007971,0.0058094,0.0101234,0.0117719,-0.0008996,78
2013-09-10,-0.0151192,0.0029589,0.0102793,-0.0026794,-0.005644,-0.014207,-0.0032676,78
2013-09-11,-0.0173334,-0.0058031,-0.0188355,0.0021144,0.0019611,-0.012545,-0.0064642,78
2013-09-12,0.019056,0.0097048,0.0219148,-0.0043799,0.0007821,0.0082273,0.0172878,78
2013-09-13,-0.0192102,-0.0010735,-0.0231021,-0.0012296,0.0028401,-0.0045156,-0.0170509,78
2013-09-16,0.016592,0.0028494,-0.0008153,-0.0029377,-0.0041222,0.0044756,0.0066999,78
2013-09-17,-0.0046314,-8.35e-05,-0.0122999,0.0010546,0.0050561,-0.0138634,-0.0065783,78
2013-09-18,0.0041377,0.006068,-0.0004766,-0.0038698,0.0024999,7.07e-05,0.0090605,78
2013-09-19,0.0031944,-0.0111875,0.0116761,0.0027104,0.0019839,0.0063991,0.0088084,78
2013-09-20,-0.0210816,-0.0059371,-0.0106676,0.0076733,0.0041875,-0.0025695,-0.0151538,78
2013-09-23,-0.0172724,-0.0075447,0.0008107,0.002938,-0.0021896,0.0052582,-0.0110512,78
2013-09-24,0.0021749,-0.0034456,-0.0119208,0.0003665,0.0027567,-0.0048722,-0.0150926,78
2013-09-25,-0.0159953,0.0024182,0.0006465,0.0006666,0.0002706,0.0076798,0.0079103,78
2013-09-26,0.0020725,-0.0046382,0.0121304,0.0046343,0.0027603,0.0085383,-0.0026559,78
2013-09-27,-0.0190923,-0.0056874,-0.0092455,0.002434,0.0010361,0.0055155,-0.0047789,78
2013-09-30,-0.0101718,0.0081616,-0.0058812,-0.0050384,-0.0071705,-0.0007647,0.0018895,78
2013-10-01,-0.0062793,0.0105392,0.0018615,-0.00297,-0.0047327,-0.0069277,-0.0040546,78
2013-10-02,-0.0157513,0.0076316,0.0008712,-0.0036709,-0.0007459,0.0016511,-0.0004361,78
2013-10-03,0.00621,0.0075868,0.0089291,-0.0052121,4.2e-06,0.0040825,0.0065755,78
2013-10-04,-0.0030212,0.0123569,0.0158408,0.0007065,0.0003783,0.0099621,-0.0059644,79
2013-10-07,-0.0068503,-0.0146104,-0.0269593,0.004323,-0.0025478,-0.0091013,-0.0077115,79
2013-10-08,-0.0036061,-0.0062881,-0.0004578,0.0011178,0.0024832,-0.0010792,0.0231506,79
2013-10-09,0.0028091,0.0017144,0.0056076,-0.0021204,0.0022766,-0.0069346,-0.0003845,79
2013-10-10,-0.0215185,-0.0081145,-0.0169306,-0.0029505,-0.0043558,-0.0022521,-0.0036915,79
2013-10-11,-0.0104325,-0.0090839,-0.0077629,0.0022132,0.0035279,-0.0063552,0.0134056,79
2013-10-14,0.0038814,0.0078436,0.0100576,0.0033692,0.0040836,0.0046467,-0.0103528,79
2013-10-15,0.0107625,0.0029549,-5.38e-05,0.0048584,0.0010786,-0.0018536,0.0086505,79
2013-10-16,0.0069685,0.0065507,0.0047372,0.0024271,7.28e-05,0.003276,0.014975,79
2013-10-17,0.0101555,0.0091967,-0.0028279,0.005109,0.0012543,0.012003,0.0093886,79
2013-10-18,0.0149292,0.0103054,0.0056974,-0.0047752,-0.0017497,0.0071264,-0.0001587,79
2013-10-21,-0.022241,-0.0137366,-0.0232937,0.0010597,-0.0024892,-0.0165797,-0.004024,79
2013-10-22,0.0217762,0.0169635,0.0190311,0.0041709,0.0046374,0.0122945,0.0134723,79
2013-10-23,-0.003226,0.0038147,0.0175499,0.0047541,-0.0003353,0.0260859,0.0095223,79
2013-10-24,-0.0135656,-0.0074904,-0.0309871,0.003044,-0.0025047,-0.0189917,-0.0197349,79
2013-10-25,0.019488,0.0190704,0.0112133,-0.0005215,-0.0001491,0.0104756,0.0031781,79
2013-10-28,-0.0116824,-0.0157768,-0.017388,0.0023382,-0.0005174,-0.0141955,-0.0051248,79
2013-10-29,-0.021634,-0.0048205,-0.011186,0.0032159,-7.4e-06,-0.0205138,0.0028566,79
2013-10-30,0.0013256,-0.0018331,-0.0030942,-0.0006298,0.0041882,0.0019836,0.0193363,79
2013-10-31,-0.0021514,0.0032039,-0.0019939,0.0046636,-3e-07,0.0256922,0.0018949,79
2013-11-01,0.0055682,0.0107222,0.0077196,0.0015571,-0.0036411,0.0153646,0.0116307,79
2013-11-04,0.013946,0.0074112,0.0087763,-0.0030865,-0.0044867,0.0266703,0.0141368,80
2013-11-05,0.0070381,-0.0028716,-0.0033307,0.0071562,0.0046535,0.0016815,-0.009571,80
2013-11-06,-0.0047937,-0.0013902,-0.017439,0.0004675,0.0038358,0.0020218,0.0057199,80
2013-11-07,-0.0091352,-0.0028697,-0.0056913,0.0049053,0.0055024,-0.0012808,0.0053235,80
2013-11-08,0.0031061,-0.0024242,-0.0103774,0.0033797,0.003338,-0.0049164,-0.0017273,80
2013-11-11,-0.0112813,0.0005234,-0.0055004,-0.0034799,-0.0045984,0.0052182,0.0049866,80
2013-11-12,0.0047369,-0.0003438,0.0020371,0.0002366,-0.0021088,-0.0027942,0.0041414,80
2013-11-13,0.0021051,0.0017904,0.0038921,-0.0010093,-0.003368,0.00134,-0.0047262,80
2013-11-14,-0.0251788,-0.0155824,-0.0310381,0.0034075,0.0057506,-0.0248734,-0.0031409,80
2013-11-15,0.0023793,-0.0230992,-0.013947,0.0024517,-0.0014902,-0.0176645,-0.0018942,80
2013-11-18,0.0013283,-0.0009728,-0.0042048,-0.0018606,0.0029715,0.0033687,0.0006265,80
2013-11-19,0.0069581,-0.0058556,-0.0100732,-0.002465,-0.003198,0.0007474,0.0128222,80
2013-11-20,-0.0104827,-0.0088858,-0.0107379,-0.0009493,-0.0020184,0.0155601,-0.0092775,80
2013-11-21,-0.0043972,-0.0058102,-0.0133613,-0.0064799,-0.0029023,-0.0019961,-0.0048144,80
2013-11-22,0.0189434,0.0091518,0.0168819,0.0030817,-0.0021612,0.0268287,0.0034829,80
2013-11-25,0.0322831,0.0138962,0.0108547,0.0013063,0.0007329,0.011966,-0.005129,80
2013-11-26,-0.0010982,-0.0089927,0.0034698,0.0039743,-0.001354,-0.0083727,-0.0011817,80
2013-11-27,0.0004286,0.0049459,0.002289,0.0057453,-0.0037949,-0.0053735,0.0020604,80
2013-11-28,0.0016515,0.0048991,0.0117121,-0.0032969,0.001499,0.0002482,-0.0098039,80
2013-11-29,0.0133546,0.0034513,0.0022641,-0.0019382,-0.0046991,0.0042184,0.0038726,80
2013-12-02,-0.0064519,-0.0054612,-0.0053844,-0.0006806,-0.0015114,-0.0033096,0.0001889,80
2013-12-03,-0.0138673,-0.0117531,-0.01178,0.00287,0.0025174,-0.0052126,0.0091384,81
2013-12-04,0.0028466,-0.0056289,-0.0024173,0.0008868,-0.0044878,0.0107168,-0.017136,81
2013-12-05,-0.0062387,-0.0113206,-0.0120126,-0.0026437,-0.0012053,-0.0154193,-0.0151572,81
2013-12-06,0.0076243,0.0129182,-0.0009924,-0.0040247,-0.002648,-0.0006502,-0.0009473,81
2013-12-09,-0.0066747,-0.0132641,-0.0210952,-0.002834,-0.0035049,-0.0090499,-0.0134989,81
2013-12-10,-0.0062364,-0.0069315,0.0031126,-0.000502,0.0002338,0.002196,-0.0031151,81
2013-12-11,-0.0310952,-0.014816,-0.0282611,0.0021322,0.0019105,0.0016867,-0.0231949,81
2013-12-12,-0.0160203,-0.0036321,-0.0086844,-1.13e-05,-0.0035832,-1.68e-05,-0.0016108,81
2013-12-13,-0.002471,0.0059562,-0.0026467,-0.00049,-0.0020527,0.0007419,0.0081752,81
2013-12-16,-0.0178796,-0.0076949,-0.0122095,0.0037438,0.0012865,-0.0134464,0.019628,81
2013-12-17,-2.93e-05,-0.0073304,0.0037667,0.0073622,0.0085355,-0.0047392,0.008821,81
2013-12-18,-0.0098877,0.0022165,0.0214728,0.0011803,-5.04e-05,-0.0046734,0.0236942,81
2013-12-19,0.0078413,0.0036197,0.0125692,0.0003781,0.0030371,0.0063656,-0.0007798,81
2013-12-20,-0.0027631,-0.0029661,-0.0125924,-0.0053795,-0.0048165,-0.0016231,0.0001486,81
2013-12-23,-0.0180006,-0.005632,-0.008951,-0.0039643,-0.0042587,-0.0001622,-0.0197848,81
2013-12-24,0.0237898,0.0083596,0.0141693,0.0032118,0.0027183,0.0209778,-0.0086182,81
2013-12-25,-0.0096367,-0.0102564,-0.0069042,-0.0045262,-0.0028302,-0.0080325,-0.000693,81
2013-12-26,-0.0017799,0.0014296,0.0014443,0.0006724,0.0004401,-0.0087364,0.0142137,81
2013-12-27,0.0003905,-0.0180426,-0.0216292,-0.0007702,0.0032218,-0.0144505,-0.0126532,81
2013-12-30,-0.0116973,-0.0082522,-0.0032382,-0.0029545,0.0046049,-0.0026262,-0.0060159,81
2013-12-31,-0.0153274,-0.0127456,-0.0105249,0.0094835,0.0045404,0.0092069,-0.0235061,81
2014-01-01,-0.0261555,-0.0141673,-0.0172234,-0.0035863,-0.0047416,-0.0054663,-0.003534,82
2014-01-02,-0.0160583,-0.0090268,-0.0274697,-0.00227,-0.0054338,-0.0135977,-0.0031023,82
2014-01-03,3.81e-05,-0.0049679,0.0006898,-0.0050912,0.0008547,0.0054551,0.0116109,82
2014-01-06,0.0025836,0.0012991,0.0008202,-3.01e-05,-0.0018919,0.0009371,0.0151735,82
2014-01-07,0.0101828,-0.0033606,0.0078268,0.0031384,-0.0021355,0.002546,0.0057738,82
2014-01-08,0.0017431,0.0008495,-0.007841,-0.0046586,-0.002873,-0.0115513,-0.0014613,82
2014-01-09,-0.0072369,-0.0206384,-0.0137884,0.000212,-0.0043616,-0.0195434,-0.0059777,82
2014-01-10,0.0249846,0.0027754,0.0139846,0.0012573,0.0045417,0.008895,0.0022551,82
2014-01-13,0.0120886,0.0060232,0.0053169,-0.0004808,-0.0004263,0.0036437,-0.0077698,82
2014-01-14,-0.0022594,-0.0114614,-0.0062571,0.0040466,0.0017973,-0.0085175,-0.005223,82
2014-01-15,-0.0244679,-0.023793,-0.0320871,-0.0032893,0.0025137,-0.0265641,-0.0011,82
2014-01-16,-0.0038457,-1.43e-05,-0.0097252,0.0042514,0.0034582,0.001378,-0.0155962,82
2014-01-17,-0.0007913,0.0001917,-0.0029347,9.4e-05,0.0012186,0.0031279,-0.0041288,82
2014-01-20,0.0029333,5.55e-05,-0.0054783,0.0011437,0.0050393,-0.0035209,0.0048714,82
2014-01-21,-0.0140563,-0.0145237,-0.0158907,-0.0002756,-0.0055898,-0.0137996,-0.0052091,82
2014-01-22,-0.0064076,-0.0120779,-0.0076401,0.0037471,0.0028194,-0.0060263,0.0011589,82
2014-01-23,-0.0294972,-0.0147031,-0.0320845,-0.0045445,0.0001442,-0.0212432,-0.0189307,82
2014-01-24,0.0118081,0.0051528,0.005607,0.0014337,-0.0028077,-0.0056583,-0.0068614,82
2014-01-27,-0.0103064,-0.0146971,-0.0094639,0.0059517,0.0030134,-0.015768,-0.0037508,82
2014-01-28,-0.0007056,0.0001862,-6.03e-05,-0.000877,-0.0001278,-0.0090253,-0.0060807,82
2014-01-29,0.0010387,-0.0108309,0.000741,-0.000295,-0.0025903,0.0040202,-0.0002768,82
2014-01-30,0.0113696,0.0056701,0.0053875,-0.0015448,-0.0014234,0.0037544,0.0009309,83
2014-01-31,-0.019968,-0.0033509,-0.0016564,0.0087201,0.0075011,-0.0066596,-0.0055312,83
2014-02-03,0.0084335,0.0085863,-0.002465,-0.0056952,-0.0025381,0.0070066,-0.0055364,83
2014-02-04,0.0047609,-0.0067066,0.0014871,-0.0006458,-0.0001704,-0.0052965,-0.0022506,83
2014-02-05,0.0233033,0.011446,0.0093667,0.0080126,0.0031591,0.0185342,-0.0005192,83
2014-02-06,0.0048342,0.007024,0.0066257,0.0020783,-0.0019744,0.0223897,-0.0076338,83
2014-02-07,-3.76e-05,0.0033142,0.0128361,-0.0019184,0.0005575,0.0090576,-0.0065937,83
2014-02-10,-0.0142059,-0.0056939,-0.0290653,-0.0053175,-0.0019278,-0.022436,-0.0101449,83
2014-02-11,-0.0015115,-0.0009721,-0.0033358,0.0013047,0.0070973,0.0070683,-0.0032514,83
2014-02-12,0.0028293,0.0028082,0.0145254,-0.0034006,-0.0019875,0.0159253,0.0071942,83
2014-02-13,-0.0052482,-0.0027839,-0.0059347,-0.0031592,0.000818,0.0045205,-0.0276433,83
2014-02-14,-0.0125954,0.0064906,0.0066973,-0.0003747,0.0013075,0.0175411,0.0041174,83
2014-02-17,-0.0058978,0.0049993,0.0003441,-0.0014353,-0.0017186,0.0073435,0.0085514,83
2014-02-18,-0.0073471,-0.0007474,-0.0063102,-0.0013641,-0.002458,0.00071,-0.0055513,83
2014-02-19,-0.0093096,-0.0064959,-0.0103931,-0.0021563,0.0002392,0.0119673,-0.0090483,83
2014-02-20,0.0036383,-0.0063248,-0.0090082,0.0017285,0.0075488,0.0017128,-0.0185161,83
2014-02-21,0.0164594,0.005208,-0.0053723,0.0081259,0.0052783,-0.0032778,-0.0189081,83
2014-02-24,-0.0032383,-0.0028604,-0.0012142,0.0004113,-0.0008907,0.0061026,-0.0068368,83
2014-02-25,0.0115773,0.0230518,0.0238576,-0.001697,-0.0015637,0.0222311,0.0095095,83
2014-02-26,0.005188,0.0033401,-0.0014479,-0.0021462,0.0006402,0.0157579,0.0059849,83
2014-02-27,0.0310639,0.0090385,0.0241767,0.0038749,0.0040966,0.0131336,0.0162151,83
2014-02-28,0.0102188,0.0087058,0.0032176,-0.0018469,-0.003488,-0.002213,-0.0011579,84
2014-03-03,-0.0061398,-0.0018868,0.0026241,0.0001546,-0.0010693,-0.0105965,-0.0058241,84
2014-03-04,-0.0029663,0.0042111,0.0168612,-0.0005444,0.0067184,-0.0048033,0.0187269,84
2014-03-05,-0.0036691,0.0016764,0.0016591,-0.0010811,-0.0045417,0.0087282,0.0104955,84
2014-03-06,-0.007513,-0.0013961,-0.0047239,0.0003407,0.0014056,0.0018138,-0.0198732,84
2014-03-07,0.0161793,0.0016545,0.0031542,-0.0011914,-0.0025378,-0.0162344,-0.0068427,84
2014-03-10,-0.0074695,-0.0095175,-0.0231833,-0.0017675,-0.0031872,-0.0167224,0.0012235,84
2014-03-11,0.0136159,0.0199841,0.0206551,-0.0030299,-0.0017645,0.016594,0.0092325,84
2014-03-12,0.004916,0.0078224,0.0159999,0.004955,0.0024321,0.0099998,-0.0029777,84
2014-03-13,0.0007396,0.0013963,-0.0002133,-0.0001432,3.53e-05,0.011811,0.0128946,84
2014-03-14,-0.0223072,-0.00129,-0.0160044,0.0004494,-0.0008487,-0.0095542,-0.0022818,84
2014-03-17,0.0196644,0.0139647,0.0128164,-0.004915,-0.0044928,0.0132205,0.0212481,84
2014-03-18,-0.0412631,-0.0287809,-0.0337541,0.0078348,0.0016437,-0.0199235,-0.0231,84
2014-03-19,0.0055257,0.0091753,0.0195346,-0.0034118,-0.0001211,-0.0001055,0.0010714,84
2014-03-20,0.0192288,0.0109778,0.0234528,0.0003149,0.0006648,0.0038476,0.0123028,84
2014-03-21,0.006169,-0.0125571,-0.0051751,0.0005343,-0.0045085,-0.0112549,0.0026612,84
2014-03-24,-0.008596,-0.0025732,0.0060999,0.0015058,0.0011022,-0.0068292,-0.0084744,84
2014-03-25,-0.000631,0.0089448,0.008262,0.0020559,-0.0059616,0.0089454,0.0038573,84
2014-03-26,0.0205266,0.0193533,0.019356,-0.000426,-0.0066145,0.012609,0.0110814,84
2014-03-27,-0.0018945,-0.000186,0.0042737,0.002068,-0.0019138,-0.0095681,0.0034615,84
2014-03-28,-0.0278806,-0.0135734,-0.026462,-0.0008965,-0.0003451,-0.0192747,-0.0194148,84
2014-03-31,-0.0071948,-0.0026617,0.0055245,-0.0013288,-0.0014551,-0.0032948,0.017929,85
2014-04-01,0.0151895,0.0160768,0.0241852,-0.0002692,-0.0009184,0.0055219,0.0215599,85
2014-04-02,-0.0129061,-0.0080536,-0.0077453,0.0005502,-0.0023344,-0.0145131,-0.0142673,85
2014-04-03,0.0063453,-0.008175,-0.0072786,0.0015827,0.0028916,-0.0137968,-0.0015316,85
2014-04-04,-0.0115694,-0.0087199,-0.0111344,0.0020094,0.0036742,0.0019499,0.0010664,85
2014-04-07,-0.0142142,0.0003437,-0.0018301,-0.0023369,-0.0047234,-0.002832,-0.0137217,85
2014-04-08,-0.0196797,-0.0104206,0.0060875,0.0017699,0.0015423,-0.0159983,0.0022375,85
2014-04-09,0.0119705,0.0015848,0.012685,2.12e-05,0.0002269,0.0110669,0.0047307,85
2014-04-10,0.0001956,0.0032045,-0.0057031,-0.001797,-0.001994,0.005763,0.0079192,85
2014-04-11,-0.0030006,-0.0142896,-0.026068,0.010392,0.0087341,0.0118473,-0.016462,85
2014-04-14,-0.0186608,-0.0123418,-0.0211524,-0.0037396,-0.0027422,-0.0145334,0.0003482,85
2014-04-15,0.0272105,0.0138068,0.0327459,-0.0027685,-0.0019117,0.0070023,0.0033194,85
2014-04-16,0.0057132,0.0038136,0.0093142,0.0017175,-0.0029093,0.0023523,0.0195842,85
2014-04-17,-0.0181338,-0.0136363,-0.0212863,0.0030649,0.0021758,-0.0035543,-0.0080847,85
2014-04-18,-0.0255315,-0.0174579,-0.0278648,-0.0024578,-0.002464,-0.0181619,-0.0207087,85
2014-04-21,0.009422,0.0085902,0.0060075,-0.0013576,7.74e-05,0.0056317,-0.0010893,85
2014-04-22,0.0051124,-0.0097046,-0.0022501,0.0012674,0.0029715,0.0010617,0.0116445,85
2014-04-23,-0.0197415,-0.0109029,-0.0149051,-0.0048097,-0.0062446,-0.0131685,-0.0074813,85
2014-04-24,-0.0066332,-0.0025173,-0.0105114,-0.0012238,-0.0047032,0.0034638,-0.0196735,85
2014-04-25,-0.0221198,-0.0053898,-0.0168489,-0.000268,-0.0030934,-0.0078703,-0.0115235,85
2014-04-28,0.0132342,-1.46e-05,0.0013069,-0.0060502,0.0037916,0.0011148,0.0117066,85
2014-04-29,0.0097103,0.0069473,0.0109437,-0.0011096,-0.0012483,0.021255,0.0001001,86
2014-04-30,-0.0071138,-0.0072118,-0.0072798,-0.0033852,0.0004534,-0.0004819,-0.003801,86
2014-05-01,0.0011586,-0.0069281,-0.0063337,-0.001187,-0.0084803,-0.0068926,0.009346,86
2014-05-02,-0.0171573,-0.0181092,-0.0083419,-0.0015673,-0.0017573,-0.0102879,0.005095,86
2014-05-05,-0.0076708,-0.0161062,-0.0108787,0.0006264,0.0010749,-0.0223209,0.0087884,86
2014-05-06,0.0073395,0.0025296,0.0091873,-0.001557,-0.0026601,0.007177,-0.0029087,86
2014-05-07,-0.0130061,-0.0043084,-0.0086375,-0.0002327,0.0002022,-0.0137445,-0.0012227,86
2014-05-08,0.0065363,-0.001842,0.0006973,0.0022884,0.0009264,-6.16e-05,0.0046666,86
2014-05-09,-0.0016393,-5.6e-06,-0.0051057,0.0018093,0.0053325,1.7e-05,-0.0127994,86
2014-05-12,-0.0092009,0.0065177,0.0088918,0.0004163,-0.0011068,-0.0144298,0.0080663,86
2014-05-13,-0.0205711,-0.0106735,-0.0188073,-0.003973,-0.0049144,-0.0114058,0.0214378,86
2014-05-14,-0.0031033,-0.0175791,-0.0079451,0.0014304,0.001123,-0.0186359,0.0004518,86
2014-05-15,-0.0018217,0.0135964,0.0132536,0.0012574,-0.0007071,0.0078902,-0.0050082,86
2014-05-16,-0.0013082,0.0020376,0.0019799,-0.0066467,-0.0031514,-0.0013346,-0.0040768,86
2014-05-19,0.0066103,-0.0031816,-0.0153959,0.0017189,-0.0016849,-0.0138097,-0.0073666,86
2014-05-20,0.0007159,0.0010959,-0.0029272,-0.0005825,-0.0004492,-0.0090486,0.0147903,86
2014-05-21,-0.0194148,-0.007074,-0.0126385,-0.0002805,-0.0034861,0.0042931,0.0114405,86
2014-05-22,-0.0011677,0.0072346,0.0122178,-0.0042459,0.0002663,0.0075528,-0.000303,86
2014-05-23,0.0102517,0.0049398,0.0134768,0.0019365,0.0019799,0.0147072,0.0128291,86
2014-05-26,0.0136638,0.0205286,0.0132963,0.0036196,0.0064432,0.0102329,0.006346,86
2014-05-27,0.0077389,0.00257,0.0023458,0.002218,-0.00069,0.0113568,-0.0115154,86
2014-05-28,-0.0122783,-0.0040013,-0.0115315,0.0034465,0.0017098,0.0134315,-0.0012114,87
2014-05-29,-0.0014603,0.0015912,0.0012385,0.0041622,0.0010747,0.0074469,-0.0066578,87
2014-05-30,0.0151073,0.012146,0.0100098,0.0008829,0.0027783,0.0163115,0.0068959,87
2014-06-02,-0.0068314,-0.0054828,-0.0132629,-0.0009796,0.0003984,-0.0021767,-0.0039617,87
2014-06-03,0.0015493,0.0087144,0.0071673,0.0025316,0.0062052,-0.0018497,0.0082386,87
2014-06-04,0.0017548,-0.0134118,-0.0075081,0.0012489,-0.0009897,0.0026262,-0.0031867,87
2014-06-05,0.0013951,-0.0014924,0.0088065,-0.001809,-0.0002124,0.0084849,0.0021576,87
2014-06-06,0.0009142,0.0151236,0.0231651,-0.002685,0.0021784,0.015575,0.0061347,87
2014-06-09,-0.0257958,-0.0153465,-0.0156893,-0.0002252,-0.0012734,-0.0139968,-0.0102571,87
2014-06-10,0.0127297,0.0099221,0.011567,-0.0043737,-0.0027861,-2.06e-05,0.013217,87
2014-06-11,0.0099406,0.0032425,0.0075816,-0.0032357,-0.0022075,0.002031,0.014951,87
2014-06-12,0.0058591,-0.0045242,-0.0010015,-0.0029535,-0.0003674,0.0051437,-0.0025316,87
2014-06-13,-0.0111728,-0.0219171,-0.0274685,-0.0002413,-0.0013267,-0.0230418,-0.0145024,87
2014-06-16,0.0141396,0.013184,0.013916,-0.0030792,-0.0017086,0.0154303,0.0132504,87
2014-06-17,-0.0053453,0.009174,0.0023055,3.74e-05,0.0013661,0.0003926,-0.0077608,87
2014-06-18,0.0179495,-0.0060274,-0.0135088,0.0039669,-0.0003605,3.1e-05,-0.0038298,87
2014-06-19,-0.016635,-0.0112031,-0.0057271,-0.000251,-0.0009797,-0.0116007,0.0015703,87
2014-06-20,-0.0217651,0.0036459,-0.0014996,0.0007539,0.0021499,-0.0002208,0.0023631,87
2014-06-23,0.0246907,0.0089,0.029701,0.0005459,0.0026938,0.0126933,0.0173383,87
2014-06-24,-0.0114772,-0.0027842,-0.008545,0.0013817,0.0056752,0.0035323,-0.0061652,87
2014-06-25,-0.0068158,0.0108733,0.0046978,-0.0023974,0.0041369,0.0091194,0.0040832,87
2014-06-26,-0.0035825,0.0109682,0.0089361,0.0039334,0.0068929,0.0086659,0.0105472,88
2014-06-27,0.0106855,0.0065666,0.0084612,0.0044675,0.0035421,0.0166768,0.0037048,88
2014-06-30,-0.013555,-0.0147468,-0.0026798,-0.0028244,0.0035747,-0.0041981,0.0069622,88
2014-07-01,0.0255423,0.0105496,0.0052864,-0.0004437,0.0014391,-0.0024966,0.0164152,88
2014-07-02,-0.0123106,-0.0165024,-0.0109452,0.0012036,9.67e-05,-0.0074869,0.0015734,88
2014-07-03,0.0027008,0.0086059,0.0031153,-0.0059753,-0.0031826,-0.0172039,-0.0032696,88
2014-07-04,-0.0193867,-0.0123761,-0.0123828,9.57e-05,-0.0029182,-0.0108909,-0.0015473,88
2014-07-07,-0.000204,-0.0013831,0.0061238,-0.0021175,6.21e-05,-0.0094772,0.0138619,88
2014-07-08,0.0025407,-0.0085555,0.0012203,-0.0061995,-0.0037217,-0.0076945,0.0087051,88
2014-07-09,-0.0015103,-0.0005275,0.0021222,0.0005469,0.0011623,0.0052695,0.0159972,88
2014-07-10,-0.026855,-0.0037392,-0.0035769,0.002691,-0.0004731,0.0040401,-0.0005017,88
2014-07-11,0.00258,-0.0116947,-0.0024897,-0.0007803,0.0019481,-0.0071311,0.0067758,88
2014-07-14,-0.0098882,-0.0047878,-0.0095132,0.0073601,0.0085994,0.0051264,-0.0036089,88
2014-07-15,0.0168733,0.0013351,0.0075357,-0.0004656,-0.0010515,0.0050519,0.021886,88
2014-07-16,-0.0083912,-0.0046112,0.0045728,3.61e-05,-0.00411,-0.0049956,0.0060809,88
2014-07-17,0.0020849,0.0068229,0.0060877,0.0003114,-0.0021705,0.0068074,0.0020926,88
2014-07-18,0.0099938,-0.0050068,0.0097857,0.003457,0.0027488,-0.0073291,0.0066576,88
2014-07-21,-0.0056406,-0.0041677,-0.0013004,0.0014833,-0.002592,0.0098052,0.0094239,88
2014-07-22,-0.0020658,-0.0103952,-0.0118988,0.0034556,0.004596,-0.014762,-0.0093973,88
2014-07-23,0.00576,0.0089536,-0.0006996,0.0061886,0.0109258,0.0098964,-7.13e-05,88
2014-07-24,0.0020344,0.0086543,0.0073866,-0.0054574,-0.0033999,-0.0114789,0.0065323,88
2014-07-25,0.0072253,0.0043067,0.0026581,0.0037827,-0.0004732,-0.0053379,-0.0072083,89
2014-07-28,0.0001073,0.000577,-0.005968,0.0020684,0.0045926,0.0099148,0.0207866,89
2014-07-29,-0.0195626,-0.0059271,-0.009547,0.0009789,0.003035,-0.0037861,0.0019803,89
2014-07-30,0.0180567,0.009553,0.0277238,1.4e-06,-0.0026851,-0.0052816,0.0075604,89
2014-07-31,0.0001096,0.001761,0.00233,0.0024795,-0.0004672,-0.0034553,0.0027468,89
2014-08-01,0.0016047,-0.0059279,-0.0047602,0.0022132,-0.000273,-0.0063892,-0.013856,89
2014-08-04,0.0082153,0.0071651,0.0077458,0.0036474,0.0020392,-0.0079558,0.001957,89
2014-08-05,-0.0012922,0.0012379,0.0051707,0.00173,-0.0055102,-0.0068969,0.0058056,89
2014-08-06,0.0006439,-0.0051423,0.0105081,0.0015808,0.0015736,-0.0017336,0.0046799,89
2014-08-07,0.0201242,0.0026123,0.0121499,-0.0019793,0.0014805,0.0132762,0.0148415,89
2014-08-08,-0.0334157,-0.0068529,-0.0131881,-0.0013735,-0.0058926,-0.0293389,-0.018808,89
2014-08-11,0.0088876,-0.0005749,0.0085337,0.0019327,0.0042825,-0.0001442,0.0239569,89
2014-08-12,0.0146155,0.0081862,0.0082641,-0.0005771,-0.0003702,0.0098974,0.0189387,89
2014-08-13,0.0057676,-0.0017077,-0.0079386,-0.0006208,-0.0026249,0.0007305,-0.0052486,89
2014-08-14,-0.0073782,-0.0137942,-0.0172142,0.0011013,0.002686,-0.0051919,-0.0207323,89
2014-08-15,0.0085779,0.0058461,0.0033968,-0.0031878,-0.0001825,-0.0043677,-0.0013828,89
2014-08-18,0.0139058,0.0156081,0.0003726,-0.0009056,0.0016961,0.0075729,0.0143063,89
2014-08-19,6.99e-05,-0.0110482,-0.0174352,0.0024153,0.0055943,-0.0157765,-0.0053213,89
2014-08-20,0.0048076,0.009334,0.0271178,0.005054,0.0002187,0.0134461,0.0075456,89
2014-08-21,0.0044805,0.0078102,-0.0041775,-0.0022957,-0.0017208,-0.0059314,0.001776,89
2014-08-22,0.0090615,0.0035106,-0.008024,0.0021565,0.0057842,-0.0091079,-0.0090079,89
2014-08-25,-0.0009254,-0.0006486,0.0004187,0.0054685,0.006951,-0.0069098,-0.0026716,90
2014-08-26,-0.0021018,0.0066009,0.0052228,0.0011491,0.0016239,-0.0076195,-0.0060101,90
2014-08-27,0.0019312,-0.0117468,-0.0027509,0.0022272,-0.0051741,-0.0111227,0.0044711,90
2014-08-28,-0.00401,-0.0128271,-0.0100773,0.0058571,0.0009387,-0.007357,-0.015103,90
2014-08-29,-0.0072405,-0.0052043,0.0053101,0.0005289,0.0021657,0.013534,-4.09e-05,90
2014-09-01,0.0114747,0.0038457,0.0035878,-0.0078336,-0.0025383,-0.0050848,-0.0030235,90
2014-09-02,-0.0092658,-0.0057241,0.0014493,-0.001344,-0.0028602,-0.0050991,-0.0116811,90
2014-09-03,0.0131781,0.0040326,0.0044174,0.0035892,0.0001215,0.0118991,0.0062993,90
2014-09-04,-0.0076383,-0.0066287,-0.009405,-7.68e-05,-0.0035015,-0.0037514,-0.0127924,90
2014-09-05,-0.0037625,-0.0016744,-0.0038649,-0.0016886,-0.0050776,-0.00201,-0.0110331,90
2014-09-08,0.0171506,-0.0149779,-0.0178143,0.0033055,0.0077686,-0.0185882,-0.0001792,90
2014-09-09,-6.33e-05,-0.0018887,0.0091425,-0.000565,0.0009194,0.0152459,0.0028272,90
2014-09-10,0.0125107,0.0224743,0.0124691,-0.0068303,-0.0060033,0.0039208,0.0006306,90
2014-09-11,0.0090509,0.0073964,0.0150699,0.0039695,0.002032,0.0095032,2.54e-05,90
2014-09-12,0.0257347,0.0100331,0.0157149,0.0029076,0.0019894,0.0079816,0.0048445,90
2014-09-15,0.0032725,0.0003149,0.003973,-0.0002752,-0.0063943,0.0001916,0.0013904,90
2014-09-16,-0.0188933,-0.0038111,-0.0178732,-0.0027579,-0.0072543,-0.0200341,-0.0132277,90
2014-09-17,-0.0103847,0.0098393,0.013139,-0.0008588,0.0023537,-0.0032083,-0.0052841,90
2014-09-18,0.0026949,-0.0067512,-0.0089029,0.0030839,0.0007525,0.0099755,0.0042063,90
2014-09-19,-0.0036593,0.002335,0.0034587,-0.0015218,-0.0031128,-0.0094246,0.0049895,90
2014-09-22,-0.0015466,-0.0031154,0.0061528,0.0023316,0.0014463,-0.0046504,0.0211747,90
2014-09-23,0.0078264,-0.0180876,-0.0028021,0.00308,0.0052674,0.0065657,0.0047943,91
2014-09-24,-0.0212816,-0.0075705,-0.0231877,0.0004692,0.0018858,-0.0070707,0.0054158,91
2014-09-25,0.0011404,0.0064306,-0.0036364,0.0014706,-0.0021913,0.0091352,0.0032799,91
2014-09-26,-0.0099699,0.0007118,-0.0060244,-0.0011976,-0.0020237,-0.0036924,-0.0177836,91
2014-09-29,-0.0172072,0.0048193,0.0023879,-0.002328,0.0009016,0.0084676,0.0113691,91
2014-09-30,-0.0061696,3.51e-05,-0.0046289,0.0004406,0.0006049,-0.0033621,0.0074568,91
2014-10-01,-0.0025673,0.0086886,0.0185223,-0.0018617,0.0064751,-0.0043813,0.0150531,91
2014-10-02,0.0122772,0.0036434,0.0090024,0.0035112,-0.0012275,0.0210782,0.01272,91
2014-10-03,-0.0120563,-0.005128,-0.0002129,0.0025598,0.0033443,-0.0154932,-0.0024006,91
2014-10-06,0.005711,-0.0028914,-0.0044662,-0.0014165,-0.0004195,0.002263,-0.0020502,91
2014-10-07,-0.0043438,3.14e-05,2.62e-05,0.0028557,0.0077304,-0.0014736,-0.0115175,91
2014-10-08,-0.0017529,-0.0018435,0.0008851,0.0011587,-0.0058004,-0.005558,0.0041177,91
2014-10-09,-0.0024234,0.0066377,0.0079132,0.0039424,-0.0017487,0.0105712,0.0035128,91
2014-10-10,0.0035204,-0.0014363,-0.0140103,-0.0037703,-0.0014299,-0.0104884,0.0034871,91
2014-10-13,0.0008525,0.0021995,-0.000239,0.0009879,-0.000734,0.0006333,0.0043534,91
2014-10-14,0.0234728,0.0046353,0.0052848,-0.0003626,-0.0019538,-0.0002887,0.0061797,91
2014-10-15,0.0103043,0.0084608,0.0156061,-0.0052752,-0.0049956,0.0099474,0.0042555,91
2014-10-16,-0.0234596,-0.006232,-0.0022564,0.0003733,0.0067462,-0.0020705,-0.0019035,91
2014-10-17,0.0145185,0.0120638,0.0156449,-0.0024981,-0.000353,0.0073453,0.0054946,91
2014-10-20,0.0048288,-0.002059,-0.0009427,-0.003258,-0.0060245,-0.0200464,0.0061224,91
2014-10-21,-0.0181996,-0.0141986,-0.0136627,0.0048989,0.0042255,-0.0068235,0.002639,91
2014-10-22,-0.0033368,-0.0077132,-0.0049644,0.0025335,-0.0013357,0.0193215,-0.0146247,92
2014-10-23,0.0078272,-0.0018916,0.0123558,0.0034954,6.7e-06,0.0005663,-0.0157606,92
2014-10-24,0.0126155,0.0210776,0.0243135,-0.0012715,-0.0039859,0.0011468,0.0052378,92
2014-10-27,0.0046255,-0.0012406,0.0021252,-0.0015902,0.003171,0.0094,0.002292,92
2014-10-28,-0.0064811,-0.0053851,-0.0068178,0.0051627,0.0040471,-0.0015011,-0.0093308,92
2014-10-29,-0.0184757,-0.00063,-0.0099492,0.0020288,-0.0019893,-0.0130808,0.0035186,92
2014-10-30,-0.0010256,-0.0076508,-0.0114866,0.0047713,0.0008433,-0.0080042,0.0067931,92
2014-10-31,0.0049686,-0.0002032,-0.0107956,0.0002982,0.0016578,0.0034759,0.0050563,92
2014-11-03,-0.0100216,0.0070768,0.0109366,-0.0021028,0.001292,-0.005424,0.0064862,92
2014-11-04,0.0057999,0.0085567,0.0171298,-0.0060708,-0.0047873,0.0166664,0.0054311,92
2014-11-05,0.0189977,0.0085085,0.0197493,-0.0029301,-0.0014591,0.0084904,0.0087254,92
2014-11-06,0.01401,-0.0050826,-0.0005249,0.0029528,0.002422,-0.0006229,0.0137894,92
2014-11-07,-0.0175122,-0.0093646,-0.0186519,0.0006408,8e-05,-0.0087417,-0.0052353,92
2014-11-10,-2.42e-05,-0.00573,-0.0036241,-0.0004734,-0.0015188,-0.0121426,-0.0170917,92
2014-11-11,0.0014975,-0.0074346,-0.0155232,0.0010264,0.0036119,0.0065102,-0.0061613,92
2014-11-12,-0.0041045,-0.008275,-0.0108495,-0.0012501,-0.0074018,-0.0094268,-0.007833,92
2014-11-13,-0.0023842,-0.0003787,-0.0193933,0.0044942,0.0025511,0.0124977,0.0031712,92
2014-11-14,-0.0299264,-0.0162632,-0.0188427,-0.001253,-0.0035445,-0.0196311,-0.007956,92
2014-11-17,0.0103014,-0.0007484,0.0126135,-0.0007261,-0.0006898,-0.0048948,0.0058995,92
2014-11-18,0.0308084,0.0306029,0.0498976,-0.0061417,-0.0009973,0.0172166,0.0034091,92
2014-11-19,-0.018226,-0.0142944,-0.0189299,0.0006918,0.0002637,-0.0038693,-0.0158947,92
2014-11-20,-0.0178754,0.0002617,0.0001974,0.0049958,0.0010564,0.0079078,-0.0074011,93
2014-11-21,0.00898,0.0090923,0.0176247,-0.0047465,-0.0032124,0.0022292,0.0002626,93
2014-11-24,-0.0410965,-0.0213054,-0.0381395,0.0005935,0.0040196,-0.0108227,-0.0043377,93
2014-11-25,-0.003946,-0.0170952,-0.0117767,-0.0021153,-0.0043827,-0.0144804,-0.0182013,93
2014-11-26,-0.0132921,0.0059723,-0.0001882,0.0001946,0.0042149,0.0027745,0.0109904,93
2014-11-27,0.0172648,0.0086983,0.0182158,-0.0042512,-0.0032711,0.0015507,0.0107123,93
2014-11-28,-0.001542,0.006138,0.0027615,0.0022708,-0.0008176,0.0072156,-0.0078994,93
2014-12-01,-0.0073084,-0.0091795,4.1e-05,0.0019752,-0.0045699,-0.0091384,-0.0005092,93
2014-12-02,0.0007924,-0.0159464,-0.0105142,0.0059513,0.0020917,-0.0090619,0.0091215,93
2014-12-03,0.0040294,0.0006798,-0.007251,-0.0007925,-0.0049579,0.0011988,0.0028034,93
2014-12-04,0.0132521,0.0078945,0.0129219,-0.0077452,-0.0039025,0.0051007,0.0060751,93
2014-12-05,0.0181525,-0.0035715,0.000212,-0.0013488,-0.0023058,0.0110116,0.0107665,93
2014-12-08,0.001317,0.0122257,0.0161016,-0.0053413,-0.006126,0.0037674,-0.0003385,93
2014-12-09,0.0085616,0.0165555,0.0159889,0.0003838,-0.0029015,0.011114,0.0072283,93
2014-12-10,-0.0043055,-0.0056313,-0.0141463,8.4e-06,0.0047491,-0.0076289,-0.0113753,93
2014-12-11,0.002332,-0.0084344,-0.0093247,0.0029857,0.0030143,0.0019802,-0.0006626,93
2014-12-12,-0.0010171,0.013425,0.0117606,0.0019939,0.0015754,0.0230555,0.0188435,93
2014-12-15,-0.0047593,-0.0040227,-0.0146403,0.0005322,0.0026378,-0.0088523,-0.020166,93
2014-12-16,0.0089622,0.0097668,0.0053481,-0.001461,-0.000935,0.0026244,0.0071456,93
2014-12-17,0.0052047,-0.0057654,-0.0128235,0.0005739,-0.0004936,0.0105356,-0.0026931,93
2014-12-18,0.0192313,0.0152492,0.0296336,0.0024438,-4.68e-05,0.0194918,0.000801,93
2014-12-19,-0.0065249,0.0047443,0.0061029,0.0025154,0.0008469,-0.0026771,-0.008462,94
2014-12-22,0.0174557,-0.0005075,0.0022426,-0.0036772,-0.0022883,-0.0165515,-0.0077351,94
2014-12-23,0.0170017,0.0030316,0.0075016,0.0050287,0.0066091,0.0031453,0.0070447,94
2014-12-24,-0.0157296,-0.0034692,-0.0099581,0.0016376,0.0035356,-0.0034811,-0.0063042,94
2014-12-25,0.0098058,0.0046925,0.0005397,-0.0027385,-0.0038281,0.0152174,-0.0115183,94
2014-12-26,-0.0038529,-0.0098687,-0.0050969,0.0006468,0.0022674,-0.0050183,0.0019605,94
2014-12-29,0.0194034,0.0078467,0.008678,-0.003363,0.0004906,0.005982,0.0051206,94
2014-12-30,0.0048419,0.0083919,0.0030549,0.0017033,0.0067116,0.0242894,0.000299,94
2014-12-31,0.0197189,0.0156082,0.0063966,-0.0055919,0.0006994,0.0037873,0.0171265,94
2015-01-01,0.0098255,-0.0071173,-0.0057686,0.0029228,-0.0008999,-0.0030899,0.0045693,94
2015-01-02,-0.0101446,-0.0061153,-0.0020714,0.008552,-0.0022217,0.0035851,0.0065989,94
2015-01-05,0.0095345,0.0114993,0.0072494,0.0011826,-0.0010396,0.0045797,-0.0010227,94
2015-01-06,-0.0056395,-0.0053632,-0.0107759,0.0033757,0.0028287,-0.012167,0.007314,94
2015-01-07,-0.0376574,-0.022888,-0.0279015,-0.003618,-0.0013617,-0.0290106,-0.0083385,94
2015-01-08,0.024627,0.0144493,0.0177386,-0.0017671,-0.0029258,0.0096411,0.0164634,94
2015-01-09,-0.0297833,-0.012356,-0.0227953,0.0029573,-0.0021997,-0.0157745,0.0076022,94
2015-01-12,0.0085127,0.0160173,0.0200604,0.0001371,0.0027785,-0.0024006,-0.0013027,94
2015-01-13,0.0043033,0.0097405,0.0140387,-0.0001848,0.0045595,0.0049953,-0.0054351,94
2015-01-14,0.0087445,0.0119512,0.0089416,-0.0011691,-0.0012592,0.0226128,0.015923,94
2015-01-15,0.0101094,-0.0002589,0.0135392,-0.0064856,-0.0068014,-0.0200877,0.0072821,94
2015-01-16,0.0036272,0.0092793,0.011369,-0.0003753,-0.0041133,0.0087008,-0.0017625,94
2015-01-19,0.0106471,9.2e-05,0.0087878,0.0026884,0.0027534,0.0046052,0.0077943,95
2015-01-20,0.0373635,0.0192615,0.0172408,5.42e-05,0.0021041,0.0095987,0.0099785,95
2015-01-21,0.0128103,0.0224188,0.0247701,-0.0032954,0.0039104,0.0341172,-0.0063896,95
2015-01-22,-0.0099737,-0.0038004,-0.0133076,-0.0024441,-0.0028631,-0.0154751,0.019028,95
2015-01-23,-0.0019401,-0.0161889,-0.007902,0.0024226,-1.72e-05,-0.009478,0.0097311,95
2015-01-26,0.0025731,-0.0054835,-0.0028917,0.0014291,0.0025178,-0.0154217,-0.0148047,95
2015-01-27,-0.0176415,-0.0141786,-0.0140578,0.0007954,0.0034859,-0.01063,-0.0130013,95
2015-01-28,0.0018228,-0.0076636,-0.0034828,-6.78e-05,0.0014943,-0.0039662,0.005784,95
2015-01-29,-0.0233454,-0.0042011,-0.0190225,-0.0003344,-0.00307,-0.0123098,0.0043462,95
2015-01-30,-0.0114308,0.0039815,-0.0048019,0.0015487,0.0033363,-0.0087036,0.0024547,95
2015-02-02,-0.0063907,-0.0066263,-0.0113256,-0.0006248,0.0017208,-0.0085498,0.0064744,95
2015-02-03,-0.0130129,-0.000267,-0.0026756,-0.0011991,0.00171,0.0060932,0.0025654,95
2015-02-04,-0.0071603,-0.0092414,-0.0071099,-0.0007391,-0.0060992,-0.0033708,0.0003998,95
2015-02-05,0.0183444,0.0124356,0.0163776,0.0047113,-0.0040145,0.0160407,0.0128025,95
2015-02-06,0.0107288,0.0016931,0.0067312,0.0029813,-0.0041808,0.0111038,0.0036739,95
2015-02-09,0.0076873,0.0090728,0.0036696,0.0012364,0.0034641,0.0072163,0.0055562,95
2015-02-10,-0.0197237,-0.0011151,0.00019,0.0017165,-0.0008605,-0.0046905,-0.0031893,95
2015-02-11,-0.0123357,-0.0045306,0.0008213,0.0040178,0.0022096,-0.007254,0.0079229,95
2015-02-12,0.0035687,-0.0014446,0.0059702,-0.0023721,-0.0059481,-0.0192545,0.0075324,95
2015-02-13,0.0075993,9.2e-05,0.0094576,-0.0018245,-0.0007111,0.0006745,-0.0041921,95
2015-02-16,-0.0112936,0.0044695,-0.0127431,0.000758,0.0023709,-0.0021425,-0.0090058,95
2015-02-17,0.0152366,0.0076361,0.0163523,-0.0014649,0.0009907,0.023741,-0.0005536,96
2015-02-18,0.0015212,0.0060548,0.0064002,-0.0028799,0.0050938,0.0008228,0.0131814,96
2015-02-19,-0.0217864,-0.0101353,-0.0183982,0.0017096,0.0003933,-0.0008539,-0.0197736,96
2015-02-20,-0.0008386,-0.0034995,0.0145336,0.0017179,0.0012641,-0.0085912,0.0015128,96
2015-02-23,-0.0065038,-0.0112926,-0.0046478,0.0023175,-0.0013181,-0.0255897,-0.0016309,96
2015-02-24,0.010043,0.0038175,-0.002359,-0.0028511,-0.002719,0.0003858,0.001542,96
2015-02-25,0.0223805,0.0013947,0.0201048,-0.00018,0.0009274,0.0073202,0.0080207,96
2015-02-26,-0.0083329,0.0088071,-0.011789,0.0009122,0.0011762,-0.0066173,-0.0171724,96
2015-02-27,0.0035555,0.0034348,0.0046255,-0.0012979,-0.0009666,0.0176615,0.0007646,96
2015-03-02,0.0083601,0.0095811,0.0093988,0.0005756,-0.0051204,-0.0135481,-0.0023187,96
2015-03-03,-0.0188543,-0.0097034,-0.0099278,0.0064679,0.0067766,0.0041112,-0.0071286,96
2015-03-04,0.0113341,0.0130661,0.0202408,0.0009391,0.0032054,0.021083,-0.0131874,96
2015-03-05,0.0069648,0.0016727,0.0104323,0.0057194,0.0103742,0.0100779,-0.0050545,96
2015-03-06,-0.0166609,0.004843,-0.0017531,0.0014105,0.0070371,-0.0097931,0.0022954,96
2015-03-09,-0.0046034,-0.0090868,-0.0016519,-0.0039645,-0.0052801,-0.0082962,-0.0089607,96
2015-03-10,0.009247,0.006211,0.0210666,-0.0037262,-0.0006075,0.0026461,0.0224051,96
2015-03-11,-0.0133248,-0.0099115,-0.0159925,0.0011237,-0.0011129,-0.0071927,0.0044149,96
2015-03-12,0.0189824,0.0221403,0.0325054,-0.0076646,-0.0016936,0.0128906,0.0093243,96
2015-03-13,0.001297,0.0099319,-0.0034879,0.0026999,0.0019999,-0.0045961,-0.0091848,96
2015-03-16,-0.0024854,-0.0103787,-0.0167156,-0.0017484,-0.0034572,-0.0120141,-0.0078446,96
2015-03-17,-0.0100205,-0.012083,-0.0119712,-0.0006057,-0.0019019,-0.0139478,0.0143907,96
2015-03-18,0.0006093,0.0130443,-0.0019862,-0.0020569,-0.0037067,-0.0007056,0.0031075,97
2015-03-19,-0.0092873,-0.0034219,-0.0185206,0.0032533,0.0004312,-0.0099096,-0.0065692,97
2015-03-20,0.0088006,0.0026522,-0.0167089,0.001474,0.0027721,0.0005619,-0.0061128,97
2015-03-23,0.0131414,0.0126368,0.0048593,-0.0027536,0.0043039,0.0080949,-0.0010477,97
2015-03-24,-0.0004288,0.0001053,-0.010787,-0.0036333,0.0034298,-0.001031,0.0075196,97
2015-03-25,0.0098682,0.0047917,0.0047397,0.0005215,-0.000918,0.0016569,0.0052016,97
2015-03-26,-0.003006,-0.0035313,-0.0143443,-0.0010414,-0.0023946,-0.0129092,0.0013837,97
2015-03-27,0.001288,0.0123763,0.0231324,0.0004461,0.0002829,0.023419,-0.0093167,97
2015-03-30,-0.0048019,-0.0128276,-0.0259781,-0.001432,-0.0037444,-0.0186429,0.0012406,97
2015-03-31,0.002423,-0.0008051,-0.0018575,0.0103006,0.0062373,0.0178468,0.0067316,97
2015-04-01,0.0038979,0.0064683,-0.0009032,0.0023567,0.003061,0.0256891,-0.0015889,97
2015-04-02,-0.0021257,-0.0059793,-0.0112378,-0.0043497,0.0009058,-0.0108904,0.0112164,97
2015-04-03,-0.0029048,-0.0074119,-0.0015022,-0.0017678,-0.0006771,-0.0023176,-0.0120695,97
2015-04-06,0.0046006,0.0111957,0.0230522,-0.0005361,-0.0011482,0.0015471,0.0101838,97
2015-04-07,0.0009731,0.0108513,0.0095402,-0.0033647,-0.0026419,0.0095423,-0.0022834,97
2015-04-08,0.0124779,0.0042339,0.0063396,-0.0005532,0.0011669,0.0141631,0.0072326,97
2015-04-09,-0.0113082,-0.0060198,-0.0085355,2.26e-05,0.0040609,-0.0052347,0.0061269,97
2015-04-10,0.0206229,0.0107311,0.0153681,0.0070478,0.0075226,0.0165397,-0.0031175,97
2015-04-13,-0.0126842,0.0008966,0.0148077,-0.0026086,-0.001636,0.0007162,0.0084174,97
2015-04-14,0.0101992,0.0013679,0.0180695,0.0029493,-0.0009631,0.0051515,0.0033521,97
2015-04-15,-0.0002283,-0.0131333,-0.0091631,-0.0022468,-0.0003864,-0.0092212,0.0137719,97
2015-04-16,-0.0043681,0.0042368,0.0082154,-0.0006409,0.0026992,-0.0027502,0.0084674,98
2015-04-17,0.0232601,0.0170179,0.0308863,-0.0037213,-0.0014833,0.0018041,0.011505,98
2015-04-20,-0.0037399,0.0077726,0.0061107,-0.0010413,0.0055216,0.0095324,0.0035964,98
2015-04-21,0.0167644,0.0127681,0.0121692,-0.0008222,-0.001602,0.0029061,0.0030448,98
2015-04-22,0.0016732,-0.0052261,-0.0061114,-0.002598,-0.0014551,-0.0149687,0.0085837,98
2015-04-23,0.0073293,-0.0093536,-0.015316,0.0011364,-0.0036642,0.0039334,-0.003919,98
2015-04-24,-0.0058367,-0.0059804,-0.003801,0.0031089,-0.0047375,0.0023157,-0.0051599,98
2015-04-27,-0.007747,-0.0119341,-0.0099439,0.0038334,0.0014382,-0.0103996,-0.0096676,98
2015-04-28,-0.0131345,0.0063302,0.0047434,-0.0013582,-0.0021131,-0.0046887,0.0191819,98
2015-04-29,0.0109381,-0.0030852,0.0058225,0.0035773,0.0024175,0.0110273,0.0012838,98
2015-04-30,0.0006644,-0.0068152,-0.0109865,0.0001386,-0.0006365,-0.0034948,-0.0002694,98
2015-05-01,0.0008056,-0.0075171,-0.0133185,-0.0009859,-3.61e-05,-0.0037381,-0.0091529,98
2015-05-04,-0.0071849,0.0018775,-0.0033798,0.0007244,0.0004224,-0.0108472,-0.0074342,98
2015-05-05,-0.0161108,0.0015706,0.0025586,0.0012434,-0.0104889,0.0012328,0.005116,98
2015-05-06,-0.0001235,-0.0057685,-0.0115949,-0.0037076,-0.0002449,0.0112561,-0.0050393,98
2015-05-07,0.0100309,0.0074306,-0.0011988,0.0003555,0.0005145,0.0099389,-0.005319,98
2015-05-08,-0.0285596,-0.0074837,-0.0288262,-0.0034603,-0.0065457,-0.0148879,-0.0004977,98
2015-05-11,-0.0032918,0.003239,0.0015092,0.0015983,0.0098247,-0.0078535,0.0072047,98
2015-05-12,-0.0219911,0.0015808,-0.0109452,0.0033088,0.0071712,0.002342,-0.0064782,98
2015-05-13,0.0314077,-0.0015171,0.0028294,0.0008262,0.0050506,0.0079953,-0.0016056,98
2015-05-14,0.0029894,0.0085614,0.0184438,0.0009385,-0.0019521,0.0086935,0.0062079,98
2015-05-15,0.0180268,-0.0072404,0.00973,-0.0015465,-0.0037481,-0.0066343,-0.0046102,99
2015-05-18,0.0001833,0.006239,-0.0034676,-0.0021922,-0.0024806,-0.0056444,0.0035499,99
2015-05-19,0.007039,0.0015184,0.0156435,-0.0002922,0.0079809,0.0151502,-0.0014223,99
2015-05-20,0.0147898,0.0120914,0.008094,-0.0056772,-0.0060429,0.0003934,-0.0133338,99
2015-05-21,-0.0186118,-0.0083238,-0.008811,0.0043327,-8.34e-05,-0.0034536,-0.0088961,99
2015-05-22,0.0009034,0.0030871,0.0049929,0.0003107,0.0050612,0.0140281,0.0033569,99
2015-05-25,-0.0033771,-0.0137605,-0.0180051,0.0003773,0.0033652,-0.0199587,-0.0101228,99
2015-05-26,2.92e-05,0.0035131,-0.0002397,0.0003021,0.0017109,0.0002641,-0.0023104,99
2015-05-27,0.0081976,-0.0031456,0.002249,0.0021989,0.0070593,-0.0016401,0.0043869,99
2015-05-28,0.0084581,0.0010089,0.0038576,-0.0011826,0.0009437,0.0059653,0.0076176,99
2015-05-29,0.0105343,0.0046599,-0.003688,0.0022711,0.0073053,0.011523,0.0025115,99
2015-06-01,-0.0082974,-0.0034611,0.0028079,0.0020943,0.001716,0.0049525,-0.0037684,99
2015-06-02,0.0020046,0.0113272,0.0090878,0.0006867,0.0039119,0.0163416,0.0127402,99
2015-06-03,-0.0159113,-0.0097833,-0.0272,0.0012179,-7.77e-05,-0.0126568,-0.0135431,99
2015-06-04,0.004286,0.0057342,0.007402,-0.0032621,-0.0007259,0.0081272,0.0026249,99
2015-06-05,-0.0033532,0.0008839,0.0106352,-0.0018609,0.0006437,-0.0115921,-0.0003557,99
2015-06-08,-0.0075894,0.0009197,-0.0011025,-0.0014845,0.0026939,0.0167691,-0.0058093,99
2015-06-09,-0.0047251,-0.0155657,0.0049178,-0.0006663,-0.0094832,-0.0112636,-0.011002,99
2015-06-10,-0.0232911,0.0037548,0.0064116,-8.02e-05,0.0005789,-0.0051752,-0.0033012,99
2015-06-11,0.0107171,0.0102449,0.015005,-0.0036141,0.0037769,-0.0037787,0.0173102,99
2015-06-12,0.0076509,0.0060589,-0.0032818,-0.0029436,-0.0013743,0.01658,-0.0044455,99
2015-06-15,0.0057849,0.0061589,-0.0004623,-0.0004577,0.0047599,-0.0043515,-0.0005612,100
2015-06-16,-0.0144574,-0.027633,-0.011693,0.0014458,-0.0034562,-0.028508,-0.0071717,100
2015-06-17,-0.0076225,-0.0029931,-0.0051943,0.0016181,0.0018661,-0.0236813,-0.0002843,100
2015-06-18,0.0100084,0.0009502,0.0145873,-0.0011919,0.0049677,0.0147377,0.003855,100
2015-06-19,-0.0200436,-0.0260193,-0.033244,0.0027267,-0.0029878,-0.0137236,-0.0149401,100
2015-06-22,0.0030163,0.0118669,0.0076086,-0.0052464,-0.0015095,-0.0146431,-0.0148964,100
2015-06-23,0.0062172,-0.011831,-0.0118663,0.0004979,-0.0062173,-0.0085293,-0.0090911,100
2015-06-24,0.0184025,0.0069875,-0.0084668,0.0001379,-0.0033817,0.0035881,-0.0050418,100
2015-06-25,-0.0009965,-0.0019451,-0.0140882,0.0023946,0.0048193,0.0101095,0.0032539,100
2015-06-26,0.0196214,0.0236945,0.0420721,-0.007272,-0.0028893,5.6e-06,0.0260397,100
2015-06-29,0.0073593,0.0036023,0.0068209,5.36e-05,0.0001094,0.0160274,-0.0089283,100
2015-06-30,-0.0008185,0.0011035,0.014071,-0.002543,0.0020473,0.0094708,0.010698,100
2015-07-01,-0.015676,-0.0049969,0.0030097,0.0020093,0.0028455,0.0059643,0.0071737,100
2015-07-02,0.0025879,0.0075243,0.0054317,-0.0001613,0.0015723,-0.0098911,-0.0005045,100
2015-07-03,-0.0027483,-0.0075516,-0.0098497,0.0019886,0.0025245,0.0100162,-0.0001376,100
2015-07-06,-0.0234916,-0.0061756,-0.0126951,0.0013666,0.0063731,-0.0084241,-0.0010798,100
2015-07-07,-0.0049625,0.0097897,0.0191345,0.0049663,0.0043445,0.0230742,0.0066167,100
2015-07-08,0.0012556,-0.0056582,-0.0023903,0.0033431,0.0040243,-0.0058417,-0.0038049,100
2015-07-09,0.0036237,-0.0177604,-0.0220998,-0.0024621,-0.0061129,-0.0043063,-0.008823,100
2015-07-10,0.0132847,0.005497,0.0019559,3.13e-05,0.0037579,-0.0024813,0.0065499,100
2015-07-13,0.0084182,0.0054475,0.0207644,-0.0008515,-0.0032597,0.005176,0.0169524,100
2015-07-14,-0.0192756,-0.0055278,-0.0209695,0.0046039,0.0085509,-0.0150607,-0.0090894,101
2015-07-15,0.0111217,0.0199856,0.0253737,0.0019712,0.0025945,0.0065775,-0.0046277,101
2015-07-16,0.0109522,-0.0023396,0.0124284,0.0011484,-0.0022549,-0.005919,0.0028221,101
2015-07-17,0.0032807,0.007003,0.0017486,-0.002055,0.0001854,0.0018851,0.0018881,101
2015-07-20,0.0119907,0.0106137,0.018219,0.0046613,0.0097731,0.0154779,0.0158362,101
2015-07-21,-0.0248505,-0.0105445,-0.0048275,0.0051394,0.0012561,-0.008102,0.0044061,101
2015-07-22,-0.016846,-0.0099008,-0.0007283,0.0028134,0.0048122,0.005109,-0.0048919,101
2015-07-23,-0.0038381,-0.001314,-0.000636,-0.0046054,0.0084455,0.0006298,-0.0025497,101
2015-07-24,0.0127149,-0.0014826,0.009766,0.0026352,0.0010336,0.0218839,0.003024,101
2015-07-27,0.0043358,-0.0058728,-0.0032844,0.0020597,-0.00023,0.0041466,-0.0048824,101
2015-07-28,0.0045513,0.0193027,0.0077504,-0.0030345,0.003179,-0.0105193,0.0110718,101
2015-07-29,0.0115468,0.0112558,0.0045011,-0.0025694,0.000237,-0.0094461,0.0015693,101
2015-07-30,-0.0177875,-0.0159004,-0.0185907,0.0023122,0.0027066,-0.0098793,-0.0071163,101
2015-07-31,0.0038116,-0.0059952,-0.0024506,0.0045993,0.0031034,-0.0072483,-0.010562,101
2015-08-03,0.0245588,0.0227972,0.0159977,6.93e-05,0.0037284,0.0292993,0.0124525,101
2015-08-04,-0.013298,-0.0175809,-0.0172413,-0.0004084,0.0037349,-0.0135205,0.0084995,101
2015-08-05,0.0151427,0.0181004,0.0143968,0.0019643,0.0076876,0.0319293,0.0157251,101
2015-08-06,0.0095838,0.0116944,-0.000459,-0.0049713,-0.0005275,0.0084771,-0.009545,101
2015-08-07,0.0188601,0.0021588,0.005656,-0.0013356,0.0004092,-0.0011553,0.0103261,101
2015-08-10,0.0106393,0.0096543,0.0216128,-0.0026837,0.00132,0.0088765,-0.0005953,101
2015-08-11,0.0078832,0.0133813,0.0034704,0.0014774,0.0022326,0.0055641,-0.0150449,101
2015-08-12,0.0116416,-0.0059977,0.0019415,0.0026865,0.0056679,0.0033385,0.019509,102
2015-08-13,0.0068408,0.0056775,0.0094303,-0.0032848,-0.0016754,-0.0054708,0.018794,102
2015-08-14,-0.0044155,-0.0001398,0.0049913,-0.005878,-0.0022714,-0.0162459,0.013213,102
2015-08-17,0.0054429,0.0109896,0.0142925,0.0003353,-0.0008155,0.0067451,0.0081172,102
2015-08-18,0.0224786,0.0131254,0.029867,0.0031861,-0.000816,0.0119864,0.008709,102
2015-08-19,0.011572,-0.0113225,-0.0029721,-0.0027618,0.0027388,-0.0094544,-0.0181013,102
2015-08-20,0.019464,0.0028016,0.0037908,-0.0023315,-0.0061228,0.0099013,-0.0064054,102
2015-08-21,-0.0188312,-0.0013987,-0.0097907,0.001936,-0.0004696,-0.0047601,-0.008564,102
2015-08-24,0.0222028,0.0105489,0.0204174,0.0006154,-0.001567,0.0050891,0.0037353,102
2015-08-25,-0.0114748,-0.0157992,-0.0120137,0.006794,0.0037283,-0.0108284,0.0005258,102
2015-08-26,-0.0042614,0.0040169,-0.0078646,0.0017196,0.0014697,-0.0014192,-0.01049,102
2015-08-27,0.0131377,0.0137583,0.0101024,-6.15e-05,-0.000581,0.0072516,-0.0063988,102
2015-08-28,0.0068309,-1.88e-05,-0.0021576,0.0026228,0.002493,0.0095049,-0.0061926,102
2015-08-31,0.0165666,-0.0064987,-0.0100284,0.0030991,0.003779,0.0050803,0.0048304,102
2015-09-01,-0.0056857,-0.0104753,-0.0174799,-0.0015562,0.0017778,-0.0187513,-0.0141957,102
2015-09-02,-0.0013163,0.0124671,0.0032034,-0.0078305,-0.002782,0.0019097,0.0112291,102
2015-09-03,-0.0055661,0.0003654,-0.0116548,-0.00273,0.0035657,-0.0069509,0.0101274,102
2015-09-04,0.0003488,0.0064193,0.010912,0.0024236,0.0062121,0.009597,-0.0123676,102
2015-09-07,0.0095142,0.0013374,-0.0010758,0.0033922,0.0054173,0.0146541,-0.0154587,102
2015-09-08,-0.0090128,-0.0100865,-0.0147962,-0.0030503,-0.0057352,0.0068765,0.0051463,102
2015-09-09,0.0163697,0.0153451,0.0139074,0.0033726,0.0051499,0.013122,0.0220462,102
2015-09-10,-0.0335571,0.0002576,-0.0161844,-0.0005318,-0.0011678,-0.005248,-0.0090819,103
2015-09-11,-0.0175712,-0.010047,-0.0129129,0.0007518,-0.0019438,-0.0103575,-0.0149764,103
2015-09-14,0.0035355,0.0113009,0.0130057,-0.0002907,0.0051053,0.018078,0.0108235,103
2015-09-15,0.0154244,0.0043244,0.00911,-0.002804,-0.0025447,-0.005934,0.0063008,103
2015-09-16,-0.0015677,-0.0113426,-0.0140452,0.0020566,0.0050814,-0.0181546,-0.0069029,103
2015-09-17,-0.0117477,0.0106204,0.0032907,-0.003173,0.0008172,-0.005484,0.0203076,103
2015-09-18,0.0117582,0.0092178,-0.0012064,-0.0017654,0.0033758,0.0049269,-1.95e-05,103
2015-09-21,0.0101969,0.0058368,0.0083933,0.0014612,0.0026872,0.011303,0.0031621,103
2015-09-22,0.0144287,0.0019965,0.0010359,0.0006514,-0.0019463,-0.008751,-0.0155024,103
2015-09-23,0.0007597,0.0082006,0.0220181,0.0008934,0.0065841,0.0042163,0.0022033,103
2015-09-24,0.0132879,0.0067022,0.0014102,-0.0011353,-0.0038873,0.0014538,0.0087114,103
2015-09-25,-0.0172861,-0.0189575,-0.0271143,0.000621,0.0012185,-0.0024615,-0.0054049,103
2015-09-28,-0.008281,0.0069073,-0.0049975,-0.0001387,0.0001748,0.0053669,-0.0013659,103
2015-09-29,0.0006266,0.002545,0.0086141,0.0066313,0.0062446,-0.004291,-0.0043464,103
2015-09-30,0.0003494,-0.0018722,-0.0070505,0.0060942,0.0053557,0.0181157,0.0050209,103
2015-10-01,0.0055881,0.0055304,-0.0004394,0.0050258,0.0031175,0.0269254,-0.0149002,103
2015-10-02,0.0110807,-0.0055198,-0.0004779,0.0007705,1.88e-05,0.0072324,0.0020427,103
2015-10-05,0.014128,0.0070968,0.0010939,0.0029764,0.0083011,0.0273124,0.003871,103
2015-10-06,-0.0221643,0.0100143,0.0042361,0.0023248,0.0007403,0.0060787,0.0062981,103
2015-10-07,0.0075543,0.0031863,0.0172469,0.0071481,0.007014,0.0095636,-0.0026895,103
2015-10-08,-0.0070877,-0.0016893,-0.0097869,0.0029061,0.0013431,-0.0061741,-5.38e-05,103
2015-10-09,-0.0325985,-0.0107835,-0.0215503,0.0041,-0.0006463,-0.0089284,-0.0052606,104
2015-10-12,-0.0007547,-0.0053021,-0.0022921,-0.0078734,-0.0045851,-0.0131106,0.0184489,104
2015-10-13,-0.0053662,0.007273,-0.0021541,-0.0034901,-2.78e-05,0.0131984,0.0009653,104
2015-10-14,-0.0054426,-0.0094186,0.0006806,-0.0026448,-0.0027329,-0.0013079,-0.0056995,104
2015-10-15,0.0016813,-0.0035577,0.0100368,0.001483,0.002432,-0.0027169,0.0020138,104
2015-10-16,-0.0055565,0.0060602,0.0176036,0.0025822,0.0057896,-0.0079421,0.00312,104
2015-10-19,-0.0080624,0.0012784,-0.0019951,-0.0026014,0.0010397,0.0053679,-9.05e-05,104
2015-10-20,-0.0166675,-0.0065565,-0.0088587,0.0014003,0.0009239,0.0027045,-0.0049429,104
2015-10-21,0.0098181,0.0005831,-0.0027908,0.0030795,0.0062282,-0.0026017,0.0086795,104
2015-10-22,-0.0035923,-0.0074486,-0.0082491,-0.003127,-0.0009151,-0.0079744,-0.0072811,104
2015-10-23,-0.0092928,-0.011233,-0.0046173,0.0003171,-0.0012397,-0.013418,-0.0003615,104
2015-10-26,0.0083983,0.0040268,0.0027885,-0.0030453,0.0018532,0.0089689,0.0020917,104
2015-10-27,0.0161242,0.0151977,0.0054214,-0.0063451,-0.0016644,-0.004461,-0.0099024,104
2015-10-28,0.0136173,0.0068451,0.0155166,-0.004769,-0.0056308,-0.0055155,0.0065014,104
2015-10-29,-0.0014923,0.0073103,0.0029764,0.00593,0.004741,0.005122,0.0005215,104
2015-10-30,-0.0102859,-0.002595,-0.0020979,-0.0032428,-0.0034659,0.0060849,0.0161793,104
2015-11-02,0.0053006,-0.0113553,-0.0061216,0.0043048,0.0096277,0.0011524,0.0062163,104
2015-11-03,-0.0041576,-0.0047163,0.0053636,0.0027215,0.0017287,-0.0006516,0.001814,104
2015-11-04,0.0031069,0.0065654,0.0173222,-0.0032314,-0.0021127,0.0099543,-0.0104995,104
2015-11-05,0.0042475,0.0101455,0.0210688,-0.0031309,0.0017196,0.0027979,0.0117564,104
2015-11-06,0.0133582,0.0095314,0.0026732,0.0029679,0.005552,0.0126124,0.0026828,104
2015-11-09,0.0030946,0.0008329,-0.0041243,-0.0041916,-0.0091719,-0.0108394,0.0029689,105
2015-11-10,-0.0046555,-0.0024922,0.005391,-0.0028981,-0.0009152,0.0055466,0.022933,105
2015-11-11,0.018614,0.0096422,0.0077284,0.0042321,0.0007365,0.008571,0.0103343,105
2015-11-12,0.0048141,0.0041415,0.0148486,0.0005649,0.0035805,0.007727,0.0193701,105
2015-11-13,-5.11e-05,-0.0065959,-0.0011014,0.0009861,0.0057069,-0.0046789,0.0086358,105
2015-11-16,-0.0067524,0.0115811,-0.0043918,-0.0028518,0.0018294,-0.0021243,-0.0094829,105
2015-11-17,0.0028753,0.000902,0.003694,-0.0044589,-0.002682,-0.0171372,0.0052468,105
2015-11-18,-0.0248833,-0.0235419,-0.0301921,0.00462,0.0010038,-0.0011347,-0.0172487,105
2015-11-19,-0.0005866,0.0070338,0.0031619,-0.0016207,-0.0047813,-0.0005849,0.017989,105
2015-11-20,0.0179022,0.000164,0.0092683,0.0025484,0.0003413,0.0132795,0.0003938,105
2015-11-23,-0.003855,-0.0087452,-0.0090826,0.000338,-0.0042405,0.0039852,-0.0029873,105
2015-11-24,-0.0076279,0.0036433,0.0028951,0.0016728,-0.0008851,0.0075519,-0.0017221,105
2015-11-25,-0.0067742,-0.0061759,0.0017257,-0.0016884,-0.0030232,-0.0049189,0.0093679,105
2015-11-26,0.0031552,0.0039681,-8.7e-06,-0.0050748,-0.0006145,-0.0016359,-4.13e-05,105
2015-11-27,0.0172867,0.0022054,0.0107665,0.0027615,-0.0035042,0.013443,-0.0085347,105
2015-11-30,-0.0096709,0.000824,-0.0048082,0.0005352,0.0047793,0.0036462,-0.0051128,105
2015-12-01,-0.0114427,-0.0015614,-0.009416,-0.0047556,-0.0037334,0.0041621,0.0050706,105
2015-12-02,-0.0002291,0.0001503,-0.0048701,0.0010084,0.0016568,0.0075232,0.0049682,105
2015-12-03,0.0169885,0.0069817,0.0044851,-0.003067,-0.0023327,0.00269,-0.0178261,105
2015-12-04,-0.0132767,0.0128601,0.0126716,0.0022704,0.0083116,0.0076103,0.01602,105
2015-12-07,-0.0095338,-0.0017442,0.0014278,-0.003138,-0.0011195,-0.0149593,0.0091933,105
2015-12-08,-0.0064779,0.0025377,0.0011792,-0.0008646,-0.0012914,0.0024399,0.0012141,106
2015-12-09,0.0061769,0.001892,0.0096672,0.0011938,0.0024787,-0.0021171,0.0159292,106
2015-12-10,0.0046755,0.0124452,0.0070691,0.0034662,0.0053751,0.0141535,-0.0077431,106
2015-12-11,-0.0232601,-0.0064926,-0.0113883,-0.0052226,-0.0064052,-0.0169505,-0.0060261,106
2015-12-14,-0.0119065,-0.0151954,-0.0154081,0.0042479,0.0039169,0.0048163,0.0062979,106
2015-12-15,-0.0171016,-0.0164613,0.0001287,-0.0020616,-0.0030565,-0.014601,0.0053982,106
2015-12-16,-0.018339,-0.0195496,-0.0162319,0.0027593,-8.75e-05,-0.0116351,0.0041278,106
2015-12-17,0.0216678,0.0184438,0.0260873,0.0021927,0.0065161,0.0212987,-0.0059579,106
2015-12-18,0.001556,-0.0039834,-0.0152907,-0.0023413,0.0001063,-0.0007813,-0.0037898,106
2015-12-21,0.0169636,-0.0014541,0.0161946,-0.0019181,-0.0034727,-0.0101361,-0.00977,106
2015-12-22,-0.0060336,-0.0010983,-0.0069416,0.0008278,-0.0025145,0.0020652,0.0195237,106
2015-12-23,0.0085786,0.0087058,0.0227314,-7.47e-05,0.0006335,0.0094519,-0.0026577,106
2015-12-24,-0.0165025,-0.0151776,-0.0069134,0.0089283,0.0052402,-0.0229809,-0.0104142,106
2015-12-25,-0.0132501,0.0016828,-0.0027265,-0.0040189,4.25e-05,0.0016056,-0.0170172,106
2015-12-28,-0.0093166,-0.0053257,-0.0046404,0.0032643,-0.0029202,0.0012689,0.0065845,106
2015-12-29,0.0255346,0.0126533,0.015996,-0.0025462,0.0024781,0.0067664,-0.0072145,106
2015-12-30,-0.0129146,-0.0055315,-0.0134897,0.0034303,-0.0006738,-0.0098392,-0.0039339,106
2015-12-31,0.004131,0.0024137,0.0036653,-0.0029728,-0.0007592,0.0034765,0.0102589,106
2016-01-01,-0.0076099,-0.0003882,-0.0153585,-0.0042328,0.001981,-0.0143722,-0.0124986,106
2016-01-04,0.0055253,0.0091358,0.012778,0.0019009,0.0001366,0.0107369,0.0026901,106
2016-01-05,0.0043442,-0.0096458,-0.0033694,0.0059968,0.0064081,0.0078598,-0.0041199,106
2016-01-06,-0.0007001,0.0060555,0.0056742,0.0027555,0.002907,-0.0020899,0.0102482,107
2016-01-07,0.0132724,0.0061314,0.0090517,-0.0059308,-0.0026071,-0.0084189,0.0078578,107
2016-01-08,0.0080301,-0.0023961,0.0119785,-0.0019763,-0.0035408,0.0011797,-8.02e-05,107
2016-01-11,-0.0128499,-0.0018382,-0.0123548,0.0077306,0.0051199,0.0041562,0.0083245,107
2016-01-12,-0.0068887,-0.0041724,-0.0026733,-0.0002158,0.003689,-0.0073345,0.0049489,107
2016-01-13,0.0236535,0.0183875,0.0203043,0.0001667,0.000102,0.004593,0.0135087,107
2016-01-14,-0.0099223,-0.0058817,-0.0006114,0.0007211,0.0006553,0.0026157,0.0072936,107
2016-01-15,0.0024573,-0.0071217,-0.0040488,-0.0015147,0.0012144,-0.0035628,-0.0005833,107
2016-01-18,0.0040075,-0.0052932,-0.0044613,-0.0015684,-0.0007984,0.0079389,0.0007898,107
2016-01-19,0.0054415,-0.0041308,0.0163882,0.0034116,0.0047574,0.0136155,-0.0016626,107
2016-01-20,0.0012856,0.0220976,0.0060828,-0.004599,-0.0063344,0.0137448,0.0069195,107
2016-01-21,-0.0094828,-0.0057123,0.002209,-0.0034189,-0.0063833,0.0005844,0.0072744,107
2016-01-22,-0.0019768,-0.0040165,-0.0092977,-0.003831,-0.0038045,-0.0039387,-0.0044598,107
2016-01-25,-0.0039776,0.0075125,0.0008338,-0.0031128,-0.0010661,-0.0040903,0.0037685,107
2016-01-26,0.0176343,0.0109964,0.0045322,0.0045289,0.0064036,0.0094192,0.0004713,107
2016-01-27,-0.0002061,-0.0071281,-0.0023466,0.003375,0.0017012,-0.0055631,0.0098905,107
2016-01-28,-0.0021035,0.0078902,0.0110873,-0.0025253,-0.0014082,0.0271371,0.0049587,107
2016-01-29,0.0203534,0.0038105,0.0142972,-0.0020605,0.0034153,-0.0011054,0.0091219,107
2016-02-01,0.0284529,-0.0015555,0.0025113,0.0002922,-0.003267,0.0008478,0.0084091,107
2016-02-02,0.0026353,0.0185356,0.0111744,-0.0026648,0.0048127,0.0145133,0.0012007,107
2016-02-03,-0.0224174,0.0046662,-0.0130257,-0.0042151,-0.0013426,-0.0070309,-0.003613,107
2016-02-04,-0.0229395,-0.005161,0.0031157,0.0010731,-0.000472,0.0118518,-0.0020441,108
2016-02-05,0.0007967,0.0041945,0.0022308,0.0041735,0.0017462,0.0058392,0.0063551,108
2016-02-08,-0.0152338,-0.0016672,-0.0122548,-0.0039439,-0.008344,0.0037135,-0.0001025,108
2016-02-09,0.0343444,0.010694,0.0145761,-0.0031235,0.0062257,0.0042169,0.0175599,108
2016-02-10,-0.0120523,-0.0057566,0.0021429,0.004812,0.0034856,0.0162143,0.0117772,108
2016-02-11,-0.0119247,0.0038903,0.0093803,0.0079399,0.0036574,0.0077046,-0.0023705,108
2016-02-12,0.0109233,-0.0002793,-0.0128644,-0.0045197,-0.0069162,-0.0156424,0.0075378,108
2016-02-15,0.0149018,0.0078893,0.0166776,-0.0001231,0.000587,-0.0017479,0.0118826,108
2016-02-16,-0.0063744,-0.0191348,-0.0139022,0.0031001,-0.0007333,-0.0222634,0.0047936,108
2016-02-17,-0.0105627,0.0032054,-0.0014822,-0.0054452,-0.004486,-0.00215,0.0014149,108
2016-02-18,-0.030831,-0.0039249,-0.0151614,0.0039247,0.0079022,-0.0081755,0.0076033,108
2016-02-19,-0.0306936,-0.0130684,-0.0211374,0.0013606,0.0005433,-0.0202403,-0.0084554,108
2016-02-22,-0.0045401,-0.0043075,-0.0100822,-0.001769,-0.0009157,-0.0020431,-0.006942,108
2016-02-23,-0.0094612,-0.0051185,-0.0142365,-0.0020048,-0.0059827,-0.0097477,-0.011094,108
2016-02-24,-0.0138082,-0.0185685,-0.0194584,0.0024892,-0.0002572,-0.0154143,-0.0048522,108
2016-02-25,-0.0147618,-0.0126774,-0.0130895,-0.001371,-0.0032228,-0.01602,0.0153388,108
2016-02-26,-0.0180921,-0.009097,-0.0221863,0.0070242,0.0078749,-0.0005368,0.0091565,108
2016-02-29,0.0159464,0.0135862,0.0058754,0.0006059,-0.0008911,0.0210409,-0.0008786,108
2016-03-01,0.0087508,0.0057271,0.0148329,-0.0020113,-0.0008344,0.0001201,0.000911,108
2016-03-02,0.0167727,0.0109795,0.0155972,0.0008118,0.0019088,0.0045029,0.0001763,108
2016-03-03,0.01626,0.0059873,0.0047048,0.0058777,0.0014273,0.0051754,0.0032627,108
2016-03-04,-0.0050001,-0.0014034,-0.0114645,0.0030862,0.0007155,-0.0054466,-0.0087528,109
2016-03-07,0.0148315,0.0062773,-0.002327,0.0066969,-0.002054,0.0143644,-0.0109446,109
2016-03-08,0.0029505,-0.0031302,-0.0004188,-0.0022731,-0.0071093,-0.0114379,-0.0065503,109
2016-03-09,-0.0030441,-0.002833,-0.0040074,-0.0024884,-0.0060619,-0.0082903,0.019078,109
2016-03-10,0.0245588,0.0110908,0.0161805,0.0007951,0.0040379,0.0166228,0.0093475,109
2016-03-11,0.0140571,0.0109223,0.013293,0.0023804,-0.0034419,-0.0090917,0.0022746,109
2016-03-14,0.0048187,0.0043822,0.0054325,-0.003332,6.54e-05,0.0012289,0.0022722,109
2016-03-15,0.0170147,-0.0034891,0.0049531,-0.0013906,0.0022422,0.0094408,0.0167153,109
2016-03-16,-0.0039221,-0.0047108,0.0056887,0.0002662,0.0008945,-0.0050004,0.0024551,109
2016-03-17,-0.0027729,0.0060629,-0.0053046,0.0025548,0.0023471,0.0114406,0.0072637,109
2016-03-18,0.0070762,-0.0082934,-0.0073458,0.0050717,0.0088833,0.0024431,-0.0011499,109
2016-03-21,0.0056183,0.0146645,0.0225286,0.0036071,0.0054566,0.0098298,-0.0054027,109
2016-03-22,-0.0034061,-0.0046664,-0.0085397,-0.000999,-0.0019127,-0.0083589,-0.0053478,109
2016-03-23,-0.014345,-0.0088861,-0.0082795,-0.0007149,0.0021353,-0.0142487,-0.006576,109
2016-03-24,-0.0193923,-0.0069839,-0.012074,-0.000758,0.004039,-0.0120192,0.0053161,109
2016-03-25,-2.55e-05,-0.0072457,-0.0062515,-0.0004287,0.0044055,-0.0155935,-0.0005792,109
2016-03-28,-0.0115585,0.0010984,-0.0021734,0.0029459,-0.0025405,0.0091023,-0.0177299,109
2016-03-29,0.0020787,0.0029642,-0.0039212,0.0032603,0.0039881,0.0050088,0.0045955,109
2016-03-30,-0.0038718,-0.014186,-0.00431,-0.0024711,-0.001548,-0.0036513,0.0215101,109
2016-03-31,-0.0103023,-0.0040825,-0.0131768,-0.0002931,0.0043924,-0.0107341,-0.0097664,109
2016-04-01,0.0072777,0.0025746,0.0083808,-7.63e-05,-0.0056508,0.0020485,-0.0142785,109
2016-04-04,0.0045573,-0.0056514,0.0003943,0.0059115,-0.0028812,0.0116828,0.0001286,110
2016-04-05,0.0021054,-0.0099401,-0.0103347,0.0043924,0.0023912,-0.0017189,-0.012653,110
2016-04-06,0.0156652,0.0035573,0.0031321,-0.0048095,-0.0082233,0.0094018,0.0136273,110
2016-04-07,0.0032973,0.0073083,0.0035434,-0.0003712,-5.48e-05,-0.0030474,-0.0019757,110
2016-04-08,-0.0089624,0.0031888,0.0055465,0.0032141,0.0010957,0.0090277,-0.0035016,110
2016-04-11,-0.0091264,-0.0106945,-0.0143594,-0.0015939,-0.0032226,0.0046535,-0.0008937,110
2016-04-12,0.0040237,-0.0032889,0.0056706,0.0003909,0.0003336,0.0050352,0.0071815,110
2016-04-13,0.0102916,0.0043241,0.010512,-0.0015846,0.0021557,0.0126822,0.0104047,110
2016-04-14,-0.0162911,-0.0062972,-0.0131991,-0.0014542,-0.0023034,-0.005809,0.0131675,110
2016-04-15,0.0173321,0.0205147,0.015118,-0.0011532,-0.0001673,0.0186213,-0.0102618,110
2016-04-18,-0.00474,-0.0107922,-0.0073643,0.0024967,0.0031629,-0.0057706,0.0024428,110
2016-04-19,-0.0093467,-0.0097084,-0.010416,0.0028599,-0.0019822,-0.0018687,0.010495,110
2016-04-20,0.0006442,-0.0072518,0.0135687,-0.0030975,-0.0028052,-0.0097464,0.009459,110
2016-04-21,-0.0049106,-0.0061392,0.0043466,0.0039664,-0.0023749,-0.0013348,-0.015667,110
2016-04-22,0.014263,0.0168157,-0.0055662,-0.0007698,0.0025277,0.0194941,-0.0052005,110
2016-04-25,0.0027845,0.0031529,-0.0031763,-0.0019782,-0.0051074,-0.0044207,0.0019348,110
2016-04-26,-0.0053952,-0.002297,0.0048081,-9.7e-06,-0.0019058,-0.0055247,0.0037106,110
2016-04-27,-0.0038161,0.0005236,0.0030647,0.0005145,-0.0008232,0.0106148,-0.0002933,110
2016-04-28,-0.0236532,0.0007056,-0.0119145,0.0028044,0.0039268,0.0154959,-0.0020837,110
2016-04-29,0.0113954,0.0176955,0.0227584,-0.0031003,-0.0022382,0.011702,0.0160681,110
2016-05-02,-0.0014651,-0.0115306,-1.55e-05,-0.0028963,-0.0073295,-0.0187587,-0.0126936,110
2016-05-03,2.34e-05,0.0172418,0.0034018,-0.0032943,-0.0043011,0.0086061,0.0015792,111
2016-05-04,-0.0063125,0.0066343,-0.0111503,0.0002045,0.0069016,0.0163219,0.0007212,111
2016-05-05,0.0041221,-0.0017141,-0.0025451,-0.0032568,-0.0024611,0.0042376,0.0017399,111
2016-05-06,-0.0200611,-0.0211458,-0.0202986,-0.0009389,0.0010919,-0.0118848,0.013353,111
2016-05-09,0.0003765,0.0057453,0.0210412,-0.0020426,0.001642,-0.0075814,0.0220819,111
2016-05-10,-0.0117126,0.0040112,0.0025515,0.0020113,-0.00041,-0.0053537,0.0035492,111
2016-05-11,-0.0291333,-0.0080184,-0.0226937,0.0057349,0.0006074,-0.0047731,-0.0128625,111
2016-05-12,-0.0281755,-0.0195285,-0.0325521,0.0075454,0.0060667,-0.0058667,-0.0156071,111
2016-05-13,0.0065467,0.0001707,0.0040643,0.0023559,-0.0026555,-0.0001798,-0.0159454,111
2016-05-16,0.0213986,0.0014945,0.007925,0.0010011,-0.0040932,-0.0059759,-0.0008838,111
2016-05-17,0.0136699,0.0056347,0.0108278,0.003264,0.0014884,0.0020157,-0.0031293,111
2016-05-18,0.0048147,0.0034825,0.0012806,0.0014128,0.0008053,-0.0012449,0.0026047,111
2016-05-19,-0.0078503,-0.0012582,-0.0051479,0.0028572,0.000541,-0.0111483,-0.0151367,111
2016-05-20,-0.0008666,0.010637,0.0021951,0.000182,0.0068445,-0.003821,0.003434,111
2016-05-23,0.0088231,0.0150312,0.0188173,0.0006462,0.0060938,0.0261651,0.0017423,111
2016-05-24,0.0120959,0.0203924,0.0054978,-0.0046135,-0.0043545,0.0144654,-0.0087462,111
2016-05-25,0.0123566,0.0108914,0.0110141,-0.0073011,-0.0039043,-0.0093416,0.002219,111
2016-05-26,0.0130061,-0.0036865,0.0031653,-0.0007952,0.0016712,-0.0081911,0.0081402,111
2016-05-27,0.0044021,0.0011085,0.0109782,0.0024438,0.0023457,9.72e-05,0.0040844,111
2016-05-30,0.0136229,0.0074776,0.0189387,-0.0004218,-0.0001474,0.0084155,0.0132263,111
2016-05-31,0.0037485,-0.0038093,0.0030446,0.0011922,0.0014309,0.0134206,0.0030311,111
2016-06-01,0.0174897,0.0081972,0.0190594,0.0013329,0.0034523,0.0254192,0.0049223,112
2016-06-02,0.0009653,0.0131649,0.0089255,0.0009283,0.0032208,0.0016705,0.004656,112
2016-06-03,0.0042182,-0.0101287,-0.0094282,0.0001953,0.0009768,-0.0006521,0.0071348,112
2016-06-06,-0.0168099,-0.0030672,-0.010817,-0.003862,0.0019401,-0.0054844,0.0040643,112
2016-06-07,-0.0092877,-0.0063757,-0.0046873,0.0044728,-0.0029279,-0.0016514,0.0168273,112
2016-06-08,0.0010601,0.0206211,0.0114083,0.0016143,0.0063406,0.0096267,0.0036362,112
2016-06-09,-0.0030302,0.0082929,-0.003529,-0.0040258,-0.0021948,0.0056798,0.0116402,112
2016-06-10,0.0155185,0.0072965,0.0020193,0.0022885,0.0099137,0.0199071,0.0022719,112
2016-06-13,-0.0023413,-0.0045033,0.0006321,0.0055278,0.005509,-0.0076028,0.0028695,112
2016-06-14,0.0112484,0.0065934,0.0062572,-3.85e-05,0.0036647,0.0146507,0.0147263,112
2016-06-15,0.0109358,0.0046218,0.0026025,-0.0033167,0.002465,0.0123954,-0.0013784,112
2016-06-16,0.0023777,-0.0125802,-0.0133138,-0.0001006,-0.0017998,0.0014777,0.0030181,112
2016-06-17,0.0025522,0.0134872,0.0065595,-0.0011258,-0.0017975,-0.0013659,0.0028925,112
2016-06-20,-0.0074557,0.007599,0.0055747,-0.0053583,-0.0049648,0.0056678,0.0076574,112
2016-06-21,-0.0041557,0.0148055,0.0226404,-0.0023256,-0.0019486,0.0024387,0.0179658,112
2016-06-22,-0.0149665,-0.0053349,0.0040223,-0.0002685,0.0021939,-0.0021291,0.0116539,112
2016-06-23,-0.0066873,0.0040265,0.0042023,-0.0025066,-0.003466,0.0110177,0.0002217,112
2016-06-24,-0.0023064,-0.0089687,-0.010989,0.0021056,0.0073577,-0.0127037,-0.0110067,112
2016-06-27,-0.0002941,-0.0051513,0.0046684,0.0058884,0.0022909,-0.0037115,0.0189667,112
2016-06-28,0.0093264,0.011586,0.0102267,-0.0014183,-0.0056112,0.0127606,0.0058093,112
2016-06-29,0.0062301,0.0025492,0.0090773,0.0001469,-0.0004902,0.0027093,0.0170205,112
2016-06-30,-0.0034804,-0.0038836,-0.0020624,0.0028348,-0.0049858,-0.00124,0.0008196,113
2016-07-01,-0.0187079,-0.0014126,-0.0107743,0.0010467,-0.0013423,0.0090161,0.001998,113
2016-07-04,0.011339,-6.41e-05,0.0037799,-0.0013037,-0.0027621,0.0060951,0.0016665,113
2016-07-05,-0.0001173,-0.003798,0.0087838,0.0022944,0.0003023,-0.0187178,-0.017592,113
2016-07-06,-0.0005066,0.005926,0.002887,0.0008821,-0.0011632,0.0022134,0.0025474,113
2016-07-07,0.0073185,0.002721,-0.0077725,-0.0002566,-0.0024645,-0.0073691,0.0026154,113
2016-07-08,0.0095132,0.0040526,0.0012226,0.0031134,0.001268,-0.0009588,-0.0074586,113
2016-07-11,0.0013322,0.001668,-0.0050964,-0.0020821,-0.0005978,0.0049924,0.0028719,113
2016-07-12,0.0006117,-0.0059322,-0.0061295,-0.0063147,-0.0059153,-0.0303309,0.0033126,113
2016-07-13,0.0107634,0.0023388,0.0089166,0.0040721,0.0054847,0.0160353,-0.0017575,113
2016-07-14,0.0065397,0.0004689,0.0035499,-0.0018926,0.0006203,-0.011675,0.0062314,113
2016-07-15,0.0184075,0.0195995,0.0277905,0.0022622,0.001015,0.0411712,0.0093694,113
2016-07-18,-0.0157067,0.0004679,-0.0106608,0.0009153,-0.0033717,0.0094801,-0.0124647,113
2016-07-19,-0.0106595,0.0023565,0.0092594,0.0005512,-0.004631,-0.0076474,0.0186933,113
2016-07-20,0.0012665,0.0049072,0.0058841,0.0019815,-0.0034543,0.0064101,-0.0032926,113
2016-07-21,0.0089688,0.0112727,0.0135645,0.0021122,-0.0063521,0.0170618,0.0023427,113
2016-07-22,0.0064647,0.0048135,-0.0085867,0.0008712,0.0049158,0.0050018,-0.0104601,113
2016-07-25,-0.0013198,0.0049759,0.0147018,0.0050652,0.0014105,-0.000221,0.0120798,113
2016-07-26,0.0033741,0.0116624,0.0207442,-0.0033895,-0.0046517,0.0039177,0.0038074,113
2016-07-27,0.0268106,-0.0019563,0.0071865,-0.0016056,-0.0030688,-0.001096,0.02089,113
2016-07-28,-0.0056897,0.0008764,-0.0098839,0.0079471,0.0044721,-0.0062505,0.0022869,113
2016-07-29,0.0136336,0.0033902,0.0101241,0.0028625,0.0034262,-0.0027787,0.0042956,114
2016-08-01,0.0090387,0.004204,0.0216068,0.0005085,0.0055192,0.0010484,-0.0096786,114
2016-08-02,0.0031645,0.0100153,0.0035455,0.0064553,0.0051085,0.0267328,0.0104765,114
2016-08-03,0.0178356,0.0036265,0.0039935,0.005281,0.0044507,0.0202834,0.0100019,114
2016-08-04,0.0041783,-0.0169479,0.0014512,0.0037892,-0.0005655,-0.0014996,-0.0046174,114
2016-08-05,0.0078072,0.0044255,0.0001916,-0.0036664,-0.0018584,0.0026014,-0.0143613,114
2016-08-08,0.012554,-0.0062298,0.0090396,-0.0032465,-0.0045081,0.0110168,-0.0053743,114
2016-08-09,0.0066158,0.0007678,-0.0117374,0.0022514,0.003064,-0.0068855,-0.0066327,114
2016-08-10,0.009098,0.0010853,0.0036282,-0.0052064,-0.0081613,0.0097623,-0.0008826,114
2016-08-11,-0.0031833,0.0065044,0.0045718,0.000247,-0.0071484,0.0174337,0.00516,114
2016-08-12,-0.0042631,-0.0028774,0.0087058,0.0009219,-0.0071056,-0.0017366,0.0118169,114
2016-08-15,-0.0075442,-0.0030353,-0.0055773,0.0032943,0.0019969,0.0104979,-0.0027864,114
2016-08-16,-0.0098873,0.0074686,-0.0119421,0.0032366,0.0055522,0.009495,-0.0158993,114
2016-08-17,0.0097761,-0.0027664,0.0005282,-0.0041616,-0.0031004,-0.0113299,-0.000809,114
2016-08-18,0.0060264,-0.0016633,0.0085947,-0.0006935,-0.0018139,-0.0033877,-0.0058622,114
2016-08-19,0.0245201,0.0122919,0.0248051,-0.0034728,-0.0014479,0.0049669,0.0091855,114
2016-08-22,0.0059293,0.0006768,0.0127981,0.0024867,-0.0014515,0.0181838,-0.0019789,114
2016-08-23,0.0085272,0.020096,0.0165272,-0.001589,-0.0031562,0.001438,0.0088274,114
2016-08-24,0.0007364,0.008741,0.0053355,-0.0013881,0.0061349,0.0111179,0.0073415,114
2016-08-25,0.0070546,-0.0084941,-0.0062417,0.003458,0.0031399,-0.0007136,0.011611,114
2016-08-26,-0.0077911,-0.001633,0.0012137,-0.0034317,-0.001031,0.0068295,0.00528,114
2016-08-29,-0.0042181,-0.016658,-0.0114869,-0.0007417,0.0060504,0.0007299,0.0116851,115
2016-08-30,0.0271323,0.0005644,0.0208837,-0.0053384,-0.0030076,0.0308362,0.0206366,115
2016-08-31,-0.0170024,-0.0140741,-0.0125991,0.0018625,0.0018557,-0.0161619,-0.005212,115
2016-09-01,0.0048918,-0.0057809,-0.0179227,-0.0039178,-0.0080988,-0.0084996,3.22e-05,115
2016-09-02,0.0029204,-0.013682,-0.006155,-0.0011263,-0.0027178,-0.0178979,0.0094223,115
2016-09-05,0.0072545,0.0120796,0.0090193,-0.0010219,0.0028511,0.0006408,0.0077048,115
2016-09-06,0.004934,0.0026869,0.002196,0.0027346,0.0051836,-0.0094542,-0.0187634,115
2016-09-07,-0.0117003,-0.0093854,-0.0132329,0.0014953,-0.0037867,-0.0257664,-0.0072275,115
2016-09-08,0.0070603,0.0158713,-0.0023715,0.0019704,0.0003797,0.0151206,-0.006938,115
2016-09-09,0.0105996,-0.006513,-0.0045735,0.0072899,0.0051226,0.0161794,0.0013519,115
2016-09-12,0.0010271,0.0020514,0.0046357,-0.0045365,-0.0027038,-0.0011675,0.0016015,115
2016-09-13,0.0113351,0.0092804,0.0088594,-0.0001106,0.0026479,0.0144454,-0.0019092,115
2016-09-14,-0.0002798,-0.0056642,-0.0081477,-0.0045905,-0.0041674,-0.0114828,-0.0024274,115
2016-09-15,0.0111445,0.0163463,0.0063295,0.0013515,0.0052059,0.0105292,0.0048481,115
2016-09-16,0.0100135,0.0039694,0.0100221,-0.0048276,-0.0026042,-0.0053815,0.017464,115
2016-09-19,0.0004089,0.0027165,0.0067496,0.0018559,0.0034884,-0.0007215,-0.0048441,115
2016-09-20,0.021436,0.0142834,0.0182256,-0.0049052,0.0009978,0.0157679,-0.0010648,115
2016-09-21,-0.0018007,0.0007586,-0.0096835,-0.0005177,-0.002267,0.0013707,-0.0061044,115
2016-09-22,0.0014808,0.0076307,-0.0043463,-0.0049459,-0.0042023,-0.0126311,-0.0011465,115
2016-09-23,0.0047025,-0.0034444,-0.0207242,-0.000606,-0.0003066,-0.0145977,-0.0087519,115
2016-09-26,0.0138202,-0.0005776,0.0035881,-0.0005939,-0.0007019,-0.0003361,0.0130167,115
2016-09-27,0.017572,0.0153034,0.0135266,-0.0037701,0.0015811,0.0022031,-0.0080994,116
2016-09-28,-0.0122515,0.0004705,-0.0003077,0.0008086,0.0016515,-0.0009026,0.0121367,116
2016-09-29,-0.0053995,0.0006591,-0.0069771,-0.00446,-0.0036539,-0.0056323,0.0006318,116
2016-09-30,0.0002669,0.0080863,0.0124231,-0.0044116,-0.0061321,0.0060962,-0.0111662,116
2016-10-03,-0.0111477,-0.011882,-0.0080031,0.0041036,0.0012978,-0.0065403,0.0021078,116
2016-10-04,-0.0126301,0.0105994,0.0084221,-0.0024367,-0.0034957,0.0125719,0.0067983,116
2016-10-05,0.0157269,0.0078862,0.0132602,2.12e-05,0.0022785,0.0092892,0.0119045,116
2016-10-06,0.0132861,0.0116507,0.0103533,0.0010448,0.0010495,0.0332037,0.0154928,116
2016-10-07,-0.0025339,0.0017899,-0.0012299,-0.0009097,0.0007042,0.004189,-0.0137347,116
2016-10-10,0.0063828,0.0134883,0.0093904,0.0028585,0.0071044,0.0284457,0.0069158,116
2016-10-11,0.0072964,0.0044395,0.011449,0.0038001,0.0074154,0.0137594,0.0031316,116
2016-10-12,0.0073398,0.0076725,0.0047528,0.0009197,0.0041947,0.0076803,-0.0032659,116
2016-10-13,0.0084198,3.36e-05,0.002067,-0.0001504,-0.0007579,0.0081926,-0.0114533,116
2016-10-14,0.0110378,0.004079,0.0131657,-0.0002645,0.0037055,0.0057858,0.0087572,116
2016-10-17,-0.0313396,-0.0196632,-0.0296812,-0.0005592,0.0045094,-0.0182958,-0.0199384,116
2016-10-18,-0.0038032,0.0009725,-0.0084043,0.0004445,0.0022082,-0.0094578,-0.0082641,116
2016-10-19,0.0082517,0.0065388,0.0180275,-0.0007385,0.0013526,0.0025591,0.0104467,116
2016-10-20,-0.0052226,-0.0090229,0.0046228,0.0030515,0.0045334,-0.0050667,-0.0104941,116
2016-10-21,-0.0061396,-0.0107292,-0.0175729,0.0028349,0.0045069,0.0066023,0.0071103,116
2016-10-24,0.0066647,0.0042368,-0.0036697,-0.0004049,-0.0008941,-0.0039313,-0.0018636,116
2016-10-25,-0.0027016,0.0097781,0.0104233,0.002053,0.0048426,0.0249813,0.0142624,116
2016-10-26,0.0158904,0.0022433,0.0109039,0.0035657,0.0047093,0.0085256,0.0164466,117
2016-10-27,0.0197079,0.0138812,0.0152407,-0.0007217,0.0027569,0.007829,-0.0098182,117
2016-10-28,0.0283478,0.0119538,0.0123179,-0.0028717,-0.0044195,0.0244877,0.0110482,117
2016-10-31,-0.0166036,-0.0081666,-0.0234886,0.001307,0.0024798,-0.0182329,-0.0264921,117
2016-11-01,-0.0102669,-0.0036379,-0.025316,-0.0010189,-0.0052657,-0.0034903,-0.0152964,117
2016-11-02,-0.0028429,-0.0064331,-0.0031903,0.0028286,-0.001832,-0.0052733,0.0099438,117
2016-11-03,0.0104449,0.0033038,0.0143145,-0.0028569,-0.0021004,0.0002704,0.016152,117
2016-11-04,-0.0037895,-0.0094724,-0.0091089,0.0011516,-0.0029372,-0.0029662,-0.003783,117
2016-11-07,0.0028276,-0.0055385,0.0117752,-0.0024504,-0.0056615,-0.0115182,-0.0061288,117
2016-11-08,-0.014331,-0.0092214,-0.0250575,-0.0051612,-0.0064729,-0.0168307,-0.0061108,117
2016-11-09,0.001536,-0.0082097,0.0035928,-0.0009382,-0.0062998,-0.0131104,-0.0025634,117
2016-11-10,-0.0011248,-0.0071783,0.0018064,-0.0008698,0.0014671,-0.0053342,0.0061908,117
2016-11-11,0.0048376,-0.0073451,-0.0153261,0.0015036,0.0044647,-0.0067142,-0.0087944,117
2016-11-14,-0.0093677,0.0009799,-0.0091662,0.0028577,0.0021941,-0.0065094,-0.0066467,117
2016-11-15,0.0202221,0.0082159,0.0060732,-0.0048649,-0.0015539,-0.0053821,0.0156681,117
2016-11-16,0.0038069,-0.0025687,-0.0057162,0.0015636,0.001458,0.0056167,0.0070474,117
2016-11-17,-0.0016019,0.0115742,-0.0005075,-0.0001384,-0.0049218,-0.0014148,0.0139963,117
2016-11-18,-0.0134741,-0.0209377,-0.0115198,0.010925,-0.0017312,-0.0137064,-0.0065303,117
2016-11-21,-0.0052237,-0.0028774,-0.00352,-0.00122,-0.0044444,-0.0005428,0.0066254,117
2016-11-22,0.0150197,0.0058333,0.0111384,-0.0025325,-0.002066,0.0144359,0.00146,117
2016-11-23,0.0069617,0.0012084,-0.0064341,0.0026006,-0.0025182,0.0085007,-0.0064692,117
2016-11-24,0.0295627,0.0056639,0.0089824,0.0001499,0.0023142,-0.0004447,0.0146089,118
2016-11-25,-0.0016004,0.0128469,0.0186182,-0.0057672,-0.0020539,-0.0089408,0.0206974,118
2016-11-28,0.0058668,0.0100898,0.0004441,0.0020023,0.0063463,0.0165066,0.0084518,118
2016-11-29,0.008977,-0.0013212,-0.0045315,0.0039688,-0.0001501,0.0157437,-0.0032551,118
2016-11-30,-0.0023725,-0.0122454,-0.0180577,-0.0005254,0.0073128,-0.0066351,-0.0112228,118
2016-12-01,0.0065251,0.0077266,0.0085603,0.0009053,0.0024051,0.0117828,-0.0043354,118
2016-12-02,0.001672,-0.0064667,-0.0093039,0.0051182,0.0059017,-0.0044817,-0.0190247,118
2016-12-05,0.0081022,0.0085086,0.0141662,-0.0009834,0.0004882,0.0040459,0.0169047,118
2016-12-06,0.005733,-0.0135348,0.0038618,-0.0060397,-0.0155168,-0.0118656,0.0103315,118
2016-12-07,0.0017085,-0.0018649,-0.0162621,0.0029853,-0.0037407,0.0055492,0.0014215,118
2016-12-08,-0.038217,-0.0199878,-0.0312387,0.0053997,0.006499,-0.0153034,-0.015056,118
2016-12-09,0.0126003,0.0034733,0.0105711,-3.66e-05,-0.0016017,-0.0003199,0.0073544,118
2016-12-12,-2.68e-05,0.0008169,0.0121779,0.0019899,0.0007865,-0.016432,-0.0014345,118
2016-12-13,0.0187802,0.0130494,0.016291,-0.0056805,-0.00041,0.0088175,0.0150185,118
2016-12-14,0.0102386,0.0034684,0.0008412,0.0015411,0.0057238,0.0065057,0.0102895,118
2016-12-15,0.0143714,0.0119242,0.0112638,0.0052019,0.0050778,0.0147332,0.0121844,118
2016-12-16,-0.0144711,-0.0003488,-0.0049979,0.0054248,-0.0090647,0.0018165,-0.0186243,118
2016-12-19,-0.0100663,-0.007475,2.38e-05,0.0002533,-3.2e-05,-0.0276665,0.0001944,118
2016-12-20,-0.0154729,-0.0150899,-0.0190719,0.0052685,0.0005945,-0.0094853,-0.0158805,118
2016-12-21,-0.0025386,0.003024,0.006935,0.0010061,-0.0002726,-0.0112397,0.0113874,118
2016-12-22,-0.0232292,-0.0198052,-0.0113858,0.0002271,-0.0082125,-0.0155707,0.000153,118
2016-12-23,-0.002568,0.0061079,-0.0010804,0.0068915,0.0017522,0.0206638,0.0142904,119
2016-12-26,-0.0208487,0.000422,-0.0209714,0.0005173,0.0007823,0.0096624,-0.0065922,119
2016-12-27,0.0009037,0.0037938,-0.0029046,0.001914,-0.0039396,0.0019444,-0.0009904,119
2016-12-28,0.0151893,0.0085574,0.0038615,0.0009093,0.0071336,0.0228617,0.0101657,119
2016-12-29,0.0115878,0.0016789,0.0060084,4.21e-05,0.0011978,0.0072955,0.0036417,119
2016-12-30,0.0050487,0.0050311,-0.006731,-0.0023306,-0.0033635,0.0105628,0.0044505,119
2017-01-02,0.0060841,0.0101796,0.0035151,0.0021206,0.0067966,0.0155566,-0.0058697,119
2017-01-03,-0.0048496,-0.0231958,-0.0190215,0.0014008,-0.0038709,-0.019274,0.0081471,119
2017-01-04,-0.0099966,-0.0057548,-0.0052289,0.0007009,-0.0028198,-0.0033776,0.0026449,119
2017-01-05,0.0176566,0.006932,0.0275189,0.0037972,0.0016174,0.0098263,0.0045065,119
2017-01-06,0.0078555,0.0078874,-0.0090046,0.0006926,-0.0017295,0.0001286,-0.003016,119
2017-01-09,-0.0093487,-0.0112878,-0.0095496,-0.0023703,0.0015265,-0.0094915,0.0010479,119
2017-01-10,-0.0148065,0.0048911,-0.0108003,0.0080568,0.0105953,0.0059066,-0.0034244,119
2017-01-11,-0.002342,-0.0095585,-0.0061335,0.0016907,0.0029236,0.0122992,-0.0041232,119
2017-01-12,0.0140296,0.0074974,0.0096357,-0.0002634,0.0027516,0.0242173,0.0076738,119
2017-01-13,0.0106269,-0.0030084,-0.0049785,-0.0007852,0.0003802,-0.0057386,0.0011887,119
2017-01-16,0.0100022,0.008652,0.012188,-0.0066827,-0.0007567,-0.0082117,-0.0072109,119
2017-01-17,-0.0072955,-0.0036064,-0.0008111,-0.0004577,0.0001793,0.0012231,-0.0027627,119
2017-01-18,0.0005894,-0.0037015,-0.0156131,0.0032029,0.0016254,0.0045474,-0.015946,119
2017-01-19,0.0094082,0.0100954,0.0081926,-0.0004624,0.0058336,0.0090736,-0.0018936,119
2017-01-20,0.0040309,0.0046803,0.0052296,0.007845,0.0034487,0.0133403,0.0011786,119
2017-01-23,-0.0251402,-0.0162578,-0.0066488,0.0029135,0.0035445,-0.0208054,0.0044752,120
2017-01-24,0.0171403,-0.0003263,0.0038166,-0.003094,0.0084426,0.002504,0.0051633,120
2017-01-25,-0.0090937,0.0167769,0.0036684,0.0008055,-0.0014077,-0.0001379,0.0202053,120
2017-01-26,-0.0103364,-0.0031134,-0.0065677,-0.000528,0.0058971,-0.0033545,-0.0123745,120
2017-01-27,0.0008999,-0.0004748,0.0096677,0.0021496,-0.0023084,0.0058234,0.0089476,120
2017-01-30,0.0057094,0.0143706,0.0217582,-0.0015862,0.0016625,0.0057373,0.0052562,120
2017-01-31,0.0144563,-0.0007079,0.0200455,0.0035819,0.0005579,0.0122941,0.0188016,120
2017-02-01,-7.52e-05,-0.0064245,-0.0068081,0.0027143,-2.52e-05,0.0046562,-0.0094029,120
2017-02-02,-0.0042903,-0.0020212,0.0005948,-0.0015382,-0.0038074,-0.0096709,-0.0052858,120
2017-02-03,0.0228948,0.0257183,0.0167113,-0.007971,-0.0032555,0.0235092,0.0032172,120
2017-02-06,-0.0279151,-0.0208047,-0.0304646,-0.0011467,-0.0005099,-0.0337063,-0.0046873,120
2017-02-07,0.0044703,0.0095239,0.009936,-0.0001943,0.005272,0.0047093,-0.021957,120
2017-02-08,-0.0302709,-0.0007565,-0.0127706,-0.0032,0.0023646,-0.0091872,0.0055052,120
2017-02-09,-0.0154825,-0.0028297,-0.0033025,-0.0007142,-0.00466,0.0006041,0.0085708,120
2017-02-10,0.0053506,0.0098715,0.0079468,0.0046176,0.0014186,0.0036442,-0.002682,120
2017-02-13,-0.0011486,-0.004795,0.0016639,0.0058499,0.0089271,0.0073811,0.0058105,120
2017-02-14,-0.0105145,0.0078389,0.0044136,0.0004998,0.0007523,0.0030899,0.002974,120
2017-02-15,-0.0019272,0.0010425,-0.0029669,0.0006624,0.0014051,-0.0053633,0.0083943,120
2017-02-16,-0.0079301,0.0048787,-0.0071972,0.0008683,-0.0027275,-0.00203,0.0008311,120
2017-02-17,0.0079258,0.014348,0.0139315,0.001591,0.0013208,-0.0037985,-0.0205986,120
2017-02-20,0.0035665,0.014727,0.0127912,-0.0015957,0.0011777,0.009379,0.0074194,120
2017-02-21,0.017538,-2.92e-05,-0.0019011,-0.0014149,-0.0003876,-0.0075667,-0.0041555,121
2017-02-22,0.0046948,0.0046839,0.0036813,-0.0023288,-0.0026342,-0.0026086,-0.004269,121
2017-02-23,-0.0117365,-0.0087922,-0.0224575,-0.0038448,-0.005336,-0.0077451,-0.0279981,121
2017-02-24,0.0052235,-0.0002351,0.0055616,-0.0029181,-0.0039632,0.017627,0.0135277,121
2017-02-27,-0.0138243,-0.0123001,-0.0207778,0.0013969,0.0018345,-0.0190531,-0.0064636,121
2017-02-28,-0.0002358,0.0045044,0.0003352,0.0001524,2.95e-05,0.0137189,0.0054401,121
2017-03-01,0.0127439,0.0112934,0.022521,-0.0065594,-0.0054026,-0.0003781,0.0106984,121
2017-03-02,-5.32e-05,0.0054125,-0.0086222,0.0041099,-0.0009099,0.0084652,0.0016837,121
2017-03-03,0.0135878,0.004301,0.0089423,-0.0012037,-0.0053446,0.0036058,0.0060553,121
2017-03-06,0.0004937,-0.0142783,-0.0126243,0.000126,-0.0030804,-0.001013,-0.0061148,121
2017-03-07,-0.0036638,0.0039421,0.0108405,0.0026384,-0.0015921,0.0156604,0.0036773,121
2017-03-08,-0.0116331,-0.0030083,-0.0150149,-0.0018457,-0.0046576,-0.0090011,0.0146879,121
2017-03-09,0.0227441,0.0018317,0.0044271,-0.0013934,0.0006581,0.0074521,0.0018813,121
2017-03-10,0.0101011,0.0094762,0.0130284,0.0003742,0.0034283,0.0158385,0.0128176,121
2017-03-13,0.0113024,0.0143617,0.0067251,-0.0002878,0.0032458,0.008498,-0.0004456,121
2017-03-14,-0.0193943,-0.0001263,0.0036194,-0.0030835,3.05e-05,-0.0073985,0.0113188,121
2017-03-15,0.0062676,0.0048171,0.0120286,-0.0039407,-0.0008026,-0.0086273,-0.0023371,121
2017-03-16,-0.0215551,-0.0012743,-0.010885,9.94e-05,0.0019039,0.001632,0.0039079,121
2017-03-17,0.0043592,0.0069798,0.0013136,-0.0016859,0.0003403,-0.0158042,0.010515,121
2017-03-20,0.0012674,0.0013708,-0.0056504,-0.0028119,-0.0016228,0.0095853,0.0073477,121
2017-03-21,0.001949,0.0027912,-0.0029602,-0.0003097,0.0056537,-0.0039217,-0.012623,121
2017-03-22,-0.0025794,0.0027697,0.0047386,-0.0010253,0.0048911,0.0035073,0.003889,122
2017-03-23,-0.0038947,0.0068758,0.0090845,0.0002876,0.0027996,0.0050486,0.0023663,122
2017-03-24,-0.0062772,-0.0004923,-0.0025925,-0.00194,0.0002273,-0.0003149,-0.0026086,122
2017-03-27,-0.003264,-0.002114,0.0125453,0.0012956,-0.0040329,0.0001041,0.0071374,122
2017-03-28,0.0037798,0.0026122,0.0058665,-0.0074194,-0.000128,-0.001429,0.0091981,122
2017-03-29,-5.23e-05,-0.0072316,-0.0109189,-0.0026347,-0.0026275,0.0008373,0.0117228,122
2017-03-30,-0.0088286,-0.0109416,0.0084688,0.0043435,0.0026037,-0.0110175,0.0016614,122
2017-03-31,0.0166004,0.0003097,0.0048321,0.0042305,0.0049973,0.0169195,-0.0040171,122
2017-04-03,-0.0250986,-0.0074305,-0.00797,-0.0074659,-0.0038848,-0.0308171,-0.0103148,122
2017-04-04,-0.0150555,-0.0167037,-0.0172452,0.0030071,0.0002984,-0.0040655,-0.0051151,122
2017-04-05,-0.0099553,-0.0109617,-0.0133849,0.0039583,0.0019646,-0.0009618,-0.0047224,122
2017-04-06,0.0089227,-0.0117214,-0.0049452,0.0037976,-0.000759,-0.0145543,0.0183384,122
2017-04-07,-0.0017443,-0.0127799,-0.0040232,-0.0006651,-0.0026592,-0.0024647,-0.0091125,122
2017-04-10,0.0133736,0.0062921,-0.0012187,-0.0001873,0.000445,0.0110095,-0.0116122,122
2017-04-11,0.0132798,0.0004973,0.0068224,0.0023445,-0.0006625,-0.0039052,0.0056694,122
2017-04-12,0.009503,0.0013268,-0.0062914,0.0019386,0.0025833,0.002226,-0.0154582,122
2017-04-13,-0.0288929,-0.0224897,-0.025654,-0.0030792,-0.0032049,-0.0155508,-0.0154517,122
2017-04-14,0.007221,0.0085,0.0041993,-0.0021065,-0.001635,0.0094588,-0.0050791,122
2017-04-17,0.0059622,0.0089212,0.0114814,0.0070499,0.0096375,0.0116785,0.0068648,122
2017-04-18,-0.0030631,0.0053694,0.0042379,-0.0066642,-0.0087716,-0.0074709,0.0123452,122
2017-04-19,0.0139228,0.0025099,0.0123345,0.0017206,-0.0021178,0.0019453,0.0079741,122
2017-04-20,0.0042629,-0.0004378,0.0056736,0.0012246,0.0024523,-0.0004179,0.0096737,123
2017-04-21,-0.0119639,-0.0015623,0.0058798,-0.0051839,-0.0080317,0.0034344,-0.0022418,123
2017-04-24,-0.0026998,0.0093892,0.0163704,-0.0020754,-0.0026545,0.0024982,0.0043396,123
2017-04-25,-0.0180092,-0.0096075,-0.0182408,-0.0006736,-0.0083965,-0.0193372,-0.0044305,123
2017-04-26,0.0086492,0.0056658,0.0005924,-0.0006563,0.001735,-0.0014791,0.0092554,123
2017-04-27,-0.0153419,-0.0131481,-0.0282962,-0.0003991,0.0003142,-0.0071003,-0.0006648,123
2017-04-28,-0.0094029,0.0044083,0.0128226,-0.0029874,-0.0003189,0.0079237,-0.0055917,123
2017-05-01,0.017031,0.0020703,0.0062273,0.0013518,0.0002959,-0.0100001,0.0082108,123
2017-05-02,-0.0166908,0.0036386,-0.00603,0.0043267,0.0030709,0.0042994,-0.0100271,123
2017-05-03,-0.0066932,0.0008089,0.0027482,-0.0003077,-0.006044,-0.0076528,-0.0119508,123
2017-05-04,-0.0243947,-0.000693,-0.0079207,4.61e-05,-0.002697,-0.011379,0.016654,123
2017-05-05,-0.004377,-0.0023023,-0.0093962,-0.0007332,-0.0064767,-0.0025998,0.0043917,123
2017-05-08,0.0220278,0.0196748,0.018005,0.0011688,0.0006392,0.0106899,0.0010081,123
2017-05-09,-0.0129524,-0.0041407,-0.0073942,-0.0018972,-0.0032744,-0.0058614,0.0098024,123
2017-05-10,0.0003108,0.0013436,-0.0018073,0.0047548,0.0024877,0.0108601,0.0105604,123
2017-05-11,-0.0013946,-0.0064956,0.0037612,-0.0019812,-0.0026459,-0.0021656,-0.0005494,123
2017-05-12,-0.0079698,0.0006776,-0.0077822,-0.0002948,0.0008863,-0.0068652,-0.0173918,123
2017-05-15,0.0081797,0.0030647,0.0117279,0.007702,0.0047649,-0.0090632,0.0135851,123
2017-05-16,0.0036323,0.0110492,0.0064132,0.0043914,0.0053948,0.0003001,-0.020679,123
2017-05-17,-0.0031715,0.0070322,0.0003302,0.0051109,0.0039445,-0.0065689,0.0156619,123
2017-05-18,-0.0113673,-0.0179848,-0.0194211,0.0007313,-0.0015078,-0.0077148,0.0023363,123
2017-05-19,0.0040986,0.007838,0.0010033,0.0017711,0.0006486,0.0199186,0.0150255,124
2017-05-22,0.0070173,-0.0070574,0.0020889,-0.0027308,0.000109,-0.003067,-0.011951,124
2017-05-23,-0.0210161,-0.0106958,-0.0192194,-0.0012676,0.0003053,-0.0155665,-0.0102067,124
2017-05-24,-0.0117236,-0.0096593,-0.0155726,0.0004955,-0.0045897,-0.0084932,0.0049385,124
2017-05-25,-0.019947,-0.0173664,-0.0168155,0.0019032,0.004593,-0.0138884,0.0124816,124
2017-05-26,-0.0178948,-0.0164727,-0.0170746,0.0010054,-0.0004512,-0.0235646,-0.0124612,124
2017-05-29,-0.0023796,0.0143799,0.0046876,-0.0041898,-0.0021059,0.020478,-0.0035674,124
2017-05-30,-0.0029725,-0.002077,-0.0034054,0.0056214,0.0051632,0.0176141,-0.0276432,124
2017-05-31,-0.0207536,-0.0102956,-0.0199123,-0.002518,-0.0004794,-0.0116379,0.0035137,124
2017-06-01,0.0087327,0.0008778,0.0036189,0.0048162,-0.0009716,0.0018984,-0.0071069,124
2017-06-02,0.0087917,-0.0115824,-0.0055672,0.0031075,-0.0028037,-0.0004828,0.0200433,124
2017-06-05,-0.0239852,-0.0094208,-0.012052,0.0012497,-0.0053502,-0.0078131,-0.0097175,124
2017-06-06,0.0077064,0.0049104,0.0161553,-0.0047343,-0.0022391,0.0017631,0.0022268,124
2017-06-07,-0.0056567,-0.0071252,-0.0010824,-0.0003073,0.002547,0.0036582,0.0033089,124
2017-06-08,0.0031916,0.0101009,0.0217228,0.0027848,0.0019015,0.0206995,0.0066319,124
2017-06-09,0.0083817,0.0127416,0.0254383,0.0010896,0.0006812,-0.0003345,0.0096269,124
2017-06-12,-0.0059288,-0.0070465,-0.0029295,0.0021076,-0.0012215,-0.010846,0.0096704,124
2017-06-13,-0.0036798,0.0043114,-0.0048252,0.0042191,0.003489,0.003423,0.0042115,124
2017-06-14,-0.0122089,-0.0115415,-0.016628,0.005637,0.0021242,0.0041062,-0.0018674,124
2017-06-15,-0.0206461,-0.0055392,-0.0047625,0.0018889,-0.004143,0.0076383,-0.0015407,124
2017-06-16,0.0086751,0.0023208,-0.0028649,-0.0002734,-0.0001635,-0.0004069,0.002789,124
2017-06-19,-0.0035262,0.0084776,0.0141621,-0.0076975,-0.0025975,0.0048568,0.013712,125
2017-06-20,0.0132738,0.0018074,0.0113441,0.0021841,0.0034897,-0.0060746,-0.010839,125
2017-06-21,0.009693,0.001002,0.0001115,-0.0025624,0.0013389,0.0068542,0.0117942,125
2017-06-22,-0.0002967,-0.010281,-0.0092431,-0.0067489,0.0008832,0.0016544,-0.0057551,125
2017-06-23,0.0077375,-0.0048144,0.0027235,0.0020536,-0.0014502,-0.0071822,0.0088536,125
2017-06-26,0.0062671,0.0082341,0.0126733,-0.0041994,-0.0019121,-0.0019181,0.0176098,125
2017-06-27,0.0055142,0.0098563,0.0100996,0.0022441,0.0017478,-0.0134032,0.0084863,125
2017-06-28,-0.0217075,-0.0104544,-0.0132764,-0.0016668,0.0009755,-0.0212568,-0.0052708,125
2017-06-29,0.0039657,-0.0005486,-0.0075119,0.0027945,-0.0041874,-0.0035261,-0.0092829,125
2017-06-30,0.0050499,-0.0003023,-0.0014647,-0.0019291,-0.0009203,-0.0066798,-0.0016981,125
2017-07-03,-0.0060793,-0.006151,-0.0143941,0.0026705,0.0021384,0.0061462,-0.0107045,125
2017-07-04,-0.0152369,-0.0125283,-0.0249884,-0.0012759,-0.0015154,-0.0141586,-0.0159048,125
2017-07-05,0.0066677,-0.0073101,-0.0071725,0.0028143,0.0021629,-0.0048462,0.015864,125
2017-07-06,0.0010285,-0.0021378,-0.0056052,-0.0029585,-0.0014855,-0.0105489,-0.0117871,125
2017-07-07,-0.0022991,-0.0059754,-0.0064069,0.0074683,0.0077632,-0.0024307,0.0036885,125
2017-07-10,-0.0020277,0.0035564,0.004922,-0.0018222,-0.0029024,-0.0027445,-0.0049525,125
2017-07-11,0.0045062,-0.0018908,0.0029721,0.0005024,0.0021697,0.004149,0.0004949,125
2017-07-12,0.008935,0.0043323,0.0034619,-0.0011805,-0.000875,0.008075,0.0158801,125
2017-07-13,-0.0158576,0.0033277,-0.0144209,-0.0035367,-0.0052682,0.0002838,-0.0012744,125
2017-07-14,0.0066731,0.0067277,0.0108852,-0.0041763,0.0003813,0.0029574,0.0014379,125
2017-07-17,-0.0130224,-0.0026182,-0.0071416,0.0007845,-0.0079489,-0.004868,0.0116726,125
2017-07-18,0.0003646,0.0005551,0.0059661,-0.0018711,-0.0028138,-0.0067889,0.0081141,126
2017-07-19,0.0107997,0.0097775,0.0110862,0.0002962,-0.0022206,0.0191805,-0.0006973,126
2017-07-20,-0.0035505,0.0087306,0.0078884,-0.0012256,0.0025518,0.0083687,0.0071757,126
2017-07-21,0.0057121,0.000614,-0.0221337,0.0008846,0.0038814,-0.0019913,0.0051085,126
2017-07-24,-0.0014769,0.0032724,0.0002898,-0.0013856,-0.002877,0.0069293,-0.0164607,126
2017-07-25,0.0140902,-0.0078641,-0.0060264,0.000128,0.005358,0.0106153,-0.0141841,126
2017-07-26,0.0041023,0.0142151,0.0111774,0.0043534,0.0051335,-0.0011358,0.0129605,126
2017-07-27,-0.0034351,-0.0031804,-0.0082704,0.0002108,-6.92e-05,0.0118201,-0.0006496,126
2017-07-28,0.0208053,0.0081346,0.0266031,0.0011861,0.0026663,0.0057652,0.0035246,126
2017-07-31,-0.0114318,0.0026947,-0.0016745,0.0004644,-0.0025988,-0.0108617,-0.0007499,126
2017-08-01,0.0131764,0.0076784,0.0125577,-0.0021587,-0.0010485,0.0017171,0.0140801,126
2017-08-02,0.0074085,-0.0072655,-0.0065049,-0.0004296,-0.0022861,-0.0144724,-0.0020956,126
2017-08-03,-0.0044639,0.0053937,-0.0090641,-0.0005301,-0.0019222,0.0116641,-0.0148069,126
2017-08-04,0.0059409,-0.0028671,-0.0050211,-0.0003442,0.0005835,2.66e-05,0.0175135,126
2017-08-07,-0.0083661,-0.0127789,-0.0079074,0.000181,-0.003793,-0.00417,0.0177246,126
2017-08-08,0.0071741,0.0006,0.0147692,0.0012725,0.0031661,0.0058448,0.0094952,126
2017-08-09,0.0060686,0.0070676,0.0137381,0.000313,0.002742,0.0051669,0.0063663,126
2017-08-10,-0.0235244,-0.007642,-0.0142169,-0.0006102,0.0048447,-0.0047418,-0.0056415,126
2017-08-11,0.0112022,-0.0065819,0.0046961,0.002183,0.0061809,-0.0006101,0.0087999,126
2017-08-14,0.0059924,0.002798,0.0005731,-0.0018443,-0.0009524,0.013018,-0.0196998,126
2017-08-15,-0.0103358,-0.0138486,-0.0221493,0.0051734,0.0019648,-0.0141804,-0.0151356,126
2017-08-16,0.016731,0.0221237,0.0196737,-0.0048325,0.0014233,0.0276004,0.0157342,127
2017-08-17,0.0053735,-0.0021474,-0.0150251,0.0006215,0.0039152,-0.0029517,-0.0008011,127
2017-08-18,0.0032063,0.0113195,0.0016636,0.0001918,0.0003614,0.0043498,-0.0054494,127
2017-08-21,0.017326,-0.0076179,0.0013888,0.0029976,0.0021098,-0.0077389,0.0026141,127
2017-08-22,-0.0046425,0.0041152,-0.0062542,0.0039299,0.0013291,0.0047969,-0.0087425,127
2017-08-23,0.0127783,0.0111063,0.0002361,0.0017405,0.0003852,0.0016114,0.0062878,127
2017-08-24,-0.0001193,-0.001055,0.0031333,0.000755,-0.0030868,0.00417,0.014294,127
2017-08-25,-0.0121478,-0.0008552,0.002863,0.0004861,0.0011351,-0.0054697,0.0124295,127
2017-08-28,-0.0038672,0.006782,0.0103994,-0.002062,-0.0017507,-0.0047476,0.0002403,127
2017-08-29,0.0022608,-0.0009436,-0.0030214,0.0014909,0.0008666,0.0023403,-0.0122262,127
2017-08-30,0.0104837,0.0014815,0.0015098,0.0017766,0.0088511,0.0013039,0.0045396,127
2017-08-31,0.002753,-0.0059431,-0.0040184,0.0047902,0.0069188,-0.0126044,0.0136891,127
2017-09-01,0.0308191,0.0196554,0.0197942,0.0001356,0.0025932,0.0080026,0.0017057,127
2017-09-04,0.0009763,0.0121749,0.0101206,0.0058617,0.0107801,0.0166238,-0.0032241,127
2017-09-05,-0.0022536,-0.0091984,-0.0174389,-0.0054128,-0.0043376,-0.0181903,0.0013891,127
2017-09-06,0.0078562,0.0048527,-0.0025536,-0.0029563,-0.0004184,-0.0090725,0.0077611,127
2017-09-07,-0.005506,0.0059922,0.0093283,0.0001196,0.0041311,0.0174838,0.0028383,127
2017-09-08,-0.0147662,0.0051888,-0.0103501,-0.0019275,-0.0026014,2.16e-05,0.0051992,127
2017-09-11,-0.0112799,-0.0117439,-0.0129984,-0.0003837,0.0014061,-0.01212,0.002114,127
2017-09-12,0.0015263,-0.0014467,-0.0043215,-0.0005033,-0.001223,-0.0022393,-0.00633,127
2017-09-13,0.0178779,0.0203243,0.026516,0.0005733,0.0029989,0.01716,-0.0022114,127
2017-09-14,-0.0050373,-0.0120661,-0.0002439,0.0021737,0.0026319,-0.0113716,-0.0047981,128
2017-09-15,0.0018455,0.0020463,-0.0061734,-0.0030663,-0.0046199,-6.14e-05,-0.0084695,128
2017-09-18,0.0201365,0.0083085,0.0145761,0.0012818,-0.0010962,0.0063459,0.0074155,128
2017-09-19,0.0053893,0.0024074,-0.0100187,0.0064938,0.0029298,-0.0087533,-0.0130838,128
2017-09-20,0.010033,-0.0028453,0.0035782,-0.0040905,-0.0073796,-0.0051796,0.0024869,128
2017-09-21,-0.0056132,-0.0061542,0.002578,0.0004111,0.0001123,-0.0133385,0.0052139,128
2017-09-22,0.0045925,0.0028201,0.0090929,0.0033323,0.0047504,-0.0029221,0.0093313,128
2017-09-25,-0.001399,0.0220641,0.0192976,0.000574,-0.0019233,0.0110047,0.0007739,128
2017-09-26,-0.0215404,0.0009317,-0.0180683,-6.43e-05,-0.0021776,-0.0105244,-0.0134382,128
2017-09-27,0.0286803,0.0236585,0.0450979,-0.0008565,0.0008764,0.0301319,0.0126768,128
2017-09-28,-0.0088271,0.0078413,-0.0012431,0.0022574,0.0053422,0.0284234,0.0052898,128
2017-09-29,-0.0006081,-0.0101343,-0.0007396,0.0042246,0.0044326,-0.0026993,-0.001201,128
2017-10-02,-0.0077083,-0.0105347,-0.0202701,0.000554,0.0009888,-0.0079097,0.0051095,128
2017-10-03,-0.0078542,-0.0147692,-0.0099805,0.0008781,-0.0055241,-0.020527,-0.0136009,128
2017-10-04,-0.0243481,-0.0120005,-0.0233934,0.0004074,1.9e-05,-0.0157837,-0.0083114,128
2017-10-05,0.0173603,0.0120793,0.0152526,0.0013972,0.0004616,0.0172383,0.0042924,128
2017-10-06,0.0005921,-0.0028912,-0.0030101,-2.75e-05,0.0013421,-0.001859,0.005616,128
2017-10-09,0.0157367,0.0138052,0.0212935,-0.0005268,0.0031549,0.0137407,0.0078105,128
2017-10-10,0.0106349,0.0120919,0.0017814,0.0002419,0.0029522,0.0154982,-0.00749,128
2017-10-11,0.0061418,0.0087319,0.0020875,-0.0044998,-0.0049442,-0.0117369,0.0066695,128
2017-10-12,-0.0149637,-0.0085984,-0.0083645,0.0009652,-0.0034117,-0.0142309,-0.0135943,128
2017-10-13,-0.003856,0.0134909,0.0129222,-0.0003068,0.0006119,0.0042115,0.0055463,129
2017-10-16,0.0093001,-0.0035598,0.0090244,0.000307,0.0011549,-0.0086897,-0.0041429,129
2017-10-17,-0.0045155,-0.0128216,-0.0056772,0.0003069,-0.0046225,-0.0033397,0.0034438,129
2017-10-18,-0.0016158,-0.0014836,-0.0180971,0.00173,-0.0006325,-0.0164071,-0.0161598,129
2017-10-19,-0.0206316,-0.003278,-0.0319421,-0.0024706,0.0054413,-0.0119005,-0.0029449,129
2017-10-20,0.0139564,0.0005029,0.012316,0.0047515,0.0033565,0.0188635,-0.0049112,129
2017-10-23,-0.0149226,-0.0148219,-0.0064082,-0.0017551,-0.0005614,-0.0213395,-0.0142477,129
2017-10-24,0.0135693,-0.0133092,0.002396,0.0024082,-0.0019401,-0.0013487,0.0149006,129
2017-10-25,-0.0312786,-0.0136187,-0.0220519,0.0002462,0.0016982,-0.0045309,0.0097638,129
2017-10-26,-2.3e-06,-0.0014587,0.0048829,-0.0001241,0.001199,-0.0058007,-0.0137239,129
2017-10-27,-0.0068846,-0.0049175,-0.016678,0.0011659,-0.0004677,-0.0157928,-0.012831,129
2017-10-30,0.0247367,0.010249,0.0161588,7.67e-05,-0.0001995,0.0188794,0.0076941,129
2017-10-31,0.0071551,0.0131479,-0.0040977,-0.0052226,-0.0013728,0.0183647,0.0052293,129
2017-11-01,-0.0084173,-0.0022285,-0.0114138,0.002793,0.0008803,-0.0107004,0.0031735,129
2017-11-02,-0.0044867,0.0034059,0.0029917,-0.0027738,-0.00492,-0.0030169,-0.0174434,129
2017-11-03,0.0119248,0.00414,0.0125572,-0.0008989,-0.0001408,-0.0035994,-0.0078946,129
2017-11-06,0.0238879,-0.0006751,0.0171111,0.0050054,0.0026254,0.0133949,-0.0024464,129
2017-11-07,-0.00039,-0.0202187,-0.0141927,0.0017789,-0.0029609,-0.0035774,5.45e-05,129
2017-11-08,-0.0285512,-0.0106383,-0.0186915,0.0009827,0.0007798,-0.0111657,0.0018985,129
2017-11-09,-0.0050745,-0.0065801,-0.0170987,0.0032135,0.0067271,-0.0173169,0.0024947,129
2017-11-10,0.0145375,0.0087485,0.0137139,-0.0056509,-0.0080382,0.0108828,0.0051867,129
2017-11-13,0.0031566,-0.0056948,-0.0062148,0.0063351,0.0069781,0.0116462,-0.0085186,130
2017-11-14,-0.008973,0.0011453,-0.0082835,-0.0005397,0.0021047,-0.0135677,0.0055554,130
2017-11-15,0.0157831,0.0101787,0.0111264,-0.0017466,-0.0027213,0.0081067,-0.0113088,130
2017-11-16,-0.0375187,-0.0107119,-0.0221543,0.0005001,0.0015587,-0.0189804,-0.0110204,130
2017-11-17,-0.019182,-9.5e-05,-0.0150102,-0.0004873,-0.0015186,-0.0126616,-0.017281,130
2017-11-20,0.000804,0.0018228,0.0064728,-0.0004061,-0.0012205,0.0053278,0.0149095,130
2017-11-21,-0.0021711,-0.0174348,-0.0087112,-0.0010797,-0.0012758,-0.0022655,4.66e-05,130
2017-11-22,-0.0009581,-0.0094495,-0.0037145,0.0005554,0.0038593,0.0181143,0.0007557,130
2017-11-23,-0.0030563,0.0020479,-0.00399,0.004529,0.0041552,-0.012961,-0.0055412,130
2017-11-24,-0.0016045,0.000252,0.0071097,0.0006672,-0.0062496,0.0065951,-0.0036028,130
2017-11-27,-0.0104858,0.0044488,-0.0021691,-0.0034364,-0.0009932,-0.0050637,0.0016472,130
2017-11-28,-0.007931,-0.0051046,0.0059413,-0.0010373,-0.0010347,-0.0190147,0.0111601,130
2017-11-29,0.0018564,0.0052704,-0.0037285,0.0009867,-0.0004428,-0.0104082,0.0200955,130
2017-11-30,-0.0038198,0.0013531,0.0064448,-0.003937,-0.0089015,0.002644,0.0086409,130
2017-12-01,-0.0013076,-0.0114133,-0.0072608,0.0021572,-0.0029426,-0.0182954,-0.0064407,130
2017-12-04,0.0067728,0.0104683,0.0033927,-0.0030024,-0.0007341,0.0061103,-0.0041685,130
2017-12-05,0.0122833,0.0126716,0.0139264,-0.0046559,0.0010537,-0.0060028,0.0063893,130
2017-12-06,-0.0011506,-0.0015153,-0.0104619,0.0035743,0.0036337,-0.0023687,-0.0033563,130
2017-12-07,0.0067483,-0.0004676,-0.0073528,0.0017794,-0.000539,-0.0074329,-0.0146937,130
2017-12-08,0.0043054,-0.0006542,-0.0047323,0.0029965,-0.0023924,0.0019915,0.0054286,130
2017-12-11,0.0073963,0.0025354,-0.0080402,-0.0068724,-0.0024107,0.0076424,0.0099888,130
2017-12-12,-0.0068631,-0.0024011,-0.0071652,-0.0016779,0.0024598,-0.0043623,-0.0096634,131
2017-12-13,-0.0082573,-0.0051355,-0.0082709,0.0019321,-0.002879,-0.0127963,-0.0252184,131
2017-12-14,-0.0181743,-0.0233475,-0.0233429,-0.00748,-0.0102034,-0.0188722,0.0080157,131
2017-12-15,-0.0007975,0.0084833,0.0132436,-0.0040002,-0.0004321,-0.0040305,-0.0033933,131
2017-12-18,0.0064762,-0.0050298,0.0038662,-0.0006394,0.0033448,0.0106305,-0.0033736,131
2017-12-19,-0.0119159,-0.0031386,-0.0229976,-0.0015253,-0.0052061,-0.012665,0.003451,131
2017-12-20,-0.0007072,-0.0074928,-0.0041133,-0.0003374,-0.0019608,0.002456,-0.0080881,131
2017-12-21,-0.0272477,-0.0017038,-0.0113382,-0.0013517,-0.0003705,-0.0171223,-0.0001654,131
2017-12-22,0.017146,0.0146652,0.0054239,0.0021485,-0.0021902,0.0086145,-0.0194912,131
2017-12-25,0.0125007,0.0064253,0.0133432,0.0055355,-0.0006814,0.0115919,0.0094682,131
2017-12-26,0.0095833,-0.0055984,0.0029212,-0.0019004,5.87e-05,-0.0093212,0.0053433,131
2017-12-27,-0.0149964,-0.0108016,-0.0022754,-0.0030472,-0.0041827,-0.0172267,-0.0099914,131
2017-12-28,-0.0023741,-0.0045642,0.0012698,0.0030866,0.0015291,0.0021859,0.018709,131
2017-12-29,0.0122759,-0.0093363,0.0009615,-7.29e-05,-0.0020158,-0.0131452,0.0183013,131
2018-01-01,-0.0128706,-0.0030714,0.0004798,0.0004313,0.00373,-0.0023484,-0.0055841,131
2018-01-02,-0.0054963,-0.0061013,-0.0082691,0.0037245,0.0058599,-0.000234,-0.0023554,131
2018-01-03,0.0016884,-0.0019385,0.0026369,-0.0049011,-0.0021821,0.0038732,-0.0180012,131
2018-01-04,-0.0060921,-0.003789,-0.0006678,0.0001345,0.0062287,-0.0059484,0.0012964,131
2018-01-05,-0.0209288,-0.0118432,-0.0267339,0.0001871,-0.0029578,-0.0163781,-0.0070691,131
2018-01-08,0.003166,-0.0075654,-0.0026648,0.0036189,0.0003,0.0097082,0.006296,131
2018-01-09,0.0085332,0.0011857,0.0077369,0.0006672,0.0061428,0.0082445,0.0030907,131
2018-01-10,0.0017404,0.0006784,0.0048295,-0.0017472,-0.0006598,0.0093245,-0.0052621,132
2018-01-11,0.0007159,0.0267798,0.0186738,-0.0071842,-0.0008803,0.0071085,0.0115959,132
2018-01-12,0.0266574,0.023703,0.0299425,-0.0016493,0.0006494,0.0097083,-0.0075401,132
2018-01-15,-0.0180939,-0.0056568,-0.0033216,0.001932,-0.001551,0.0021033,-0.0090399,132
2018-01-16,-0.0264955,-0.0138311,0.0017996,-0.0007968,0.0004235,-0.0043255,-0.0002266,132
2018-01-17,-0.0079494,-0.0097204,-0.018244,-0.00215,0.0065534,-0.0030832,0.0056786,132
2018-01-18,0.0083392,0.0053384,0.0041738,-0.0014857,0.0036644,0.0247706,0.0010394,132
2018-01-19,0.0095432,0.0138401,0.0143808,0.0055559,0.0060072,0.0196206,-0.00663,132
2018-01-22,-0.0041668,0.0023053,0.0034405,-0.003046,0.0028107,0.0095407,-0.0174773,132
2018-01-23,0.0061583,0.0021976,0.0083631,0.0014944,0.0022662,0.0053428,0.0193996,132
2018-01-24,0.0058132,0.0046619,0.0046963,0.0016367,-0.0035289,0.0001482,0.0122857,132
2018-01-25,-0.0130108,-0.0073234,0.0038453,0.0015855,0.0034352,-0.0033509,0.0092618,132
2018-01-26,0.0109174,-0.0128979,-0.0035809,-0.0032173,-0.0011997,-0.0076614,-0.0059153,132
2018-01-29,0.0302215,0.0109267,0.0174908,-0.0019174,-0.0022826,0.0084043,0.0148918,132
2018-01-30,-0.0092545,-0.0154528,-0.003937,-0.0018115,0.0042072,-0.0197777,-0.0172026,132
2018-01-31,-0.0018571,-0.0006905,-0.0017141,-0.0042113,0.0012399,-0.0095209,0.0045266,132
2018-02-01,0.0221091,0.0037379,0.0166314,-0.0016999,-0.0033511,0.0061025,0.0269575,132
2018-02-02,0.0036484,0.0019152,0.0006055,0.0022996,-0.0031225,0.0014499,0.0001072,132
2018-02-05,0.0071769,-0.0100375,-0.000164,0.0024359,0.0013055,0.0071168,-0.0046803,132
2018-02-06,-0.0012626,0.0055439,0.0057328,0.0034265,0.003754,0.0183037,0.0028941,132
2018-02-07,-0.0194188,0.0043393,-0.0041418,-0.0013611,0.0029178,0.000763,-0.0077471,132
2018-02-08,0.0092946,-0.0015031,-0.0086157,0.0009722,-0.0009263,-0.0090428,0.0010423,133
2018-02-09,0.0068243,0.0027958,-0.0003529,-0.0049757,-0.0061595,-0.0164646,0.0170898,133
2018-02-12,0.0031419,-0.0077759,-0.0103134,0.0041735,0.0004161,-0.0212295,-0.0252591,133
2018-02-13,0.001617,-0.004172,0.0008256,-0.0029806,-0.0012755,-0.0007163,-0.0133314,133
2018-02-14,0.033345,0.0190052,0.0253333,-0.0031634,1.13e-05,0.0100499,-0.0001066,133
2018-02-15,-0.0001804,0.0004841,-0.0039547,-0.0021617,0.0004174,-0.0128728,0.0200063,133
2018-02-16,-0.0320834,-0.0070894,-0.0127946,0.003944,0.0032769,0.0018253,-0.003193,133
2018-02-19,-0.0024626,-0.0052171,-0.0016258,-0.002033,0.004473,-0.0015289,0.0070742,133
2018-02-20,-0.0039109,-0.001716,-0.0091195,0.0031875,-0.0030031,0.0040856,0.0063062,133
2018-02-21,-0.0058111,-0.005389,0.0001549,0.0077223,0.0012025,0.0076777,-0.0015767,133
2018-02-22,-0.0050132,-0.0007339,-0.0041342,-0.0015518,0.0006945,-0.0052972,-0.0032602,133
2018-02-23,0.0018158,-0.0121479,-0.0021534,-0.0040284,-0.0024039,-0.0077188,0.0097474,133
2018-02-26,-0.0137669,-0.0058679,-0.005218,0.003056,0.0011513,-0.008222,0.0012923,133
2018-02-27,0.0007692,-0.0034754,0.0039767,0.0018376,0.0037065,-0.0086632,0.006338,133
2018-02-28,0.0214205,0.0066343,0.0076802,0.002251,0.0038504,0.0228683,0.0041805,133
2018-03-01,-0.0285098,-0.0198521,-0.0160696,0.0064232,0.0014659,-0.0239213,-0.0040094,133
2018-03-02,0.003872,-0.0007806,-0.0031418,-0.0002791,-0.0029883,-0.0096866,0.009729,133
2018-03-05,-0.0199011,-0.0222445,-0.0224763,0.0028146,0.001001,-0.0192225,-0.027644,133
2018-03-06,0.0152145,-0.0004842,-0.0083598,0.0003998,-0.0012932,0.0007926,-0.0056238,133
2018-03-07,0.0006935,-0.0027931,-0.0005237,-0.0017924,0.0015801,-0.0047752,0.0138361,133
2018-03-08,0.0174702,0.0028165,0.0009946,0.0053147,0.0056375,-0.0004525,0.0071356,133
2018-03-09,0.0126814,0.014365,0.0123414,-0.004545,-0.0065698,0.0063347,-0.0035637,134
2018-03-12,-0.0065696,0.0026622,0.0031345,-0.0010353,-0.0036228,0.0066358,0.0074571,134
2018-03-13,0.0167688,0.0145594,0.0144999,0.0017162,0.0062412,0.0172057,0.0103934,134
2018-03-14,-0.0117703,0.0062067,0.014728,0.0066863,0.0070541,0.0117555,-0.0065321,134
2018-03-15,0.0111286,-0.0076237,5.1e-05,0.0007914,-0.000929,0.0083602,-0.0209325,134
2018-03-16,-0.0007557,-0.0092165,0.0037016,0.0044536,0.0024138,-0.0065007,0.0068764,134
2018-03-19,-3.68e-05,-0.0053377,-0.0046345,-0.0004023,-0.0020573,0.0041881,-8.75e-05,134
2018-03-20,0.0024971,0.0105204,0.0026167,0.0002881,0.0011376,-0.001768,-0.0027419,134
2018-03-21,0.0150132,0.0116657,0.0134888,-0.0044605,-0.0038721,0.0063003,-0.0011096,134
2018-03-22,-0.0031734,-0.0023347,0.0046011,0.0040325,-0.003534,-0.0054698,0.0106307,134
2018-03-23,0.0025836,0.004979,0.003964,0.0043981,0.0062072,-0.0047926,-0.0095142,134
2018-03-26,0.0017487,0.0048356,0.0020746,0.0008134,-0.0040145,-0.0017566,-0.0040478,134
2018-03-27,-0.0067672,0.000341,0.008528,0.0050079,-0.0014802,0.0028954,0.019364,134
2018-03-28,-0.0063669,0.0051505,-0.0060964,0.0048933,-0.0002607,0.0123866,-0.0083546,134
2018-03-29,-0.012473,-0.003834,-0.0039824,0.0030968,0.0024408,-0.0080072,-0.0103481,134
2018-03-30,0.0018743,-0.004971,-0.0076998,0.0077742,0.0087417,0.0101099,-0.0016153,134
2018-04-02,0.0153184,0.0091796,0.0139464,0.006195,0.0072108,0.0227465,0.0183843,134
2018-04-03,0.0006062,-0.0010504,-0.0065844,-0.0062929,-0.0075921,-0.0109482,-0.0027955,134
2018-04-04,0.0114061,-0.0009357,0.0007269,0.0002877,0.0049643,0.0159744,0.0031739,134
2018-04-05,0.0167317,0.0154645,0.0142497,-0.0024451,-0.0020943,0.0005415,-0.0236838,134
2018-04-06,0.0119572,0.0027096,0.0069874,0.0007552,-0.0009891,-0.0001705,0.0088617,134
2018-04-09,-0.0027914,-0.010148,-0.0183491,0.0042642,0.0020526,0.0007296,0.0081545,135
2018-04-10,0.0018363,0.0029202,0.015347,0.0013916,0.0040985,-0.0052131,0.007404,135
2018-04-11,-0.0012511,-0.0041841,-0.0012318,0.0040089,0.0024233,0.0017635,0.0098866,135
2018-04-12,-0.0008543,-0.0061898,0.0028154,-0.0018219,-0.0018446,0.0041671,0.0063035,135
2018-04-13,-0.0315829,-0.0182215,-0.0199339,0.0049282,0.0013725,-0.0285256,0.0015367,135
2018-04-16,0.0017697,-0.0051566,-0.0006108,-0.0003661,-0.0060937,-0.0074747,-0.0178882,135
2018-04-17,-0.0089268,-0.00185,-0.0086728,0.0039297,0.0049433,-0.0116672,-0.0145226,135
2018-04-18,-0.0212453,-0.0219697,-0.0138251,0.001499,0.0022432,-0.0191446,0.0007111,135
2018-04-19,-0.0090023,-0.0101812,-0.0071359,0.0043532,0.0004123,-0.0079748,0.0037158,135
2018-04-20,0.0032978,0.0049842,-0.0124241,0.0034952,0.005448,-0.0039172,-0.0119708,135
2018-04-23,-0.0201671,-0.0131865,-0.010969,-0.0050966,-0.0069111,-0.0129511,0.0014379,135
2018-04-24,-0.0023137,-0.0003822,-0.0042045,0.0026302,0.0034617,2e-05,0.0148508,135
2018-04-25,0.0012214,-0.0079081,-0.0074605,0.0006444,0.0045684,-0.0067655,-0.0034704,135
2018-04-26,0.0174523,-0.0055189,-0.0135057,-0.0018122,0.0022282,0.0077196,0.0010103,135
2018-04-27,0.0042835,-0.0007318,-0.0055786,-1.82e-05,-0.0010394,0.0050988,0.0028907,135
2018-04-30,-0.0048483,-0.014609,-0.0128349,0.0062039,0.004111,-0.0164883,-0.0022741,135
2018-05-01,0.0222231,0.0071903,0.0113587,0.0029449,0.0044099,0.0036307,-0.000947,135
2018-05-02,0.0031432,0.0029149,0.0044535,0.0016765,-0.0023097,0.0199274,0.0075215,135
2018-05-03,0.0049318,0.0097466,0.014841,0.0037308,0.0047298,-0.005253,0.0097689,135
2018-05-04,0.0061351,-0.0016826,0.0010713,-0.0009531,-0.0041565,0.000507,0.0118248,135
2018-05-07,0.0043097,0.0017191,0.0046489,-0.0008625,0.0003783,-0.0009031,-0.0216614,135
2018-05-08,-0.0013886,0.0052716,-0.0032054,0.0028817,0.0040796,-0.0053504,-0.0101246,136
2018-05-09,-0.0069663,0.0016942,0.0182958,-0.0003344,0.0001512,0.0124625,0.0022917,136
2018-05-10,-0.0240358,-0.0129519,-0.0088126,-0.0017607,-0.0048786,-0.0056215,-0.011174,136
2018-05-11,0.0133189,0.0180232,0.0255485,-0.0043172,-0.0031467,0.0172483,0.0015196,136
2018-05-14,-0.0085924,-0.007423,-0.0193891,-0.0040947,-0.0059899,-0.0006639,-0.0319694,136
2018-05-15,-0.0012179,0.0036759,0.0117464,-0.0044606,-0.0042072,0.0136834,-0.01593,136
2018-05-16,0.0069549,-0.0086571,-0.0089233,0.004126,0.0029013,0.0112119,0.0012508,136
2018-05-17,-0.0122705,0.0065007,-0.0075471,0.0002505,0.0049231,-0.0018802,-0.0076616,136
2018-05-18,-0.0081526,0.0077097,0.0112199,0.0043612,0.0024071,-0.0101964,-0.0131757,136
2018-05-21,0.0061792,0.0171857,0.0055709,0.0002206,0.0032363,0.0066165,-0.0056367,136
2018-05-22,-0.0008237,0.0092374,0.0082768,-0.0027542,-0.0088384,0.0009608,0.0009145,136
2018-05-23,-0.0029563,-0.0076139,-0.010141,-0.0023087,0.0005575,-0.0109439,0.00351,136
2018-05-24,0.0005401,0.0076588,-0.0045775,0.0004272,0.0079459,0.0107077,-0.0252637,136
2018-05-25,0.0162061,0.0033536,0.0057194,-0.0017449,-0.0018614,0.0160701,0.0005911,136
2018-05-28,-0.0115635,-0.0158668,-0.0100509,0.0002122,-0.0001698,-0.0098935,-0.0196408,136
2018-05-29,0.0029134,-0.0026559,-0.0034203,0.0035765,9e-07,0.0082376,0.0062128,136
2018-05-30,-0.0039995,-0.0082113,-0.0046363,0.0008336,-0.0025507,-0.011708,-0.0076542,136
2018-05-31,0.0072183,0.0096598,0.0061845,0.0031438,0.0066154,0.0086388,0.0023537,136
2018-06-01,-0.0008803,0.0083532,0.0066817,-0.0010513,0.0016663,0.0074865,0.008123,136
2018-06-04,3.19e-05,-0.0074443,-0.000816,-0.0008194,0.003272,-0.0037821,0.0012035,136
2018-06-05,0.0039551,0.0058839,0.009944,-0.0020924,0.002064,0.006481,0.0060353,136
2018-06-06,0.0051622,0.0024644,0.0127569,-0.0050193,-0.0059909,-0.0113862,0.0001823,137
2018-06-07,0.0220263,0.0097252,0.0150264,-0.0035208,-0.0054774,0.0101299,0.0173669,137
2018-06-08,0.0143994,0.0040654,0.0088511,-0.0013021,0.0027158,-0.0113846,0.0125379,137
2018-06-11,0.0089586,0.0078771,0.0094423,0.0016653,-0.0034218,0.0159751,0.0232726,137
2018-06-12,0.0022188,-0.0139059,-0.0058901,-0.0053298,-0.0097224,-0.0204797,-0.0132397,137
2018-06-13,0.0026465,0.0086669,0.0082513,0.0070462,0.0088914,0.0036441,0.0095443,137
2018-06-14,0.0097785,-0.006111,-0.0095083,0.0020594,0.0083045,0.0092051,0.0036934,137
2018-06-15,0.0195644,0.0079489,0.010407,0.0018444,0.0094865,0.0161705,0.0142543,137
2018-06-18,0.004653,0.0148559,0.0078033,-0.0020405,-0.0012693,-0.0065996,0.0014334,137
2018-06-19,-0.0015169,0.0019112,-0.0026579,-0.0038889,-0.0015713,0.0104657,-6.9e-06,137
2018-06-20,0.0233526,0.0147674,0.0135708,-0.0054818,-0.0011169,-0.0080815,-0.0102114,137
2018-06-21,-0.0100087,0.0072452,0.004805,0.004053,0.0044409,-0.0187627,-0.0063871,137
2018-06-22,-0.0171471,-0.01158,-0.013598,0.0028643,0.0032863,-0.0058205,0.0166653,137
2018-06-25,-0.0046451,-0.0016318,-0.0062476,0.0009596,0.0023006,-0.0017009,-0.0021415,137
2018-06-26,-0.0110125,-0.0107961,-0.0116511,-0.0052394,-0.0013752,-0.0159064,-0.0038881,137
2018-06-27,-0.0124947,-0.0158174,-0.0252895,-0.0026388,-0.0049947,-0.0071917,-0.0154582,137
2018-06-28,0.0090295,0.0098337,0.0082118,-0.0006115,-0.0060788,0.001091,0.00188,137
2018-06-29,-0.0135775,-0.008677,0.003424,0.0023474,-0.0036034,-0.0057028,-0.0060906,137
2018-07-02,-0.0141285,-0.0018355,-0.0129216,-0.0047453,-0.0009598,-0.0024955,-0.0119307,137
2018-07-03,0.0016197,-0.0050478,-0.0061706,0.001513,-0.0012181,0.0103637,0.0038985,137
2018-07-04,-0.0137985,-0.006156,0.0041265,0.0004707,0.0002065,-0.0054791,0.0102963,137
2018-07-05,0.0165186,0.0055548,0.0056257,-0.0001335,0.0094495,0.0070797,-0.0160709,138
2018-07-06,-0.0224415,-0.0056429,-0.0179535,0.0027799,-0.002279,-0.0104934,-0.0036752,138
2018-07-09,-0.0035408,0.0061703,-0.0037348,0.0014746,-0.0024054,-0.0013815,-0.0199536,138
2018-07-10,-0.0063698,-0.004852,-0.00231,0.0032566,0.0035134,0.0144526,0.0010436,138
2018-07-11,-0.0207525,-0.0081889,-0.0161762,8e-06,-0.0040382,-0.0087085,-0.0036429,138
2018-07-12,-0.0011438,-0.0015605,0.0109773,0.0025198,0.0086324,0.0059061,-0.0002938,138
2018-07-13,-0.0049453,0.0001385,-0.0041145,0.0009095,-0.000108,-0.004981,0.0171125,138
2018-07-16,0.0026853,-0.0019762,0.0032698,0.0056494,0.0079111,0.0026767,0.0125052,138
2018-07-17,-0.003533,0.0008411,-0.0109945,0.0065869,0.0015807,0.0090265,0.0042277,138
2018-07-18,-0.0059568,-0.0105738,-0.0078624,0.0041479,0.002105,0.0056765,-0.0025169,138
2018-07-19,-0.024117,-0.0063715,-0.0176823,-0.0012467,0.0030852,-0.0054446,-0.0161391,138
2018-07-20,-0.0064385,0.0044715,0.0108499,-0.0017491,-0.000141,-0.0035647,0.0154065,138
2018-07-23,-0.0102231,-0.007464,-0.0028155,-0.0006048,0.0050024,-0.0045595,0.016222,138
2018-07-24,0.0379681,0.0164409,0.0067804,-0.0034442,0.0021427,0.0177666,0.0031839,138
2018-07-25,-0.0071261,-0.0026713,0.0057326,0.000494,-0.0005517,-0.0024948,0.0187277,138
2018-07-26,-0.017886,0.0007546,-0.0071806,-0.0049708,0.0004792,-0.0010988,-0.0032902,138
2018-07-27,0.0025137,0.0088847,0.011752,-0.0019173,0.0021832,0.0041315,0.0174316,138
2018-07-30,0.0097998,-0.0103995,-0.0159411,0.0019974,-0.0033531,-0.0040834,-0.0022547,138
2018-07-31,0.0191915,-0.0034334,0.0142707,0.0011633,0.0035282,0.0172833,0.0176829,138
2018-08-01,0.0011686,0.0063464,0.003031,-0.0068812,-0.000486,-0.0033475,0.0170191,138
2018-08-02,0.0065083,0.0021997,0.0116291,0.0030342,0.0054192,0.0073612,0.0024564,138
2018-08-03,0.0296652,0.0183232,0.0272243,0.0001898,-0.002074,0.0203403,0.0119872,139
2018-08-06,0.0144479,0.00919,0.014283,-0.0005221,-0.0029626,0.0196417,0.0219512,139
2018-08-07,0.0427677,0.0143719,0.0198105,0.0006265,0.0012469,0.0208861,0.0224618,139
2018-08-08,-0.0015745,-0.0108519,-0.0348491,-0.0026157,-0.000503,-0.002368,-0.0121232,139
2018-08-09,0.0124035,0.0025085,0.0103021,0.0014372,0.003104,-0.0071256,0.0072505,139
2018-08-10,0.0060886,0.0262222,0.0129335,-0.0001613,-0.0033644,0.0091668,0.0098302,139
2018-08-13,0.006278,-0.0040267,0.0004731,0.0057697,-0.0011656,-0.0048358,-0.013894,139
2018-08-14,-0.0003497,-0.0023089,-0.0052032,5.71e-05,0.0027301,-0.0035631,0.003437,139
2018-08-15,-0.0064539,-0.0292386,-0.0247199,0.0027913,-0.0020725,-0.0164568,-0.0108048,139
2018-08-16,0.0002284,0.0065623,0.0062646,0.0025765,0.0025119,-0.0067469,0.0220654,139
2018-08-17,0.018978,0.0154711,0.0230863,-0.003033,-0.0018748,0.0090883,0.0037762,139
2018-08-20,-0.0040523,-0.0101086,-0.0075095,-0.0037804,-0.0023902,-0.0136483,0.0001616,139
2018-08-21,-0.0046476,-0.0008022,0.0008855,-0.0013326,0.0036419,-0.0032271,0.0071248,139
2018-08-22,0.0091935,-0.0123416,0.005054,-0.0031759,0.0030731,-0.0105686,0.0063507,139
2018-08-23,-0.0002061,0.003972,-0.0043423,-0.001415,0.0002609,0.0039924,0.0052959,139
2018-08-24,-0.0052875,0.0042806,0.012037,0.005708,0.0053004,0.0114171,0.0124447,139
2018-08-27,0.0166217,0.0061498,0.0017079,-0.0013882,-2.57e-05,0.009426,-0.0043467,139
2018-08-28,0.0013034,0.0144576,0.0179996,-0.0015358,0.0024184,0.011376,0.0086886,139
2018-08-29,0.0187681,0.0049634,0.0144868,-0.0006254,0.004873,0.0014167,0.0082378,139
2018-08-30,0.0042124,-0.0001672,-0.0062408,0.0040927,0.0038965,-0.0067731,0.006189,139
2018-08-31,0.0092504,0.0118856,0.0159988,-0.0046654,0.0010032,0.0078301,0.0273805,139
2018-09-03,-0.0042061,0.0005414,-0.0050473,-0.0012614,-0.0005129,0.0010569,-0.0093968,140
2018-09-04,-0.018948,-0.0061673,0.003082,0.0015312,-0.0030401,-0.0186922,0.0023703,140
2018-09-05,-0.0094603,-0.0019442,0.002218,0.0006276,0.0018925,-0.0053839,-0.0030443,140
2018-09-06,-0.015451,-0.0033977,-0.0042881,-0.0029332,0.0041789,5.7e-06,-0.0121934,140
2018-09-07,-0.0160049,0.0099492,-0.0036858,-0.0071158,-0.0093269,0.005387,0.0179615,140
2018-09-10,-0.0041895,0.0085167,0.0019128,-0.0025095,0.0004221,-0.0091135,-0.0025822,140
2018-09-11,0.0059104,-0.0065172,0.0018803,-0.001606,0.0021569,-0.0008673,0.0119124,140
2018-09-12,-0.0141031,-0.0147923,-0.0206592,0.0027602,0.0006474,-0.0057321,0.0069725,140
2018-09-13,-0.0199963,-0.0074816,-0.0149293,-0.003598,-0.0084413,-0.0182655,-0.0022414,140
2018-09-14,0.0297294,0.0155051,0.0201141,-0.00195,-0.0029136,0.0010934,0.017266,140
2018-09-17,0.0023682,-0.0002425,-0.0014244,-0.0016624,0.0028942,-0.003135,-0.0091388,140
2018-09-18,-0.0108442,-0.0076066,-0.0107773,4.17e-05,0.0028885,-0.0265977,-0.0016857,140
2018-09-19,-0.0063273,4.19e-05,0.0034133,0.0019523,0.0038592,0.0030042,-0.0136013,140
2018-09-20,0.0194949,0.0117657,0.0171301,0.0055288,0.004092,0.0196122,-0.0069136,140
2018-09-21,-0.0049164,-0.0015526,-0.0052693,0.0068382,0.0022431,-0.0070735,-0.0095333,140
2018-09-24,-0.013551,0.0007028,0.0032839,-5.38e-05,-0.0024251,-0.0122868,-0.0130804,140
2018-09-25,0.0017781,0.0197239,0.0096556,0.00157,0.0016329,0.0070378,0.0114839,140
2018-09-26,-0.0050412,-0.0083148,-0.0170727,0.000387,-0.0033601,-0.0086344,-0.0042782,140
2018-09-27,0.0004639,0.0063317,0.0125873,-0.005918,-0.001044,0.0141019,0.0090541,140
2018-09-28,-0.0041387,-0.0005111,-0.0045233,0.0036483,0.0036644,-0.0054828,-0.0024342,140
2018-10-01,0.0071646,0.0147558,0.0170086,-0.0043678,-0.0061241,-0.0005127,0.0111798,140
2018-10-02,-0.0066614,-0.0022462,0.0019251,0.0028615,0.0019307,-0.0001924,-0.0172529,141
2018-10-03,0.0039549,-0.0085038,-0.0186018,0.0037048,-0.0002519,0.0036535,0.0044182,141
2018-10-04,0.013954,0.0061421,0.0168953,-0.0026638,0.0023345,0.0067487,0.0053373,141
2018-10-05,-0.0013538,-0.0079584,-0.004982,0.0020816,-0.0029865,-0.0022052,-0.0030075,141
2018-10-08,-0.0037989,0.0044133,0.009,-0.0050798,-0.000288,-0.0082237,0.0053282,141
2018-10-09,0.008488,0.0085872,0.012661,0.0020859,0.0009338,0.0157789,0.0066135,141
2018-10-10,0.0048475,0.0230214,0.0229723,-0.0007721,-0.0031315,0.0206105,-0.0076438,141
2018-10-11,-0.0076536,-0.0054638,-0.0052855,0.0006285,-0.002741,-0.0032046,-0.0008158,141
2018-10-12,0.0137475,0.0093262,0.0117103,-0.004417,-0.0051869,0.0073092,0.0067117,141
2018-10-15,-0.0101293,0.0010041,-0.0087889,-0.0003909,0.0047116,-0.00686,-0.0068377,141
2018-10-16,0.0059041,0.0014585,0.0012273,0.0010104,0.0011359,0.0068131,-0.014185,141
2018-10-17,0.0219888,0.0169459,0.0039196,-0.0043397,0.0018139,0.0046218,0.0005162,141
2018-10-18,0.0027887,-0.0057811,0.0018177,-0.0024818,-0.0023635,-0.007474,0.0024011,141
2018-10-19,-0.0037752,0.0109504,0.000418,0.0009491,-0.0013861,0.0241588,0.0010786,141
2018-10-22,0.0102755,0.0026227,0.0065854,0.0015894,-0.0002146,-0.015017,0.0128049,141
2018-10-23,0.0128953,0.0056879,-0.0150257,-0.0002437,-0.0026879,0.0060648,-0.0073403,141
2018-10-24,-0.0057486,-0.0062837,-0.0141999,0.0034159,0.0056997,0.0031125,-0.0097542,141
2018-10-25,-0.0059598,-0.010261,-0.0225655,0.001792,0.0031495,-0.0005949,-0.0105269,141
2018-10-26,-0.0041594,-0.0056633,-0.0115879,0.0073968,0.0062404,-0.0014152,0.001125,141
2018-10-29,0.001327,-0.0103817,-0.0036124,-0.0026214,-0.0030386,-0.0072488,-0.0153833,141
2018-10-30,-0.0065218,0.0070104,0.0063326,0.0047691,0.0116618,0.0169259,0.0089373,141
2018-10-31,-0.0068497,-0.007811,-0.0121584,0.0055034,-0.0040375,-0.0085706,-0.0143435,142
2018-11-01,0.0041103,0.0025234,-0.0030502,-0.0074277,-0.0006757,-0.0150873,0.0004481,142
2018-11-02,-0.0012432,0.0033297,0.0099936,0.0026569,0.00533,-0.0043544,-0.0076935,142
2018-11-05,0.0176196,0.0032599,0.0044784,-0.0019038,0.000383,0.0133772,0.0055653,142
2018-11-06,-0.023876,-0.0092319,-0.0111198,0.0057814,0.003755,-0.0005033,-0.0106462,142
2018-11-07,-0.008202,0.0118202,0.0056792,-0.004394,-0.000541,0.0199059,-0.0024984,142
2018-11-08,-0.0041693,-0.0034024,0.0025409,0.0035899,0.0014968,0.0017297,-0.0222655,142
2018-11-09,0.0046375,0.0109917,0.0057097,-0.0037763,-0.0030244,0.0038186,0.0011655,142
2018-11-12,-0.0032765,-0.0185099,-0.0241884,-0.0008042,-0.0017923,-0.0177226,-0.0043718,142
2018-11-13,0.0280865,0.0242671,0.0239762,-0.001341,-0.0035524,0.0201692,0.0128777,142
2018-11-14,0.0097137,-0.0017114,0.0026276,-0.0003017,0.0003208,0.0095823,0.0016279,142
2018-11-15,-0.0030703,-0.0098397,-0.0015855,0.00287,0.0016277,0.0011563,-0.0009354,142
2018-11-16,-0.0089422,0.0048473,0.002557,-0.0021211,-0.0011724,-0.0008081,-0.0124337,142
2018-11-19,0.0295189,0.0213242,0.0260269,-0.0005707,-0.0010585,0.0155262,0.0090402,142
2018-11-20,0.0045092,-0.0129533,-0.0214969,-0.0038624,-0.0045766,-0.0043912,-0.007425,142
2018-11-21,0.0025572,0.0106032,0.0051999,0.0020834,0.0059876,0.0180696,0.0083756,142
2018-11-22,-0.0016555,-0.0075328,-0.0048034,-0.0011557,-0.0041576,0.0153484,0.0050194,142
2018-11-23,0.000235,0.006653,0.0125093,0.0019417,-0.0016366,-0.0103185,-0.0103821,142
2018-11-26,0.0040802,-0.0118539,-0.0072059,0.0039273,-0.0010407,-0.0059692,0.0112305,142
2018-11-27,-0.0027447,0.0041375,0.005417,0.0045947,0.0025142,0.0079008,-0.007404,142
2018-11-28,-0.0039103,-0.0090754,-0.0027798,0.000442,-0.0053138,0.0034383,0.0159261,142
2018-11-29,-0.0124382,-0.0093509,-0.0148246,-0.0010035,-0.0057088,-0.0123707,-0.0015259,143
2018-11-30,0.0011201,0.0036723,0.0127654,0.0018935,0.0025987,0.0003323,-0.0130574,143
2018-12-03,-0.0258118,-0.0001702,0.0019549,0.0055737,-0.0037061,-0.0121058,-0.0022492,143
2018-12-04,-0.008102,-0.0041034,0.0038292,0.003918,0.0036974,0.0078409,0.0061013,143
2018-12-05,0.0071,-0.0047936,-0.0067229,-0.0021389,0.0037662,0.000397,-0.0021987,143
2018-12-06,0.0072426,0.0042263,0.0099423,0.0033928,0.0091502,0.0048539,-0.0080568,143
2018-12-07,-0.0093208,0.0116628,-0.0003739,0.0050168,0.004213,0.0206748,0.0075985,143
2018-12-10,-0.0070112,-0.0068544,0.0005192,0.0030594,-0.0011405,-0.005558,0.0117825,143
2018-12-11,-0.0043633,-0.0039676,-0.0017952,0.0021515,0.0019819,-0.0039268,0.0056847,143
2018-12-12,0.00831,-0.0041293,-0.0017869,-0.0061381,-0.0037172,-0.0288649,0.0017189,143
2018-12-13,0.0185515,-0.0015713,0.0034344,0.0043938,0.0064676,0.015017,0.0062525,143
2018-12-14,-3.8e-06,-0.0072282,0.0005339,0.006566,0.0037184,-0.0030616,0.0043182,143
2018-12-17,-0.0009427,-0.0030552,0.0023562,0.0027648,-0.0034362,-0.0075707,-0.004974,143
2018-12-18,-0.0153937,0.0011511,-0.0048304,-0.0030136,-0.006439,0.0117978,-0.0101694,143
2018-12-19,-0.0025206,-0.0001801,-0.0075971,-0.0016317,-0.0013739,-0.0019208,-0.0257668,143
2018-12-20,-0.0026965,-0.0035261,-0.0170412,0.0002289,-0.0012424,-0.0097442,-0.0032412,143
2018-12-21,-0.012216,-0.0028669,-0.0018315,-0.0007969,0.005286,-0.0064104,-0.0037278,143
2018-12-24,-0.0073467,-0.000897,0.006792,0.0002826,-0.0016422,-0.0088428,-0.0078242,143
2018-12-25,-0.0103415,-0.0027335,-0.0021689,-0.0035437,-0.0011133,-0.0032332,-0.0135445,143
2018-12-26,-0.0233945,-0.0037176,-0.01041,0.0026024,0.0056914,0.004443,-0.0023712,143
2018-12-27,-0.008738,-0.0061084,-0.0126538,-0.0056842,-0.0098808,-0.0074107,0.0057093,143
2018-12-28,0.0219108,0.0026855,0.0165504,-0.0022477,-0.0007325,-8.64e-05,0.0023911,144
2018-12-31,0.0031416,9.33e-05,-0.0024567,0.0018971,0.0017673,0.0121827,0.0151872,144
2019-01-01,-0.0097695,-0.0085247,-0.0025657,0.0010426,-0.0036993,-0.0138191,0.0037221,144
2019-01-02,0.0007603,-0.0075723,-0.0033117,0.0021399,-0.0029326,0.0010853,-0.0214282,144
2019-01-03,0.0067448,-0.0134674,-0.0115332,0.0011441,0.0033284,-0.0072703,0.0124508,144
2019-01-04,-0.0033162,0.0059309,0.0070229,0.0037249,0.0052324,0.0066525,0.0109154,144
2019-01-07,0.0152074,0.0042244,0.0081902,0.0045766,-0.0048571,0.0108651,-0.0071399,144
2019-01-08,0.0047732,-0.007139,-0.0022367,-0.0011688,-0.0053468,-0.0072505,0.005177,144
2019-01-09,-0.0151996,-0.0065543,-0.0169746,0.0021522,0.0022716,-0.0214014,-0.0076458,144
2019-01-10,0.0224731,0.0085758,0.0070651,-0.0002783,0.0008797,0.0130681,0.0219222,144
2019-01-11,-0.011804,-0.0051104,-0.0063787,0.0025875,0.0043853,-0.0068626,-0.0122124,144
2019-01-14,-0.0031688,-0.0037793,0.0015161,-0.0004779,-0.0032901,-0.0097129,0.0072578,144
2019-01-15,0.012031,0.0015248,-0.0003185,0.0029977,0.0019341,-0.0106938,-0.0043876,144
2019-01-16,0.0130848,0.0045713,-0.0060009,0.0035594,0.0005399,-3.99e-05,-0.0018742,144
2019-01-17,-0.0014388,-0.0057725,-0.016565,-0.0050246,0.0015989,-0.0017944,-0.0088768,144
2019-01-18,-0.012344,-0.0100905,0.0061542,-0.002524,-3.1e-05,-0.0001696,0.0006742,144
2019-01-21,-0.0057256,-0.0004318,0.010839,-0.0018838,-0.0037302,0.0031341,0.0169067,144
2019-01-22,0.0067467,0.0020444,0.0020102,-0.0039409,-0.0054167,-0.0012754,-0.0077678,144
2019-01-23,0.0293257,0.0118047,0.0057553,0.0008309,0.0024885,0.0231808,-0.0157166,144
2019-01-24,-0.0136516,-0.0015757,-0.0180278,0.0002501,-0.0050457,-0.0063323,-0.0026267,144
2019-01-25,-0.0096614,-0.0069564,-0.0113923,0.0048033,0.0071857,-4.48e-05,0.0029273,144
2019-01-28,-0.0068287,0.0001274,0.0034465,-0.0017775,-0.0041187,-0.0006754,0.0049346,145
2019-01-29,-0.0030005,0.0041657,-0.0132609,-0.0037816,-0.0019051,0.0089849,0.0031664,145
2019-01-30,0.0150345,0.0138059,0.0249028,0.0056405,0.0017198,0.0160855,0.012607,145
2019-01-31,0.0359071,0.0144875,0.0238954,-0.0073936,-0.0076064,0.0086399,0.0018479,145
2019-02-01,-0.0038428,0.0065029,0.0010669,0.0012363,0.0035226,0.003877,-0.0158495,145
2019-02-04,-0.0208489,-0.0086458,-0.0223473,0.0039145,7.81e-05,0.0086621,-0.0198205,145
2019-02-05,-0.0208448,-0.0042903,-0.0160383,-0.0036289,-0.0029417,-0.0022778,0.0007296,145
2019-02-06,0.0108411,0.0073957,0.0175361,-0.0003735,0.0006242,-4.34e-05,0.0148477,145
2019-02-07,-0.0054749,-0.0081728,-0.0124375,0.0003922,-0.003915,0.0111373,-0.0141572,145
2019-02-08,-0.0076228,-0.009342,-0.0073772,3.75e-05,0.003223,-0.0176607,-0.0055845,145
2019-02-11,-0.0231822,-0.0024249,-0.0096544,-0.0012598,-0.0020504,0.0106909,-0.012851,145
2019-02-12,-0.0002045,0.0096909,0.0144916,-0.0021507,0.0020624,0.0065803,0.0060434,145
2019-02-13,0.0042619,0.0099687,-8.28e-05,-0.0025444,0.0094533,0.0105795,0.0025949,145
2019-02-14,0.0195484,0.0190393,0.0206825,0.0020612,0.0043569,-0.0010958,-0.0014835,145
2019-02-15,-0.0033908,-0.0074819,-0.0057155,-0.0036306,0.0012565,-0.0060587,0.0052854,145
2019-02-18,-0.0018319,-0.0001374,-1.7e-05,-0.0006853,0.0035613,0.0117571,-0.0176815,145
2019-02-19,0.0048049,0.0060511,0.0115093,-0.0014751,0.0057292,-0.0018163,0.0162112,145
2019-02-20,0.0230011,0.0198509,0.031005,-0.0040173,-0.004767,0.0023331,0.0141214,145
2019-02-21,0.0180351,0.0083062,0.0205812,0.0061444,0.0031222,0.0073824,0.0088104,145
2019-02-22,0.0119475,0.0115253,0.0131113,0.003284,0.0039043,0.0138357,0.0057865,145
2019-02-25,0.0016261,-7.02e-05,0.0001926,-0.0020319,-0.0071755,-0.0089199,-0.0163384,145
2019-02-26,-0.0008539,-0.0301255,-0.0132874,0.0015049,-0.0034021,-0.0366924,-0.009656,146
2019-02-27,-0.0093446,-0.0012632,-0.0029667,-0.0024407,0.0048895,-0.0075516,-0.0136152,146
2019-02-28,-0.0014652,-0.002546,0.0005564,-0.002775,-0.0028347,-0.0216507,0.0002915,146
2019-03-01,0.0187272,0.0064469,0.0024428,0.0051473,0.0050839,0.0138528,0.0043104,146
2019-03-04,0.0162009,-0.0025479,-0.0085035,-0.003148,0.0056587,-0.000935,-0.0059422,146
2019-03-05,0.0135562,0.0073391,0.017668,0.0036682,-0.0020891,0.0140197,0.0176516,146
2019-03-06,-0.0170983,-0.0104081,-0.010419,0.0002281,-0.0030903,-0.0158592,-0.0048414,146
2019-03-07,-0.0083905,-0.0011239,-0.0082597,-0.000337,-0.0057544,-0.0193509,-0.0023766,146
2019-03-08,-0.0190008,-0.0108907,-0.0277504,-6.89e-05,-0.00106,-0.0012442,-0.0067744,146
2019-03-11,0.0069376,0.0039795,-0.0054794,-0.0048488,-0.0023941,-0.0152769,-0.0016007,146
2019-03-12,-0.0025859,-0.0018437,-0.003081,-3.24e-05,0.0002797,0.0158802,0.0127292,146
2019-03-13,0.0032474,0.0058234,-0.0021291,-0.0003556,0.0032607,-0.0052956,-0.0056808,146
2019-03-14,-0.0107299,-0.0060042,-0.0012985,-0.0071656,-0.0054953,-0.0133343,0.0071785,146
2019-03-15,0.0056498,-0.0046131,-0.0085275,0.0003957,0.0029074,-0.0034195,-0.0021589,146
2019-03-18,0.0012238,-0.0092164,-0.0124676,0.0030163,0.0037532,0.0008463,0.0015105,146
2019-03-19,0.0010983,0.0099701,-0.0093074,-0.0056051,0.0050386,0.0015329,-0.0116919,146
2019-03-20,-0.0029589,0.0039913,-0.0033208,-0.0051372,0.0022548,0.0092404,-0.0058886,146
2019-03-21,-0.0125451,-0.006666,-0.0048232,0.0011729,0.0022425,0.000797,-0.0044572,146
2019-03-22,-0.0062319,-0.007718,-0.0039017,-0.0024819,-0.0034157,-0.0210005,-0.0010198,146
2019-03-25,0.0051131,0.0066115,-0.0003457,-0.0020248,0.0002932,0.0046933,-0.0059969,146
2019-03-26,-0.002651,-0.005434,-0.0059753,-0.0054575,-0.0095992,-0.0066542,0.005573,146
2019-03-27,-0.0223939,-0.0102519,-0.0244875,-0.0014467,-0.0042126,-0.0316115,-0.0064501,147
2019-03-28,-4.71e-05,0.0015679,0.0016407,0.005088,0.0067525,0.0006805,-0.0027547,147
2019-03-29,-0.0128231,0.0099443,-0.0030185,0.0034629,-0.0027153,0.0121412,-0.003125,147
2019-04-01,-0.0062921,-0.0043402,0.0115846,0.0005873,2.75e-05,0.0007649,0.0034982,147
2019-04-02,-0.0283546,-0.0115139,-0.0224618,-0.0019555,-0.0037125,-0.0241958,0.0074343,147
2019-04-03,0.0021166,-0.006641,0.0012633,0.0019976,-0.0021443,0.0022148,0.0041254,147
2019-04-04,0.0210776,0.0024216,0.0008221,0.0003124,-0.0014002,0.0177525,0.0065692,147
2019-04-05,0.0135368,0.0022812,0.0191859,0.0016675,0.0081255,0.0082638,-0.0006469,147
2019-04-08,0.0010173,0.0032564,0.014744,-0.0029234,-0.0050227,0.0094662,0.0055234,147
2019-04-09,0.0109715,0.0018891,0.0150986,0.0025504,-0.0012369,0.0060587,-0.0008092,147
2019-04-10,-0.0125392,-0.0056992,-0.0071351,0.0032211,0.0003046,-0.0060002,-0.0036603,147
2019-04-11,0.0003642,-0.0027842,0.0035889,0.0027238,0.0011786,-0.0071209,-0.0012627,147
2019-04-12,-0.0033362,0.0018391,-0.000572,-0.0020867,-0.0057728,0.0068001,0.0012203,147
2019-04-15,0.0104603,0.009423,0.015509,-0.0036535,-0.0030466,0.0068558,0.0159392,147
2019-04-16,0.0145134,0.000646,-0.0089545,-0.0049,0.0013992,-0.0165461,-0.0031129,147
2019-04-17,0.0045479,-0.0004656,-0.0203668,-0.0019205,0.0032607,0.0052442,-0.0035829,147
2019-04-18,-0.0167906,-0.0030346,0.0036964,-0.0018524,-0.0001412,-0.0163433,0.004394,147
2019-04-19,-0.0076978,0.002864,0.0128955,-0.0063675,-0.0083616,0.0008808,-0.018931,147
2019-04-22,-0.0087446,-0.0061404,-0.0168268,-0.0035992,-0.0018332,-0.00842,0.001222,147
2019-04-23,0.0049006,-0.004355,0.0060476,0.0027953,0.0019089,-0.0029244,-0.0138101,147
2019-04-24,-0.0068912,0.0060745,-0.0021241,0.0019281,0.0077161,-0.0079396,0.0094972,147
2019-04-25,0.0160183,0.0054594,0.0060745,0.0006854,-0.0038542,-0.0062634,0.0128028,148
2019-04-26,0.018528,0.0053344,0.0183766,0.0015872,-0.0010947,0.0142705,-0.0021473,148
2019-04-29,0.006026,0.0079661,-0.0011061,-0.0004206,-2.1e-06,0.0109901,0.0114326,148
2019-04-30,0.0216941,0.003239,-0.0003838,0.0001523,0.0010603,-0.0105039,0.0103775,148
2019-05-01,0.024767,0.0112574,0.0184988,-0.003299,-0.0048013,0.0067353,0.0014174,148
2019-05-02,-0.021605,-0.0165715,-0.0393693,0.0028652,0.0017709,-0.0218815,-0.013459,148
2019-05-03,0.013454,0.01809,0.0127306,-0.0016921,0.0027308,0.0211637,-0.0016854,148
2019-05-06,-0.0039347,0.0055067,0.0045019,-0.0002994,-0.0016756,-0.0004082,0.0037768,148
2019-05-07,-0.0025261,0.0046695,0.0075942,0.0014726,-0.0026554,-0.0040289,-0.0022543,148
2019-05-08,0.0058625,0.0031073,0.0088975,-0.0020365,-0.0004465,0.0124832,0.0124447,148
2019-05-09,0.0045197,0.0044629,0.002074,-0.0032975,0.0005166,0.0110048,0.0200349,148
2019-05-10,-0.018794,-0.014848,-0.0116199,0.0012463,0.0022836,-0.0074748,0.000893,148
2019-05-13,-0.0081644,-0.0053746,-0.0208414,4.41e-05,-0.0018696,-0.0035698,-0.0038608,148
2019-05-14,-0.0167113,-0.0163344,-0.0271945,0.000532,-0.0059165,-0.0125441,-0.0060644,148
2019-05-15,-0.0009757,-0.0014272,0.008847,0.0044658,0.0055169,0.0111569,0.0026233,148
2019-05-16,-0.0178229,-0.017809,-0.0124279,6.17e-05,-0.0049626,-0.0141534,-0.0032988,148
2019-05-17,-0.0074691,0.0058099,0.0006011,-0.0035492,-0.0050889,-0.0061391,0.0022337,148
2019-05-20,-0.0178171,-0.0025893,-0.0073349,0.0018902,0.0046251,-0.0034482,-0.0015889,148
2019-05-21,0.0101412,-0.0036408,0.0064924,0.0052282,0.0007956,0.0055598,-0.0022761,148
2019-05-22,0.0063506,0.0020825,0.0053021,-0.0025558,-0.0031043,0.0029223,0.0206936,148
2019-05-23,-0.0031651,0.0002681,0.0010938,0.0066083,0.0037514,0.0055376,0.0062263,148
2019-05-24,-0.002988,-0.0008323,0.001862,0.0029963,-0.0018149,-0.0027717,-0.0024022,149
2019-05-27,-0.0227021,0.0011634,-0.0212422,0.0061423,-0.0013023,-0.0141814,-0.0145605,149
2019-05-28,-0.0049714,0.0017107,-0.0078343,0.000426,0.0013149,0.0097318,-0.0211103,149
2019-05-29,0.0063143,0.0102886,0.0070835,0.003165,0.0076858,0.0065379,-0.0100856,149
2019-05-30,-0.0023183,0.0053316,0.0203156,0.0023693,0.0043055,0.0057585,0.0002213,149
2019-05-31,0.0122053,0.0124199,0.0166111,0.0052645,0.0063211,0.0188381,0.0084415,149
2019-06-03,-0.0047792,-0.0055133,-0.0029902,-0.0009778,-0.0035656,-0.0107893,3.6e-06,149
2019-06-04,-0.0045695,0.0046253,0.014785,-0.0009762,-0.0013644,0.0105854,-0.004755,149
2019-06-05,0.0089286,0.0197087,0.0223517,0.0048973,0.0055047,0.0244449,-0.0054003,149
2019-06-06,-0.0024867,-0.0152581,-0.0048041,-0.0008923,0.0035034,-0.0117924,-0.0026457,149
2019-06-07,-0.0102457,-0.0072191,-0.0070027,0.0052323,0.0012754,-0.0067932,-0.0050372,149
2019-06-10,-0.0074571,-0.0081919,-0.0031094,0.0046881,0.0011438,-0.0095474,0.0001659,149
2019-06-11,0.0226478,0.0118359,0.0307689,-0.0046159,-0.0016987,0.018462,0.0234144,149
2019-06-12,0.0007634,0.0089348,0.0055486,-0.0059956,-0.0062507,-0.0027795,0.0050166,149
2019-06-13,-0.0129996,-0.0093605,-0.0215057,0.0007011,-0.0039118,-0.0065462,0.0096181,149
2019-06-14,-0.0049241,-0.0027328,0.0047507,0.0014775,0.0034635,-0.0003899,0.0053971,149
2019-06-17,-0.0119565,-0.0062142,-0.0035602,-0.0013126,-0.0026468,-0.0123555,0.0019679,149
2019-06-18,0.0107797,-0.0026496,-0.0012247,-0.0015745,-0.0050845,0.0037112,-0.005119,149
2019-06-19,-0.0277868,-0.0023941,-0.012099,-0.0002571,0.0039534,-0.0064564,-0.0070449,149
2019-06-20,-0.0175844,-0.0102272,-0.0058581,0.0065516,-0.0039999,-0.0035746,-0.0082391,149
2019-06-21,0.0110665,0.0038401,0.016214,-0.0015008,-0.0088753,-0.0057451,0.0036088,149
2019-06-24,0.0004054,0.0061593,-0.0059227,0.0009833,0.0018792,-0.0002871,-0.0113289,150
2019-06-25,-0.0110987,0.0007488,-0.0149722,-0.0049964,-0.0047332,-0.0033345,-0.0040352,150
2019-06-26,-0.016381,-0.0104987,-0.0015712,0.0065411,0.0005514,-0.0013167,-0.0063529,150
2019-06-27,0.0119669,0.0100239,0.0093554,-0.0015432,0.0002409,0.0057842,0.0082217,150
2019-06-28,-0.0173099,-0.0055916,-0.0263685,-0.0008989,-0.0029867,-0.0195911,0.0010014,150
2019-07-01,-0.0056513,-0.0073348,-0.0182189,-0.0013919,-0.0009393,0.011291,-0.0048416,150
2019-07-02,-0.0118395,-0.015163,-0.0229428,0.0010351,0.0017764,0.0008732,0.0049406,150
2019-07-03,0.0139067,0.0012277,-0.0004504,0.0030699,-0.000267,-0.0037062,0.007199,150
2019-07-04,0.0076246,0.0102621,0.0028123,-0.0019314,-0.0002995,0.004228,0.0073548,150
2019-07-05,-0.0080548,-0.0070581,-0.0079882,-0.0057643,-0.0051053,-0.0135898,-0.0203553,150
2019-07-08,0.0025451,0.0112572,0.0012394,9.03e-05,0.0058862,0.0011158,-0.0110498,150
2019-07-09,0.0080932,-0.0001989,-0.0053997,0.0043879,0.0047379,0.0122039,0.0031067,150
2019-07-10,-0.0083842,-0.0185159,-0.0077034,0.0017129,-0.0022866,-0.0164403,-0.0074749,150
2019-07-11,-0.0130108,-0.0126135,-0.0212473,0.0013503,0.0066478,-0.0128162,-0.0066158,150
2019-07-12,-0.001228,0.0005141,0.000307,0.0015406,0.0006441,0.0088155,-0.0007204,150
2019-07-15,0.0019393,-0.0041513,-0.0033802,0.0014634,0.0004673,0.004692,0.0032967,150
2019-07-16,-0.003191,-0.0079783,-0.020549,-0.0001232,-0.0050515,-0.0088664,-0.0087955,150
2019-07-17,0.0122389,0.0016362,-0.0016849,-0.0010429,0.0032551,0.0052852,0.0098394,150
2019-07-18,0.011706,0.0017018,0.0023292,-0.0002144,0.0066143,-0.0004964,-0.0055193,150
2019-07-19,0.0232923,0.0070421,0.004799,0.000869,0.0043267,-0.0032793,-0.0177524,150
2019-07-22,-0.013831,-0.0065516,-0.0057933,0.0004021,0.0082149,-0.0065612,-0.010143,150
2019-07-23,-0.0076901,-0.0012223,0.0010537,0.0052824,0.0079502,-0.009287,-0.0002009,151
2019-07-24,0.002048,-0.000574,-0.0015809,0.0023541,0.0039136,-0.0022011,-0.0117142,151
2019-07-25,0.0057184,0.0010699,0.0092282,0.0021891,0.0035873,0.0123402,-0.009204,151
2019-07-26,-0.0120372,-0.0025159,-0.0090664,0.0013456,0.0015985,-0.0055935,-0.0031339,151
2019-07-29,0.0138579,0.0152112,0.0110141,-0.0017321,-0.0021897,0.0052419,0.0211429,151
2019-07-30,-0.0228285,-0.0150785,-0.0214113,0.0013585,-0.0005983,-0.0383053,-0.0029558,151
2019-07-31,-0.0154973,-0.0081617,-0.0022747,0.0021749,-0.004929,0.0068864,0.0042385,151
2019-08-01,-0.0090892,0.0017979,0.007852,-0.0035973,-0.0023174,0.0019909,0.0081917,151
2019-08-02,-0.0205441,0.0034613,0.0020756,-0.0009905,0.0022203,-0.0107259,0.0168555,151
2019-08-05,0.0158116,0.0082001,0.0149292,0.0002033,-0.0013514,-0.0054479,0.0113253,151
2019-08-06,-0.0154596,-0.0079643,-0.0131529,-0.0059106,-0.0024679,-0.0013705,-0.0116511,151
2019-08-07,0.0003161,0.0022236,-0.0105652,0.000304,0.0008783,0.0180994,-0.0029531,151
2019-08-08,-0.0079222,0.0022999,-0.0045998,0.0010853,-0.0012696,-0.0108427,-0.0157145,151
2019-08-09,0.0025893,0.0064234,-0.0003372,0.0031982,0.0060877,0.0026086,0.0015721,151
2019-08-12,0.000133,-0.0036357,-0.0114651,0.0026563,0.0032647,-0.0056794,0.0073648,151
2019-08-13,0.000829,0.016091,0.0078348,0.0007877,-0.0003527,0.0060252,0.0037245,151
2019-08-14,-0.0068514,-0.0148384,-0.0158086,0.0068662,0.0011082,-0.0100999,-0.0091757,151
2019-08-15,0.0232836,-0.0026559,0.0065284,-0.001237,0.0020253,-0.0007482,0.010771,151
2019-08-16,0.0036034,0.0025238,0.0108052,0.0005358,0.0015986,-0.0047508,-0.0046614,151
2019-08-19,-0.0088575,-0.0065769,-0.0180906,0.0022938,0.0054982,-0.0015111,-0.0149657,151
2019-08-20,-0.0112276,0.008651,0.0037475,-0.0034033,0.0063285,0.0044655,-0.0168017,151
2019-08-21,-0.007119,0.001195,0.0040602,0.0019162,-0.005264,-0.0074354,0.0067423,152
2019-08-22,-0.0196402,-0.0091168,-0.0283307,-0.0004536,0.0029493,-0.0053348,0.0016879,152
2019-08-23,-0.0073254,-0.0160911,-0.008969,0.0028554,9.37e-05,-0.0168478,-0.0024298,152
2019-08-26,0.0221455,0.0151677,0.016313,-0.0013709,-0.0013469,0.013761,0.0074542,152
2019-08-27,0.008878,0.0025882,-0.0046667,0.0003613,-6.62e-05,0.0040985,-0.00929,152
2019-08-28,0.0038439,0.0011196,-0.0074929,0.0003693,-2.9e-06,-0.0062552,-0.0029787,152
2019-08-29,0.0134448,0.0136879,0.01471,0.0052631,0.0045159,0.0214569,-0.0126878,152
2019-08-30,-0.005512,-0.0002315,-0.0111246,-0.0003893,-0.0007284,5.95e-05,-0.0036645,152
2019-09-02,0.0240282,0.0128709,0.0189631,0.0024633,0.0030579,0.0077041,-0.0051844,152
2019-09-03,0.0213407,0.0008974,-0.0008679,0.0016999,0.000365,0.0035449,-0.0071291,152
2019-09-04,0.0003683,0.0181272,0.0154718,0.000445,0.0009022,0.0181783,-0.000828,152
2019-09-05,-0.0123103,-0.001361,-0.0144518,-0.0048157,-0.0077255,-0.0082701,-0.0279113,152
2019-09-06,-0.0141726,-0.0061327,-0.0038659,0.0042497,0.0058582,0.0069432,0.0050527,152
2019-09-09,-0.0256669,-0.0126025,-0.0122639,0.0051071,0.0034842,-0.0068447,-0.0087821,152
2019-09-10,0.0123123,0.0071178,0.0001091,0.0024769,-0.0009476,0.0288379,0.0032263,152
2019-09-11,0.0033762,0.0001384,-0.001191,0.0079807,0.0058943,-0.0022031,0.0119387,152
2019-09-12,-0.0047711,-0.0067652,-0.0001783,-0.0029128,-0.0017184,-0.0062193,0.0028503,152
2019-09-13,-0.0095978,0.0003626,0.012075,-0.000824,0.0009224,-0.0080533,0.0116133,152
2019-09-16,-0.0076527,-0.0116085,-0.0146128,0.0004782,0.000928,-0.0101759,-0.0057589,152
2019-09-17,0.0164418,9.2e-05,0.0090699,0.0001666,0.0014613,-0.0028688,0.0016192,152
2019-09-18,0.014174,0.0037712,0.0005029,-0.0077103,-0.0034482,0.0066491,0.0005888,152
2019-09-19,-0.0021064,0.0029508,0.0066222,-0.0040403,-0.0058793,-0.0116357,-0.0132756,153
2019-09-20,-0.0052223,0.0175746,0.0117546,-0.0033998,0.0014331,0.0144375,-0.0133425,153
2019-09-23,0.0039138,-0.002228,-0.0063138,0.0024514,0.0028094,-0.0121143,0.0100301,153
2019-09-24,0.0083689,0.0012115,0.0040907,0.0054655,0.0067602,-0.0001763,-0.0058846,153
2019-09-25,0.0119021,0.0035725,-0.0035694,-0.0005745,-0.0071588,-0.0128536,-0.0101035,153
2019-09-26,-0.0075849,0.0035899,0.0057531,0.0010843,-0.003374,0.0038051,-0.0095665,153
2019-09-27,-0.0080255,-0.0142632,-0.0231028,-0.0036843,-0.0036954,-0.0018994,-0.0142275,153
2019-09-30,-0.0031414,-0.0058838,0.0004026,0.0002082,0.0027271,0.0038928,-0.0108764,153
2019-10-01,-0.011667,-0.0022293,-0.0079828,-0.0046213,-0.0021024,-0.0089406,0.0005391,153
2019-10-02,-0.0049051,0.0053657,0.009137,-0.004361,-0.0037731,0.0127271,-0.0097316,153
2019-10-03,0.018134,0.010256,0.0110945,0.0002549,0.0007251,0.0008698,0.0072745,153
2019-10-04,0.0018595,0.0058689,0.0097044,0.0029163,0.001155,0.0102628,-0.0039385,153
2019-10-07,-0.0030427,-0.0042505,0.0063333,-0.0001395,0.0005201,0.0001046,-0.0072409,153
2019-10-08,-0.0035629,-0.0049323,-0.0073179,0.0015782,-0.0038702,-0.0066915,0.001553,153
2019-10-09,0.0232968,0.0057106,0.0077866,0.0070791,0.0024293,0.0110646,0.0132522,153
2019-10-10,0.0188768,0.0180631,0.0237786,0.0035959,0.0053809,0.0283659,0.0188499,153
2019-10-11,0.0145285,-0.0090172,-0.0001567,0.0007802,0.0019872,0.0010391,-6e-05,153
2019-10-14,-0.0161823,-0.0102091,-0.0056435,0.0020486,-0.0055638,-0.0121574,0.0083375,153
2019-10-15,-0.0019327,-0.0033614,0.0097647,-0.0013299,-0.0015902,-0.0143595,-0.0077042,153
2019-10-16,-0.0024885,-0.015398,-0.0195154,0.0024303,-0.0010457,-0.0046693,-0.0211096,153
2019-10-17,0.0024923,-0.0069126,0.0014535,-0.0031886,-0.0010694,-0.0024077,0.0034894,153
2019-10-18,0.0120926,0.0070165,0.020761,0.0020573,0.0009655,0.0058357,0.0030578,154
2019-10-21,0.0066132,-0.0024536,0.0059671,-0.0030976,-0.0006908,-0.0042826,0.0112838,154
2019-10-22,0.0058689,0.0136818,0.0199835,-0.0008914,-0.0043557,0.0266107,0.0061752,154
2019-10-23,-0.0187072,-0.0064818,-0.0140566,0.0038554,0.0035091,0.0099401,0.0076522,154
2019-10-24,0.0235824,0.0176893,0.0318884,-0.0011932,0.000594,0.025541,0.0055141,154
2019-10-25,0.0071639,0.0004801,-0.0087548,0.0006939,0.0048676,0.0038432,0.0075021,154
2019-10-28,-0.0011915,-0.001199,-0.012396,0.0021913,-0.0014185,-0.0079951,-0.0009566,154
2019-10-29,-0.0157007,-0.0016204,-0.0106517,-0.0088171,-0.0076359,0.0010626,-0.0069089,154
2019-10-30,-0.005133,-0.0066954,-0.0126053,0.0011845,-0.0016765,-0.0016521,-0.0019464,154
2019-10-31,0.0032817,-0.0193582,-0.0162009,-0.0028717,-0.002858,-0.001854,0.0088229,154
2019-11-01,0.0001822,-0.0047973,0.0036991,-0.0002559,0.0035708,-0.0036678,-0.0199079,154
2019-11-04,0.0106118,-0.0027039,0.0169962,0.004002,0.0029532,0.0089863,-0.0070619,154
2019-11-05,-0.0098626,-0.0154195,-0.0156868,0.002002,0.0045066,0.0012175,-0.0151637,154
2019-11-06,-0.0145953,0.0058722,0.0065897,-0.0013081,-0.0036132,-0.0003104,0.0185713,154
2019-11-07,0.0120709,-0.0012966,-0.0048976,-0.0024949,-0.0012225,0.0035503,0.0030104,154
2019-11-08,-0.0121549,5.81e-05,-0.0116099,0.001761,-0.0020588,0.0070743,0.0126259,154
2019-11-11,0.0051855,0.0030823,-0.0061558,0.0004436,0.0053597,0.0011648,0.0085555,154
2019-11-12,0.0123689,0.000924,0.0093883,0.0002725,0.0008917,-0.0032902,0.0051729,154
2019-11-13,0.0009449,0.0081551,0.0108407,0.0047342,0.0057256,0.014747,0.0148956,154
2019-11-14,0.0093375,0.0010398,-0.0040446,0.0061738,0.0046265,0.0142964,-0.0145938,154
2019-11-15,-0.0059766,0.0048367,-0.0005877,0.0016242,0.0041644,-0.0084821,-0.011878,154
2019-11-18,-0.0199064,-0.0136751,-0.0230604,0.0041412,0.0021446,-0.0302477,-0.0200267,155
2019-11-19,0.0063445,0.0038644,0.0116195,-0.0008585,-0.0041348,0.0051149,0.0023977,155
2019-11-20,-0.0053062,0.0059275,-0.0015049,-0.0022033,0.0009548,0.0015908,-0.007695,155
2019-11-21,-0.0037087,-0.0081273,-0.005581,0.0013869,-0.0010773,0.0094607,0.0014665,155
2019-11-22,0.0154375,0.016117,0.0107697,0.001854,0.0047134,-0.0069399,-0.00201,155
2019-11-25,-0.0318663,-0.0147357,-0.0154043,-0.000733,0.0006893,-0.0076505,0.004789,155
2019-11-26,0.0008799,-0.001851,-0.0029567,-0.0025013,0.0014132,0.0071051,0.0004021,155
2019-11-27,0.0013881,0.0022729,0.0097136,-0.0053445,-0.0059859,-0.0030425,0.0072683,155
2019-11-28,0.0007704,0.0023104,0.0003751,0.0026834,0.0020468,-0.0037222,-0.0080258,155
2019-11-29,0.0191484,-0.0067619,0.0025664,-0.0039443,-0.0047943,-0.0021678,0.0137678,155
2019-12-02,-0.0247454,-0.0107343,-0.013295,0.0003432,-0.0051908,-0.005253,-0.0037213,155
2019-12-03,-0.0159035,0.0028579,0.0091338,-0.000364,-0.0089021,-9.9e-06,0.0094258,155
2019-12-04,0.0023844,-0.0026662,0.001595,-0.001723,0.0020032,0.0022648,0.0181722,155
2019-12-05,-0.0042207,-0.0024785,0.0009232,0.0024242,0.0092709,0.0007006,-0.0049258,155
2019-12-06,-0.0118453,-0.0038859,-0.0056509,-0.0031409,0.0016267,0.0011879,0.0005634,155
2019-12-09,-0.0182501,-0.0146948,-0.0118792,-0.0026956,-0.0004441,-0.0107927,-0.0001956,155
2019-12-10,0.0038837,0.0085032,0.0194652,-0.0016585,0.0052778,0.0175205,-0.0011153,155
2019-12-11,-0.0030242,-0.0098495,0.0010891,-0.0003259,-0.0043618,-0.0067688,-0.001298,155
2019-12-12,0.0001236,-0.0031161,-0.0082907,0.0042777,0.006097,-0.0032995,-0.0123444,155
2019-12-13,-0.0171477,-0.0011356,0.0043604,0.0013993,0.0025594,0.0103944,-0.0062685,155
2019-12-16,0.0255687,0.0039644,0.0100412,-0.0009664,0.0056318,-0.0044385,0.0043263,155
2019-12-17,0.0023362,-0.0007896,0.0160259,0.0080869,0.001968,0.0127363,0.002878,156
2019-12-18,-0.0222679,-0.0063504,-0.0187933,-0.0033269,-0.0002901,-0.0189255,0.0089039,156
2019-12-19,-0.0039992,0.004672,-0.0099437,-0.0044046,-0.0017568,-0.0080916,0.0018521,156
2019-12-20,-0.0137031,-0.0085377,-0.0176652,-6.05e-05,-0.0009589,-0.0019791,0.0033,156
2019-12-23,-0.0157617,-0.0083553,-0.0126598,-0.0020596,0.000625,-0.0181728,-0.007691,156
2019-12-24,0.0145626,0.0244376,0.0295262,-0.0049829,0.0028505,0.0156508,0.0112743,156
2019-12-25,-0.0026637,-0.0174563,-0.0115439,0.0004287,0.0019485,-0.0109336,-0.0044663,156
2019-12-26,-0.000583,0.0045174,0.013155,0.0004232,-6.82e-05,0.0029925,-0.0089677,156
2019-12-27,0.0158598,0.0200189,0.0309855,-0.00569,-0.0050594,0.015144,0.0197915,156
2019-12-30,0.0200115,-0.0029849,-0.0056873,0.0064815,0.0062713,-0.0008817,0.010374,156
2019-12-31,0.0088005,-0.0084367,0.0051517,-0.0039313,-0.0027998,-0.0100193,0.0068051,156
2020-01-01,0.0082639,0.0055193,-0.0080871,-0.0073134,-0.0083914,-0.0239248,0.0094586,156
2020-01-02,-0.0188013,-0.0090109,-0.0054258,-0.0003978,0.0014601,-0.0022783,-0.0115082,156
2020-01-03,0.0241359,0.0218758,0.0310691,0.0031557,0.0052976,0.0240989,0.0166562,156
2020-01-06,0.0036048,-0.0014301,0.0104211,0.0014395,0.0013898,0.000884,0.015996,156
2020-01-07,0.008735,0.004505,-0.0002864,0.0028063,0.0001833,-0.0035684,0.0036298,156
2020-01-08,0.0016761,-0.0063089,-0.0057544,-0.0019347,0.0019621,0.003194,-0.0041593,156
2020-01-09,0.0309521,0.0076248,0.0202523,0.00108,0.0077401,0.0164819,0.0041927,156
2020-01-10,0.0225072,0.0143361,0.0328663,0.002845,-0.0011383,0.0050555,0.0185322,156
2020-01-13,-0.0007616,-0.0011243,-0.0053448,-0.0088235,-0.0084307,-0.0126366,0.0065222,156
2020-01-14,0.0022908,0.0022829,-0.0107603,0.0038087,0.0046519,0.0026763,0.0121488,156
2020-01-15,-0.0046382,-0.0025982,-0.0101071,0.0019733,-0.0050735,-0.0187114,0.0017752,157
2020-01-16,-0.0203667,-0.0045295,-0.026328,-0.0004257,-0.0042771,-0.0232748,-0.0120361,157
2020-01-17,-0.0075264,-0.0007646,0.0105764,0.001976,0.001415,0.0130069,0.0134274,157
2020-01-20,0.0186457,0.0243619,0.0103047,0.0015315,0.0012545,0.0281269,-1.58e-05,157
2020-01-21,0.0039568,-0.0003059,0.0018133,-0.0003512,0.0003403,-0.0089113,0.013638,157
2020-01-22,0.0261735,0.0127453,0.0106252,-0.0026743,0.0065645,-0.003219,0.0112849,157
2020-01-23,-0.004707,-0.0093659,-0.0202588,0.0013605,0.0004795,-0.0050951,-0.0188965,157
2020-01-24,-0.0005516,0.008239,-0.006161,0.0037163,0.0054866,0.0039798,-0.0124547,157
2020-01-27,-0.0025539,-0.0049882,-0.0088446,0.0066576,-0.0009133,-0.0152276,-0.015563,157
2020-01-28,-0.0029756,0.0012174,0.0106618,-0.00227,-0.0048709,-0.0092864,0.0061362,157
2020-01-29,-0.0015624,0.000852,0.0025759,-0.0018187,-0.005727,0.0022985,-0.0138143,157
2020-01-30,0.0027165,0.0121924,-0.0009431,0.0002788,-0.0036588,-0.0121788,-0.0051759,157
2020-01-31,-0.0045202,0.0044281,0.0045898,0.0001803,0.0050089,-0.0025222,0.0123609,157
2020-02-03,-0.0046507,-0.0164079,-0.0247679,0.0054712,-0.0016872,-0.0180586,-0.0218689,157
2020-02-04,-0.0116745,-0.0012413,-0.002447,-0.0009863,0.0011063,0.0091454,0.0042474,157
2020-02-05,0.0204872,0.0223915,0.0252681,-0.0012247,0.0078347,0.0132537,0.0063873,157
2020-02-06,-0.0165956,-0.0054484,0.0009687,-0.0014536,-0.0044634,-0.0101853,-0.0091172,157
2020-02-07,-0.0113654,-0.0198926,-0.0256705,0.0033571,0.0039153,-0.0130182,-0.01424,157
2020-02-10,-0.0103492,-0.006192,-0.007127,-7.49e-05,0.0025378,0.0068831,0.0020586,157
2020-02-11,0.0003925,0.000483,-0.0058313,-0.005549,-0.001757,-0.0178134,0.007574,157
2020-02-12,0.023632,-0.0021433,0.0124594,0.0022689,-0.0001113,0.0162967,0.0170516,157
2020-02-13,0.0043167,0.0056434,0.000903,-4.41e-05,0.0012947,-0.0091263,-0.0105261,158
2020-02-14,-0.0001339,-0.0054907,-0.0022185,0.0075838,0.0050675,0.0096165,-0.0060271,158
2020-02-17,-0.0075364,-0.0042005,-0.0182406,0.0067044,0.0045651,0.0034754,-0.0145303,158
2020-02-18,-0.0085365,0.0142121,0.0187436,0.0040788,0.0070972,0.0063179,-0.0112609,158
2020-02-19,-0.0073714,-0.0008084,-0.0059434,-0.0041888,-0.0057508,-0.0055727,-0.0092021,158
2020-02-20,-0.0089544,-0.0107871,-0.0200777,0.0045612,0.0018287,0.0140389,0.0069514,158
2020-02-21,-0.0025323,0.004728,0.001722,-0.0047349,-0.0001483,0.0018933,0.0090987,158
2020-02-24,0.0036885,-0.0042985,0.0042211,-0.0045089,-0.0010294,0.0015838,-0.0124913,158
2020-02-25,0.0124204,0.0025538,0.0057644,0.0004842,0.0068951,0.0081515,-0.0077974,158
2020-02-26,-0.011652,-0.0049585,0.0006122,-0.003097,0.000432,-0.0018012,0.0091388,158
2020-02-27,-0.0293058,0.0046434,-0.0040386,0.0026694,0.0024242,-0.0005832,-0.002857,158
2020-02-28,-0.0097482,0.0002965,0.0003712,0.0027205,0.0086131,0.0029684,-0.0072027,158
2020-03-02,-0.0059077,-0.0046267,0.0011945,-0.0017361,-0.0007885,-0.0107585,-0.0101354,158
2020-03-03,-0.0163053,-0.0020167,-0.0002642,-0.0004537,0.004406,-0.0031546,0.005213,158
2020-03-04,0.0030939,-0.0041282,0.0008952,-0.0036739,-0.0037313,-0.0082716,-0.005972,158
2020-03-05,0.013346,0.0203057,0.022294,-0.0025666,-0.0055466,0.0320928,0.0193393,158
2020-03-06,0.0043558,0.0121085,0.0116419,-0.0041956,0.0002696,0.0054745,-0.0031763,158
2020-03-09,-0.0203999,-0.0045186,-9.5e-05,-0.0009164,-0.0041169,-0.0108985,-0.0123146,158
2020-03-10,0.0005302,-0.0034344,-0.0003913,0.0011113,0.0101689,0.0131209,0.0028365,158
2020-03-11,0.0096297,0.0069941,0.0012544,-0.0021692,-0.0017075,0.0024067,-0.0068106,158
2020-03-12,-0.0098236,-0.0103495,-0.0179575,-0.0043118,-0.0091079,-0.0024707,-0.0155977,158
2020-03-13,0.0115778,0.0060815,0.0052029,-0.0062776,-0.0081739,0.0156349,-0.0017758,159
2020-03-16,0.0031263,0.0065488,-0.0010341,0.0063467,0.003392,0.0148093,-0.0223685,159
2020-03-17,0.0118926,7.84e-05,-0.0067936,0.0041626,0.0019112,0.0013742,0.002953,159
2020-03-18,-0.0018958,0.0047104,-0.0112325,-0.000733,0.0013941,-0.0131991,-0.0070671,159
2020-03-19,0.0061695,0.0081398,0.0132701,-0.0055857,0.0020346,0.0158658,-0.0038495,159
2020-03-20,0.0219859,0.0259056,0.0282525,-0.0039316,0.0013344,0.0140304,0.0182612,159
2020-03-23,-0.0133979,0.0011537,0.0096473,0.0047499,0.0057919,0.0101977,0.0082037,159
2020-03-24,-0.0092152,0.0076868,0.0052447,-0.0063823,-0.0052545,-0.0042629,-0.0146305,159
2020-03-25,-0.0018244,0.0032527,0.0165853,-0.001145,-0.0003087,0.0046846,0.0031673,159
2020-03-26,-0.0054426,0.0012932,0.0055918,-0.0027806,-0.002104,0.0042724,0.0001021,159
2020-03-27,0.0054241,0.0106606,0.0148536,0.0003611,0.0012139,0.0126433,0.0095377,159
2020-03-30,0.007829,0.0304197,0.0249519,-0.0046535,-0.0006181,0.0155819,0.0095105,159
2020-03-31,0.0125706,0.0070192,0.0061505,-0.002435,0.0008505,-0.0015831,-0.0037274,159
2020-04-01,-0.0050662,-0.0119203,-0.0017307,0.0043939,-0.0042934,-0.0092644,-0.0090561,159
2020-04-02,0.0039607,0.0065698,0.0108804,-0.0031748,0.0004591,-0.0092457,-0.0064144,159
2020-04-03,0.0191007,0.0009825,0.0103887,-0.0057339,-0.0032372,0.0003625,0.0058153,159
2020-04-06,-0.0084717,-0.0046418,-0.0039945,-0.0038976,-0.0067116,-0.0185999,-0.0025407,159
2020-04-07,0.0070581,0.0085125,0.0200731,0.0034587,-0.0017093,0.0077071,0.0097424,159
2020-04-08,-0.0190444,-0.0005463,-0.0074881,0.0035616,-0.0001704,-0.0053453,-0.0125042,159
2020-04-09,-0.014469,-0.003898,-0.0200028,0.0068485,0.0092612,-0.0139416,-0.0093227,159
2020-04-10,-0.0135362,-0.0094545,-0.0247905,-0.0017202,-0.0056519,-0.0104997,-0.0077985,159
2020-04-13,0.0028989,0.0096636,0.0060552,9.19e-05,-0.0003047,-0.0077604,0.010728,160
2020-04-14,0.0171676,0.003556,0.018286,-0.0012783,-0.0019849,0.0093726,-0.0151631,160
2020-04-15,-0.0017163,0.0095386,0.0148107,0.0008836,0.0076569,0.0132957,-0.0075934,160
2020-04-16,0.0034814,-0.0117297,-0.0082173,0.0066502,0.0028,-0.0068358,0.0108815,160
2020-04-17,0.0081132,-0.0004119,0.0072991,-0.0022372,-0.0068727,0.0141923,0.0171688,160
2020-04-20,0.0392643,0.0248732,0.0360037,-0.0021142,-0.0029952,0.026329,0.0098246,160
2020-04-21,0.0131888,0.0138325,0.0116561,-0.0033655,-0.0006064,0.0105389,0.0105719,160
2020-04-22,-0.0051765,0.0076463,0.0004797,-0.0024158,0.0001389,0.0059461,-0.0046257,160
2020-04-23,-0.0221851,-0.0086417,-0.0146298,-0.0007326,-0.0034541,-0.0016617,-0.0115327,160
2020-04-24,0.0046516,0.0025104,0.011965,-3.8e-05,-1.01e-05,0.0153177,-0.0045037,160
2020-04-27,0.0193846,0.0072733,0.0302089,-0.0054152,-0.0037533,0.0084134,0.0023792,160
2020-04-28,0.0131044,0.0028226,-0.0037579,0.0014698,-0.0019236,-0.0092535,0.0041423,160
2020-04-29,-0.0106624,-0.0129377,-0.01089,0.0046525,0.000176,-0.0005578,-0.0082415,160
2020-04-30,0.0024623,0.0018466,0.015862,-0.0012539,-0.0025473,0.0198994,0.0083356,160
2020-05-01,-0.0106115,-0.0020446,-0.0103021,0.0046236,0.0020774,-0.0061077,0.0198132,160
2020-05-04,0.005237,4.95e-05,-0.0015507,-0.0029445,-0.0035828,-0.0151737,0.0067711,160
2020-05-05,-3.48e-05,0.0001347,0.0026088,-0.0020355,-0.0003341,-0.0154478,0.0147288,160
2020-05-06,-0.0040301,-0.0060357,-0.0059087,0.0020448,0.0021193,0.0087445,-0.0104815,160
2020-05-07,-0.0001046,0.0011167,-0.0186204,-0.0006226,0.0029644,0.0044291,-0.0208906,160
2020-05-08,0.0002348,-0.0116306,-0.020674,-0.0011245,0.0026828,-0.0208919,0.005032,160
2020-05-11,0.010576,0.0142029,0.0065599,-0.0027917,0.0048206,0.0247523,0.0171348,160
2020-05-12,0.0086628,0.0049547,0.0214077,-0.0057033,-0.0042131,0.0115856,-0.0063649,161
2020-05-13,0.0017663,0.0037716,-0.0017403,0.0013876,0.0003362,0.0016616,-0.010799,161
2020-05-14,-0.0161895,-0.0110759,-0.0121888,0.0004469,-0.0015419,-0.0175971,-0.0018831,161
2020-05-15,-0.0028216,-0.0068386,-0.0121624,0.0040759,-0.0001676,-0.0039178,-0.0065495,161
2020-05-18,-0.0053439,-0.0046167,-0.0050802,-0.0039124,-0.0016595,-0.0058264,0.0090155,161
2020-05-19,0.0068683,0.0131254,0.0163345,0.001384,0.0014885,0.0028576,-0.0020929,161
2020-05-20,-0.0072416,-0.0178994,-0.0129475,0.0029801,0.0004325,-0.0119429,-0.0136379,161
2020-05-21,-0.006342,-0.0051943,0.0027407,0.000104,0.0007624,-0.0150124,-0.0203075,161
2020-05-22,-0.0182105,-0.0159414,-0.0253591,0.0062299,0.0027856,-0.004613,-0.0178505,161
2020-05-25,0.0114429,0.0052349,0.0027374,0.0010937,0.0004762,-0.0099174,0.0167532,161
2020-05-26,-0.0145765,-0.0038708,-0.0166944,-0.0050709,0.0009343,-0.0073745,0.0066402,161
2020-05-27,-0.00671,-0.0057534,-0.0112401,0.0030151,0.0050218,0.0001852,0.0060071,161
2020-05-28,0.0091461,-0.0011253,0.0050465,-0.0008389,-0.0046216,-0.0034296,0.0054649,161
2020-05-29,0.0014752,-0.0021471,0.0054869,-0.0019394,0.0004614,-0.0071821,0.0149158,161
2020-06-01,-0.0031423,0.0047305,-0.0073702,0.0034306,0.003029,-0.0022137,0.0091936,161
2020-06-02,0.0083148,0.005022,0.0042515,-0.0054084,0.0025777,0.0127335,-0.0080393,161
2020-06-03,0.0080421,0.0052545,-0.0049107,0.0025009,0.0008063,-0.0025385,-0.0109021,161
2020-06-04,-0.0083165,-0.0177742,-0.016786,0.0005095,0.0003005,-0.0008364,-0.0007664,161
2020-06-05,0.0176929,0.0086569,0.0028691,-0.0033955,0.002166,-0.0171245,-3.63e-05,161
2020-06-08,0.0050158,-0.0066138,-0.0086206,-0.0027165,-0.0058907,0.005982,0.0003221,161
2020-06-09,-0.0094931,-0.0141225,-0.0132346,0.0018115,0.0003279,-0.018513,0.0120685,161
2020-06-10,0.0041477,0.0122972,0.0110061,-0.0017633,0.0074568,0.000189,0.0017334,162
2020-06-11,0.016015,0.0175531,0.0257103,-0.0011939,0.0024472,0.0105608,0.0047578,162
2020-06-12,0.0063727,-0.0030551,0.0063839,-0.0016021,0.002395,-0.004449,-0.0054406,162
2020-06-15,0.0001706,0.0099486,0.016103,-0.0006689,0.0028525,-0.0031699,0.0100848,162
2020-06-16,-0.0183199,-0.0085166,-0.0049882,0.006279,0.0080958,0.00251,-0.027469,162
2020-06-17,-0.0054444,0.0074464,8.8e-06,-0.0007411,-0.0006587,0.0092492,-0.008811,162
2020-06-18,0.0050183,-0.0018208,-0.0244305,0.0045965,0.0029699,-0.0032807,-0.0070395,162
2020-06-19,0.0169851,-0.0030356,0.0139768,-0.0023331,0.0050619,-0.0029191,0.005467,162
2020-06-22,-0.0205095,-0.0051629,0.0008693,-0.0026268,-0.0006577,-0.0174313,-0.0048003,162
2020-06-23,0.0140217,0.0112033,0.0147444,0.0022384,0.0023657,0.0176363,0.0052194,162
2020-06-24,-0.0130566,-0.0064821,-0.0101533,0.0036926,0.0042463,-0.0037821,0.0003709,162
2020-06-25,0.0005593,-0.0006739,-0.0001659,-0.0023974,-0.0041939,-0.0068814,-0.0114457,162
2020-06-26,-0.019483,-0.0196636,-0.0023538,0.0019502,0.0031016,-0.0147862,-0.010419,162
2020-06-29,0.003438,0.005647,0.0166073,0.0005612,0.0039313,0.01234,-0.0092586,162
2020-06-30,0.0016061,0.0044472,0.0097192,0.0038269,-0.000212,-0.0064706,-0.0099251,162
2020-07-01,-0.0108316,-0.0023909,0.0010785,-0.0039968,-0.0091822,-0.0228258,0.0004406,162
2020-07-02,0.0005838,0.0103641,0.0027258,0.0062342,0.0062792,-0.0072597,0.0012398,162
2020-07-03,-0.0246133,-0.0080728,-0.0223179,0.0017571,0.0085158,-0.0071403,-0.0007313,162
2020-07-06,0.0099601,0.007412,0.0031081,-0.0010232,0.0048072,-0.0017021,-0.0091598,162
2020-07-07,0.0145603,0.0186892,0.0075783,-0.000381,-0.0015852,0.0083915,0.0048229,162
2020-07-08,-0.0050954,0.0039365,-0.0012984,-0.0008363,0.0023877,-0.0001601,0.0004182,162
2020-07-09,-0.0028766,0.0077529,0.0207799,-0.0026489,0.0014044,0.006392,-0.0005381,163
2020-07-10,-0.0023907,0.0127383,0.0014882,-0.0005138,0.0010121,0.0087079,0.0009843,163
2020-07-13,0.0027195,0.0060098,0.0096951,-0.0018677,0.002994,0.0171585,-0.0084226,163
2020-07-14,0.0019498,0.0147902,0.0141212,0.0001884,0.0009205,-0.0077431,-0.0019311,163
2020-07-15,-0.0037027,0.008005,-0.0047197,-0.0007664,0.0012024,-0.0098059,-0.0212029,163
2020-07-16,0.0154508,0.0011561,0.0004167,0.0048918,0.0050375,-0.0068308,-0.0077432,163
2020-07-17,-0.0039328,0.0035448,0.0111892,-0.0005454,0.0036807,0.0009619,0.0188578,163
2020-07-20,-0.0045489,-0.0107941,-0.0146904,-0.0027994,-0.0024344,-0.0003102,0.0004022,163
2020-07-21,-0.0073488,-0.002715,0.0043077,-0.0003128,-0.0026849,-0.0052419,0.0070782,163
2020-07-22,-0.0023015,-0.0025548,0.0024427,0.0001193,-0.002082,0.0102613,0.0078958,163
2020-07-23,0.0072744,0.0159272,0.0085439,-0.0013118,-0.002347,0.0250729,0.0010856,163
2020-07-24,-0.0253704,-0.0055233,-0.0108226,0.0091881,0.0061519,-0.0011471,-0.0085349,163
2020-07-27,0.0080655,0.0077999,0.0124654,-0.0058138,-0.0103619,-0.001338,0.0121115,163
2020-07-28,-0.0222353,-0.010144,-0.0250904,-0.0022252,-0.004528,-0.007782,-0.0059943,163
2020-07-29,0.0132376,0.0100462,0.0035687,-0.0014729,0.001129,0.0121678,-0.0138108,163
2020-07-30,-0.0075948,-0.0071099,-0.0177429,0.0048673,-0.0022957,-0.0245654,-0.0113985,163
2020-07-31,-0.0109853,-0.0090331,-0.0001246,0.0009896,-0.0022645,0.0087091,0.0036075,163
2020-08-03,-0.0143747,-0.0117021,-0.0138012,0.0009048,0.0008545,-0.0061947,0.0031409,163
2020-08-04,0.0246968,0.0228528,0.0312773,-0.0014028,0.0012313,0.0131339,0.0075868,163
2020-08-05,-0.0358287,-0.0154562,-0.0201089,-0.0034616,-0.0032842,-0.0243465,-0.0141077,163
2020-08-06,-0.0081406,-0.0042966,-0.0076747,-0.0029357,-0.0067053,-0.0024483,-0.0069274,163
2020-08-07,-0.0085097,-0.0011305,-0.0092278,0.004619,0.0044327,0.0100032,-0.0131824,164
2020-08-10,0.018612,0.0080023,0.0072235,0.0028574,-0.0021045,0.0063841,0.0161532,164
2020-08-11,-0.0025492,0.008502,0.0075425,2.08e-05,0.0032615,0.0031425,0.0082555,164
2020-08-12,-0.0019827,0.0033113,-0.0124431,-0.0006698,0.0004385,-0.0133109,-0.0258901,164
2020-08-13,0.0168792,-0.0025191,0.0054091,-0.0015848,-0.0038081,0.0025562,0.0037421,164
2020-08-14,-0.0132306,-0.0059377,-0.0120089,0.0047167,0.0013681,0.000642,-0.0072931,164
2020-08-17,-0.0002909,-0.006776,-0.0082684,-0.0045431,-0.0033233,0.0071208,-0.0178401,164
2020-08-18,-0.0030784,0.0085936,0.0099058,-0.0075129,-0.0057761,0.0127401,-0.0044655,164
2020-08-19,0.0028617,0.0044287,0.0067095,-0.0035961,-0.005359,0.0076937,-0.0190055,164
2020-08-20,0.0031797,-0.0001703,0.0119622,-0.0002356,0.0023974,-0.0073917,-0.0023867,164
2020-08-21,-0.0004167,-0.0183632,-0.0063043,-0.0052701,-0.0056722,-0.0168332,-0.0072095,164
2020-08-24,-0.0060118,-0.0025364,-0.0019338,0.0016579,0.000512,-0.0067271,0.0006913,164
2020-08-25,-0.0031644,0.0060931,0.0144808,0.0063648,0.0038408,-0.007519,0.000235,164
2020-08-26,-0.0014897,0.001393,-0.0211521,-0.0004694,-0.0045276,-0.0089935,0.0034099,164
2020-08-27,-0.0044783,-0.00219,-0.0009506,0.0027465,-0.0032076,-0.0004169,-0.0160006,164
2020-08-28,0.0001348,-0.0125905,-0.012503,0.0005903,0.0007597,-0.0036044,-0.0078298,164
2020-08-31,-0.0090714,-0.014745,-0.0064842,-0.0012732,0.0032129,-0.006329,0.00395,164
2020-09-01,-0.0025667,-0.0200201,-0.029928,0.0031443,0.0008925,-0.0100633,-0.0151514,164
2020-09-02,-0.0012479,0.0108865,0.0129017,0.0026515,0.0013262,-0.0029704,-0.0027049,164
2020-09-03,0.0029981,0.0160658,0.0100228,-0.0007238,0.0023878,0.013934,-0.0057712,164
2020-09-04,-0.0009782,-0.0022382,0.0009307,-0.0002908,-0.0064216,-0.0109543,0.0012508,164
2020-09-07,-0.0015737,0.0087342,0.0099745,0.0045643,0.0008057,0.0067283,0.0068319,165
2020-09-08,-0.0010597,-0.0041103,0.0084508,0.0003199,0.000726,-0.0188085,-0.0034274,165
2020-09-09,0.0131528,0.0031479,0.0159851,0.0024367,-0.0003914,0.0019938,-0.0069467,165
2020-09-10,0.0215063,-0.0005434,0.0173677,-0.0058525,-0.0023793,0.0029307,0.0215207,165
2020-09-11,0.0027065,0.0058285,0.0019584,0.002965,-0.0029177,0.0087638,-0.0030182,165
2020-09-14,0.0085853,0.0091007,-0.0134694,0.0060811,0.0039813,0.0006074,0.004993,165
2020-09-15,0.016743,0.0174923,0.0247339,0.0021508,0.0046755,0.0180451,0.006025,165
2020-09-16,-0.0152142,-0.0166696,-0.0247362,0.0033714,-0.0027993,-0.0154605,-0.020104,165
2020-09-17,0.0079155,0.0002123,0.0027657,-0.0019463,0.0087233,0.005664,-0.0045623,165
2020-09-18,0.0269165,0.0147067,0.0371881,-0.0007756,0.0051307,0.0069243,0.0032301,165
2020-09-21,-0.0029908,0.0008902,-0.0131024,-0.0058033,-0.0007373,0.0004902,0.0035825,165
2020-09-22,-0.0151776,-0.0127938,-0.0057696,0.0030676,0.0027929,-0.0125615,-0.0068925,165
2020-09-23,0.0050804,-0.0081942,-0.0041223,0.0020118,-0.0010436,-0.0165115,-0.0107911,165
2020-09-24,-0.0002188,0.006269,0.0162804,0.000661,-0.0050308,-0.0071379,0.0020841,165
2020-09-25,-0.0179426,-0.0148751,-0.0197975,-0.0023465,0.0025943,-0.0019658,-0.0133167,165
2020-09-28,-0.0068788,-0.0014618,-0.0111014,0.0011513,0.001122,0.004784,0.0075507,165
2020-09-29,0.0118189,0.0124319,0.0127584,0.0008566,0.0037028,0.0220434,0.0231397,165
2020-09-30,-0.0009154,0.0090358,0.0004955,0.0040349,0.0016358,0.0055214,0.0031303,165
2020-10-01,0.0003042,-0.0025029,0.0017701,-0.0012372,-0.0076259,-0.011501,-0.0012299,165
2020-10-02,0.0081239,0.0099656,0.0158701,0.0002088,-0.0005912,0.0100405,-0.0013608,165
2020-10-05,0.0055121,0.008238,0.0002458,5.23e-05,0.0057288,0.0013015,-0.0053838,165
2020-10-06,-0.0057838,-0.0081057,0.0007695,0.0012818,-0.0018581,-0.0206381,0.0012856,166
2020-10-07,0.0007123,0.0047265,-0.0091039,-0.0010874,0.0017812,-0.019092,0.0024084,166
2020-10-08,-0.0079861,-0.0038453,-0.011808,0.0013607,0.0024365,-0.0002337,-0.0122232,166
2020-10-09,-0.0043962,0.003586,0.0090453,0.0007952,0.0001817,0.0071086,0.0077963,166
2020-10-12,0.0093072,0.0087588,0.0157102,0.0003285,0.0039218,0.0012771,-0.0031531,166
2020-10-13,0.0138759,0.017528,0.0248257,-0.0076005,-0.0015365,0.0216541,0.0101718,166
2020-10-14,-0.0006663,-0.0028193,-0.0062758,0.0041704,0.000247,-0.0073873,-0.0164274,166
2020-10-15,-0.0078984,-0.0124592,-0.0117258,-0.0033965,-0.0040473,-0.0017839,-0.017073,166
2020-10-16,0.0131473,0.0210622,0.0185449,0.0010492,0.0070428,0.0124593,0.0006242,166
2020-10-19,-0.0250661,-0.0019309,-0.0051533,-0.0046395,-0.0022619,0.0044393,-0.0093706,166
2020-10-20,0.0109561,0.0162441,0.0037292,0.0024118,0.0010749,0.0159599,-0.0043119,166
2020-10-21,-0.0171976,-0.0011391,-0.0149448,-0.0009947,0.0044755,0.0045666,0.0042142,166
2020-10-22,0.0198277,0.0049258,0.0096268,-0.0028046,-0.002807,0.0115722,0.0183426,166
2020-10-23,-0.0058948,-0.0112193,-0.0051992,0.005723,0.0022464,-0.0050364,-0.0129297,166
2020-10-26,0.0110856,0.0094309,0.0238672,-0.001747,0.0031702,0.0173497,-0.010607,166
2020-10-27,-0.0128481,-0.0006307,-0.002606,0.0015282,0.0052482,0.0027156,0.0023543,166
2020-10-28,0.0027434,0.0055179,-0.0182635,0.0056253,0.0041427,0.0157829,-0.0115241,166
2020-10-29,0.003536,0.0072836,0.0025114,-0.0018754,-0.0032384,-0.0043977,-0.0050551,166
2020-10-30,0.0026252,0.0119824,0.0079224,-0.0019447,-0.002078,0.0039268,-0.005776,166
2020-11-02,0.0045964,0.0040069,0.0112636,-0.0010407,0.0022315,-0.0055154,0.000661,166
2020-11-03,-0.0307566,-0.0161874,-0.0363036,0.0021725,0.0053893,-0.0027394,-0.0252504,166
2020-11-04,0.0197126,0.0090992,0.0109789,-0.0048527,-0.0029682,0.0251539,0.0048633,167
2020-11-05,0.0173173,0.0161752,0.0133622,-0.0018357,0.0032527,0.0106283,0.0087278,167
2020-11-06,-0.0158372,-0.0215259,-0.0227579,0.0030564,0.0064053,-0.0347492,0.0030235,167
2020-11-09,0.002535,0.0085584,0.0113401,-0.0023291,-0.0010559,-0.0068901,0.0014171,167
2020-11-10,-0.0054255,0.0030341,-0.0026087,-2.03e-05,0.0052243,0.0023476,-0.0121998,167
2020-11-11,0.0129238,0.0177566,0.0067471,-0.0007563,0.0022273,0.0063786,0.0003269,167
2020-11-12,0.012187,-0.0002409,0.003895,0.0005336,-0.0001416,0.0187567,0.0103492,167
2020-11-13,0.0092679,0.0014929,0.0037206,-0.0011346,0.0050534,0.0003817,0.0022701,167
2020-11-16,-0.0013382,0.0023413,0.0056164,-0.0023308,0.0026869,-0.0002828,0.0106208,167
2020-11-17,0.0032344,0.0041389,0.0141709,-0.0039722,-0.0026237,-0.0223866,-0.0013699,167
2020-11-18,0.003199,0.0029538,-0.0007954,0.0023263,-0.0015721,-0.0095882,-0.0175487,167
2020-11-19,-0.0026544,-0.0083985,-0.0217953,0.0033488,0.0019957,-0.0103642,-0.010662,167
2020-11-20,-0.0125365,-0.0107232,-0.0156997,0.0044992,0.0044238,-0.0068141,-0.0063052,167
2020-11-23,0.0089625,-0.0073149,0.0070862,0.0012468,0.0031385,0.0069989,-0.0010328,167
2020-11-24,0.0289314,-0.00277,0.0055156,-0.001302,-0.0014287,0.0041853,-0.0153308,167
2020-11-25,-0.0001365,-0.0030679,0.0021145,-0.0023861,-0.0043336,-0.0016237,-0.0014375,167
2020-11-26,0.0125816,0.0177871,0.0200908,-0.0004986,0.0015174,0.0066341,0.0089639,167
2020-11-27,0.0054928,0.0032703,0.0194327,0.0038319,0.0001184,-0.0097479,-0.0026804,167
2020-11-30,-0.0152766,-0.012141,-0.0214112,0.0001132,-0.0006901,-0.0111765,-0.0249685,167
2020-12-01,0.0055066,0.0009322,-0.0049243,0.0012291,-0.000187,-0.0105164,0.0152771,167
2020-12-02,0.0134312,0.0147805,0.0087113,0.0014497,0.0073382,0.0239847,-0.0010929,167
2020-12-03,0.0102029,-0.0029988,-0.0026428,-0.0026448,0.0032335,0.0039091,-0.0053711,168
2020-12-04,0.0069281,0.0052386,0.0217117,0.0022962,0.0030702,0.0019496,0.003108,168
2020-12-07,-0.0051686,0.0022832,-0.01505,0.0015737,0.0027659,0.0154641,-0.0094474,168
2020-12-08,0.0031504,-0.0115875,-0.0161955,-0.0017681,-0.0002917,-0.0079802,0.009506,168
2020-12-09,-0.0036214,-0.003169,-0.0163906,-0.000677,-0.0018435,0.0006571,0.0009724,168
2020-12-10,0.0219461,0.0110699,0.0114982,0.0003899,0.001249,0.0154431,0.0064197,168
2020-12-11,0.0040176,0.0180481,0.024267,-0.0034028,-0.0056841,0.0110529,0.0066504,168
2020-12-14,-0.0088886,-0.0084001,-0.0053716,-0.0019279,-0.0027306,-0.0078581,-0.0016402,168
2020-12-15,0.0063502,0.0017737,-0.0004105,0.0007028,-0.0030147,0.0089527,0.0102826,168
2020-12-16,0.0034214,-0.0057116,-0.0128208,-0.0014767,-0.00355,-0.001662,0.0133248,168
2020-12-17,-0.0232316,-0.0056181,-0.0082354,0.0011517,-0.005234,0.0107999,-0.002282,168
2020-12-18,-0.0047128,0.0053442,0.0003297,-0.0017294,-0.0083636,-0.0127576,-0.0014464,168
2020-12-21,-0.0013808,0.0091314,0.0090264,0.0016641,-0.0011027,-0.0060452,0.0105003,168
2020-12-22,0.003806,-0.0010116,0.0155646,-0.0043344,-0.005633,-5.06e-05,-0.0050075,168
2020-12-23,-0.0171432,-0.0109092,-0.0087075,-0.0007797,-0.0040745,-0.0028812,0.0067938,168
2020-12-24,-0.0087251,0.0021347,0.0092395,0.0058619,0.0056132,-0.0010032,-0.0018384,168
2020-12-25,-0.0197603,-0.0034236,-0.0156968,0.0011765,-0.0014122,-0.012373,-0.0145576,168
2020-12-28,-0.0116738,-0.0091587,-0.02316,-0.0020145,-0.0041112,0.0018776,-0.014341,168
2020-12-29,-0.0147987,-0.0120091,-0.0124472,0.0030419,0.0057746,-0.0242533,0.0125333,168
2020-12-30,0.0094903,0.0070408,0.0094124,0.0023887,0.0029299,0.0190584,0.0276543,168
2020-12-31,-0.0121762,-0.0065605,-0.0106039,0.0015128,0.0033516,-0.0229989,0.0073369,168
2021-01-01,0.015997,0.0213394,0.026782,0.0050031,0.0059235,0.0240007,0.0108063,169
2021-01-04,-0.0059176,-0.0027393,0.0123562,-0.0018662,0.0016483,-0.0027322,0.0089828,169
2021-01-05,-0.0078906,0.0035004,-0.0034361,0.0013862,0.009365,0.0026288,-0.0055549,169
2021-01-06,0.0040569,-0.0040827,0.0008456,6.99e-05,0.0006138,0.002902,-0.012668,169
2021-01-07,0.0128308,0.0051547,0.0158919,0.0006939,-0.007773,0.0049851,-0.0136623,169
2021-01-08,-0.0050607,-0.0098796,-0.0131721,0.0004135,0.0054755,-0.0157767,-0.0132578,169
2021-01-11,-0.013576,0.0019721,0.0044076,0.0020715,0.0037494,-0.0067812,-0.0126366,169
2021-01-12,0.0062465,0.0043189,0.0088015,0.0008997,-7.86e-05,-0.0031512,-0.0025094,169
2021-01-13,0.0103706,-0.0017819,0.0010901,-0.0009198,0.0008504,-0.0102822,-0.0020797,169
2021-01-14,-0.0022291,-0.0092688,-0.0237558,0.0024009,0.0094755,0.0005354,-0.0135023,169
2021-01-15,-0.0258931,-0.0146817,-0.0213443,-0.0023925,-0.0044513,-0.0180151,-0.0033664,169
2021-01-18,0.0231885,0.0152427,0.0283505,0.001075,-0.0001583,0.0033572,-0.0003868,169
2021-01-19,-0.0096532,0.0087052,0.001674,-0.0004093,-0.0036955,0.0053985,0.0113603,169
2021-01-20,0.0046232,0.0059678,0.0065164,0.0005845,-0.0005623,0.0095986,-0.010362,169
2021-01-21,-0.003613,-0.0048316,0.0079426,-0.001009,0.00029,0.0094836,-0.0072632,169
2021-01-22,0.0101907,-0.0027664,0.0050039,0.0016809,0.0003036,-0.0002948,-0.0069961,169
2021-01-25,0.0095071,0.007922,0.0139282,0.0029204,0.0062154,0.0163414,-0.0014416,169
2021-01-26,0.0035191,0.0013595,0.0088457,0.0012584,0.0035941,-0.0082739,0.0240052,169
2021-01-27,-0.0121656,-0.0059648,-0.0107587,0.0053345,0.0029533,-0.0125306,-0.0129219,169
2021-01-28,0.004873,0.0018746,0.0096569,-0.000903,-0.0029846,-0.014977,0.0084462,169
2021-01-29,-0.0022726,-0.0023229,0.0110843,-0.0008287,-0.0050679,-0.0051589,-0.0003633,169
2021-02-01,0.0056796,0.0077396,0.0155392,0.0016376,-0.0035741,-0.0148026,0.006096,170
2021-02-02,0.0087238,0.003273,0.0041022,-0.0016489,-0.0026152,-0.0139533,0.0081459,170
2021-02-03,-0.0130346,0.0048219,-0.0103248,-0.0015541,0.0037077,-0.0036629,0.0084664,170
2021-02-04,0.0004322,-0.0038902,-0.0113675,-7.85e-05,0.0023693,0.0133686,0.0091116,170
2021-02-05,0.0051972,0.0045873,-0.0124263,0.0006054,-0.0024009,-0.0025673,-0.0023254,170
2021-02-08,0.0129969,0.004201,0.0208118,-0.0053975,-0.0021448,-0.0029292,0.0046809,170
2021-02-09,-0.0183093,0.0044952,0.0016409,-0.0050743,0.0006005,-0.0008012,0.0018838,170
2021-02-10,-0.0326728,-0.0074049,-0.0123271,-0.0006789,-0.0026303,-0.0055559,-0.0100219,170
2021-02-11,-0.0001613,-0.001317,-0.0112257,0.001943,9.7e-06,0.0065592,-0.0120623,170
2021-02-12,-0.0096792,-0.0018446,-0.007151,-0.0010254,-0.0027962,-0.0138325,-0.0038853,170
2021-02-15,-0.0070964,0.0052966,0.0016127,-0.0029065,-0.0012606,-0.0135528,-0.0033631,170
2021-02-16,-0.0116261,-0.0017176,0.0004285,0.0004849,-0.0019515,-0.0016176,0.0054731,170
2021-02-17,0.0203365,0.0092873,0.0063553,-0.0009721,0.0041108,0.0064451,-0.0062415,170
2021-02-18,-0.0067316,-0.0104034,-0.0135221,0.0028214,0.0012911,-0.0021622,-0.0009201,170
2021-02-19,-0.0354778,-0.0132255,-0.0326428,-0.0053105,-0.0039687,-0.0231934,-0.0120703,170
2021-02-22,0.0027706,-0.0082428,-0.0136968,-0.0015405,-0.0009968,0.0096442,-0.0021334,170
2021-02-23,0.0159225,0.0034662,0.003355,0.0008406,-0.0023586,0.0131092,-0.0042742,170
2021-02-24,-0.0210744,-0.003545,-0.0131972,0.0013926,0.0002933,0.006054,-0.0003794,170
2021-02-25,0.005675,-0.0133826,-0.0119406,-0.0051408,-0.0061053,-0.008721,0.0130055,170
2021-02-26,0.0061148,0.0118547,0.0013266,-0.0042838,-0.0019582,-0.0019312,-0.004579,170
2021-03-01,0.0018399,0.0087168,0.0088372,0.0016304,0.0027658,0.0186438,-0.0006848,170
2021-03-02,-0.0153114,-0.005907,-0.0089907,0.0019072,0.0033677,-0.0059122,-0.0080614,171
2021-03-03,0.0033132,0.0138634,0.0167653,0.0017183,0.0034744,0.0140334,0.0003101,171
2021-03-04,-0.005877,-0.002915,-0.0028714,0.0022328,0.0001029,-0.0040061,0.006364,171
2021-03-05,-0.0015704,0.0006494,0.0124582,-0.0024142,-0.0015577,-0.0034019,-0.0127897,171
2021-03-08,0.0019775,0.0124027,0.0134621,0.0030801,0.0079085,0.0190044,-0.0199012,171
2021-03-09,0.0036973,0.0160668,0.0142306,-0.0068176,-0.0047918,-0.003813,0.0226538,171
2021-03-10,0.0084514,-0.0054085,-0.0099117,0.0024537,0.0060054,-0.0060088,-0.0048715,171
2021-03-11,0.0031147,0.0198148,0.0223718,-0.002906,0.000452,0.0202637,0.020873,171
2021-03-12,0.0065251,0.0126815,0.0152104,-0.0026714,-0.0003832,0.0046198,0.0042762,171
2021-03-15,-0.0042694,-0.0198955,0.0028534,-0.0003834,-0.006289,-0.0017336,-0.0050201,171
2021-03-16,0.0070233,0.0006805,-0.0060525,0.0014861,0.0020126,0.008191,0.0073214,171
2021-03-17,0.0126808,0.0119879,0.0098415,0.0013199,0.0069188,0.01624,-0.0024941,171
2021-03-18,-0.002127,0.0067908,0.0039771,-0.0049739,-0.0021232,-0.0058917,-0.0058657,171
2021-03-19,-0.0237851,-0.0190598,-0.0248893,-0.0010819,0.0001106,-0.0266862,-0.0037506,171
2021-03-22,-0.0016927,0.0025251,0.015996,-0.0017001,-0.005759,-0.0031246,-0.0012733,171
2021-03-23,-0.0014411,0.0121254,0.0093233,0.0005693,-0.0007649,0.0092926,0.0039318,171
2021-03-24,-0.0013289,0.0045429,-0.0039688,-0.0001988,0.0004605,-0.016415,-0.0051599,171
2021-03-25,0.023134,0.0209754,0.0223886,-0.0009124,-0.0023989,0.0197675,0.0067952,171
2021-03-26,0.0071012,-0.0057794,0.0022498,0.0045606,0.0005082,0.0033427,-0.0012382,171
2021-03-29,-0.0262879,-0.0203281,-0.037397,-0.0086233,-0.0047634,-0.0107113,-0.0148779,171
2021-03-30,0.0142737,0.0065293,0.0158035,-0.0033888,-0.0001036,0.0076973,0.0140711,171
2021-03-31,-0.0209223,-0.0014768,0.0010955,0.0071056,0.0052072,0.0059236,0.0035628,172
2021-04-01,-0.00691,-0.0030734,-0.003483,0.0026295,8.18e-05,0.0016686,-0.0021792,172
2021-04-02,0.0110634,0.0144279,0.0072075,0.0026714,0.0027277,0.0154243,-0.0045387,172
2021-04-05,-0.0073734,-0.0138495,-0.0078595,0.0042231,0.0022066,-0.007773,0.0120974,172
2021-04-06,-0.001047,-0.0057232,-0.0061662,-0.003097,0.0019836,-0.0062049,-0.021461,172
2021-04-07,-0.0139824,0.01036,0.0097657,-0.0026931,0.0036782,-0.0104335,0.0116067,172
2021-04-08,-0.0085365,-0.011685,-0.0225444,-0.0005617,0.0001165,-0.0049905,-4.26e-05,172
2021-04-09,0.0035496,0.01148,0.0019183,0.0025841,-0.0006798,0.0128268,-0.0200336,172
2021-04-12,0.0030398,0.0041939,0.0064525,-0.0065667,-0.0003209,-0.0016147,0.0057688,172
2021-04-13,0.001551,-0.0067226,0.0035002,0.0068944,0.0015896,-0.0023935,0.0031539,172
2021-04-14,0.0156933,0.005321,0.0112115,-0.0014046,0.0050222,-0.0048501,-0.0021948,172
2021-04-15,-0.0293461,-0.0190578,-0.0266093,-0.004226,-0.0039215,-0.0123967,-0.0024339,172
2021-04-16,0.002816,-0.0013436,0.0023394,0.0049248,0.0006451,0.0061625,-0.0116176,172
2021-04-19,0.0224339,0.0173072,0.0155118,-0.000646,0.0004645,-0.0006052,0.0093909,172
2021-04-20,0.0050845,0.003117,0.0061069,-3.41e-05,0.0039622,0.0078827,0.0011059,172
2021-04-21,0.0178772,0.0366728,0.0319107,-0.0057362,-0.0049086,0.0221444,0.0143673,172
2021-04-22,0.009708,0.0104052,0.0106123,-0.0026564,0.0028568,0.0133923,-0.0010614,172
2021-04-23,0.0148338,0.0158067,0.0129553,-0.0017755,-0.0026074,0.0303451,0.006659,172
2021-04-26,0.0011021,-0.0057497,-0.0084764,-0.0011442,0.0024386,-0.0077377,0.000147,172
2021-04-27,-0.0094093,-0.0032953,-0.0027332,0.003247,-0.0031121,-0.0102035,0.0002691,172
2021-04-28,-0.0167572,-0.0036961,-0.0140492,0.0053075,0.0003602,-0.0077039,-0.0200925,172
2021-04-29,-0.0221247,-0.0108387,-0.0170253,0.0039114,-0.0059239,-0.0016162,-0.0010837,173
2021-04-30,-0.0162597,-0.0052098,-0.0061614,-0.0031048,-0.0038866,-0.0272167,0.0050388,173
2021-05-03,-0.0116335,0.0045119,0.0047314,-0.0072017,-0.0089039,0.0020365,0.0060997,173
2021-05-04,0.0038016,0.0117888,0.0107723,0.0034215,0.0051281,0.0135259,-0.0050256,173
2021-05-05,-0.0055484,-0.0083788,-0.0109418,0.0035663,0.0017319,0.0008886,0.0019745,173
2021-05-06,0.0055953,-8.64e-05,-0.003504,-0.0009802,-0.0005116,0.0042034,-0.0135174,173
2021-05-07,-0.023625,-0.0157755,-0.0181768,0.0012835,0.0032285,-0.0249464,-0.0047228,173
2021-05-10,0.0066721,-0.0002597,0.006716,0.0019759,-0.0042903,0.004693,0.0019992,173
2021-05-11,-0.0141351,-0.0046686,-0.0088165,-0.0018512,-0.0021568,-0.0152887,-0.0195548,173
2021-05-12,-0.0074032,0.0031784,0.0012481,0.0068363,0.0026025,0.0258146,0.0036299,173
2021-05-13,-0.0229897,-0.0171618,-0.0225338,0.0036687,-0.0008229,-0.0106459,-0.017337,173
2021-05-14,0.0166918,0.0089497,0.0117044,-0.0062246,-0.0068598,-0.0148444,-0.0093485,173
2021-05-17,0.0058157,0.0072107,0.0092876,0.0006888,-0.0032943,0.01027,-0.0086161,173
2021-05-18,0.0084555,0.0005012,0.0042491,0.0021483,-0.0006182,0.0043403,0.0077386,173
2021-05-19,0.0125426,0.0080242,0.0213115,0.0011959,0.0035927,0.0087395,0.0005775,173
2021-05-20,0.0165088,0.0119595,0.0114788,-0.0044113,-0.0004832,0.0112646,0.0126611,173
2021-05-21,0.003063,0.0004997,-0.0095948,0.0002848,0.0044569,-0.0035921,0.0053362,173
2021-05-24,-0.0099594,-0.0095491,-0.0016642,-0.0006284,0.0040637,-0.0099717,-0.0080552,173
2021-05-25,-0.00699,0.0034645,0.0026483,0.0011985,-0.0010204,-0.0029225,-0.0038148,173
2021-05-26,0.0004597,-0.0047634,-0.0086743,-0.0042035,-0.003635,-0.0090338,0.0024808,173
2021-05-27,-0.0037441,-0.009252,-0.0046186,-0.0015381,-0.0067774,-0.019768,-0.0149638,173
2021-05-28,-0.0127789,-0.010029,-0.0204892,0.0021767,0.0034571,-0.014631,-0.0095722,174
2021-05-31,-0.0007136,-0.0069003,-0.0082594,0.0012282,-0.0005869,-0.0157273,-0.0115665,174
2021-06-01,-0.0120612,-0.0116225,-0.0224887,0.0050309,0.0035202,-0.0022467,-0.0035659,174
2021-06-02,0.0258711,0.007819,0.0093073,-0.0007851,0.0004013,0.0172947,0.0024614,174
2021-06-03,0.0174885,-0.0015323,-0.0086033,0.001007,0.0029237,-0.0009037,0.0031549,174
2021-06-04,0.0145474,0.0114286,0.0095542,-0.0059976,-0.0023912,0.0086871,0.0082358,174
2021-06-07,-0.0001503,0.0023734,-0.0040995,5.06e-05,-0.0008895,0.0053181,0.0103924,174
2021-06-08,-0.0160473,-0.008592,-0.0286298,-0.0032779,-0.0019047,-0.0044007,-0.0035719,174
2021-06-09,0.009486,0.0055933,0.0139458,-0.0004578,0.0054298,-0.0022106,0.0192097,174
2021-06-10,-0.012051,-0.017351,-0.0069454,9.56e-05,0.0049243,-0.0057947,-0.0053135,174
2021-06-11,-0.0095714,-0.0086232,-0.005436,0.0015576,0.0025929,-0.0071996,-0.0200337,174
2021-06-14,0.0119559,0.0084405,0.0145626,-0.0047702,-0.0029647,0.0165592,-0.0140379,174
2021-06-15,-0.0029857,-0.0007445,-0.0089834,0.0011892,0.0015457,0.0131657,-0.0047202,174
2021-06-16,-0.0062226,0.0096755,-0.0094078,-0.0043675,-0.0068851,-0.0074245,0.0011032,174
2021-06-17,-0.0021959,0.0057391,0.0050156,-0.0026196,-4.49e-05,0.0023901,-0.0039038,174
2021-06-18,-0.0324939,-0.0090586,-0.0216251,-0.0027248,-0.0025959,0.0170412,-0.0029583,174
2021-06-21,0.0118576,-0.0035817,0.0014436,-7.53e-05,0.0006692,-0.0222984,0.0015178,174
2021-06-22,0.0038134,0.0084155,0.0141176,0.000848,0.0021085,0.0072279,0.0145748,174
2021-06-23,0.0196409,0.0177355,0.0103499,0.0014812,0.0076799,0.0176247,0.0162645,174
2021-06-24,0.007152,0.0073405,0.0118662,0.0002333,-0.0079429,0.0148357,0.0036306,174
2021-06-25,0.0019365,-0.0069364,-0.0145108,0.0052746,0.0034649,0.008336,-0.0037044,174
2021-06-28,0.0030312,0.006084,0.007041,-0.0019276,-0.0006626,-0.0152637,0.0145846,175
2021-06-29,-0.0012692,-0.0067776,0.0036214,0.0014454,0.0043296,0.0054992,-0.0018547,175
2021-06-30,-0.0001831,0.002959,0.0033187,-0.0058245,-0.003631,-0.0012313,0.0130217,175
2021-07-01,0.0065157,-0.0100836,-0.0045332,-0.0076165,-0.002958,-0.0174484,-0.020535,175
2021-07-02,0.0052592,0.0162782,0.0023514,-0.0040403,-0.0002229,0.005895,0.0077782,175
2021-07-05,0.0090123,-0.0079511,0.0009151,-0.003464,0.0024993,-0.0004433,0.0012377,175
2021-07-06,0.001833,-0.0032305,0.0051679,-0.0046952,-0.0101756,-0.0279554,-0.0004606,175
2021-07-07,-0.0109898,-0.0071613,0.0075553,0.0003865,-0.0004716,0.0140891,0.0026839,175
2021-07-08,0.0009929,-0.0041869,-0.0020527,0.0033579,0.0011132,0.0111848,0.0032908,175
2021-07-09,-0.0016156,0.0029361,0.0042478,0.0054513,0.0028623,0.0133279,0.001574,175
2021-07-12,0.0021048,-0.0047219,-0.0086427,0.0056942,-0.0011034,-0.0014556,-0.0118881,175
2021-07-13,0.0135877,0.009999,0.0039517,-0.0056848,-0.0054365,-0.0008566,0.0051767,175
2021-07-14,-0.0049028,-0.0126149,0.0055688,-0.0006075,-0.0026605,-0.0238176,0.0007081,175
2021-07-15,0.0199693,0.0099384,0.0165671,-0.0001021,0.0110894,-7.19e-05,0.0078425,175
2021-07-16,0.0192211,0.0072063,0.0140479,0.002462,0.0022056,0.0067266,0.0192871,175
2021-07-19,0.0054501,0.0066919,0.0047848,6.69e-05,-0.0017597,0.000275,0.012061,175
2021-07-20,-0.0098773,-0.0032949,-0.0031743,0.0014841,-0.0002988,-0.0031723,0.0003908,175
2021-07-21,-0.0124023,-0.0075306,-0.0061018,0.0033964,-0.0002861,-0.0010254,-0.0050463,175
2021-07-22,0.012262,-0.0002932,-0.0134274,-0.0058295,-0.0041446,-0.003521,0.0094461,175
2021-07-23,0.027526,0.021321,0.0193021,-5.64e-05,-0.0007848,0.027511,0.0163044,175
2021-07-26,0.0045316,0.0172761,0.0090544,-0.0027192,0.0038941,0.0083017,0.0035308,175
2021-07-27,0.0014794,-0.01317,-0.0242036,0.0059008,0.0016761,-0.0058427,-0.0036242,176
2021-07-28,-0.0046969,-0.0004846,-0.0168128,-0.0008906,-0.0021588,0.0003786,-0.0020773,176
2021-07-29,-0.0122504,-0.0009235,-0.0061287,0.0008661,0.0043664,-0.0066102,0.0048353,176
2021-07-30,-0.0011112,0.0047836,-0.0115697,-0.0027327,-0.0074331,0.0066168,-0.0020031,176
2021-08-02,-0.0058504,0.0071338,0.0004173,0.0024985,-0.0005873,0.0095457,-0.0004106,176
2021-08-03,0.0288024,0.0092971,0.0218347,-0.0062942,-0.0064017,0.0070724,0.0163644,176
2021-08-04,0.0069928,0.0103822,0.0185063,-0.0022679,-0.0029497,0.0083645,0.0116011,176
2021-08-05,0.0030286,0.005418,0.0068273,0.0018503,-0.0004212,0.0212212,0.0055874,176
2021-08-06,0.0074402,0.0064019,0.0036762,0.0005007,0.000217,0.0006002,0.0099021,176
2021-08-09,-0.0110037,-0.0150277,-0.0285523,0.0004137,0.0020182,-0.0196608,-0.0166727,176
2021-08-10,0.0018885,-0.0043858,-0.0110763,0.0023601,0.003379,-0.0083945,-0.0049189,176
2021-08-11,-0.0068878,-0.0057347,-0.0155336,0.0012473,0.0005502,0.0013413,-0.0034073,176
2021-08-12,0.0105124,-0.0012531,0.0046129,-0.001643,-0.0044266,0.011347,-0.0033522,176
2021-08-13,-0.00525,-0.0046764,0.00666,-5.2e-05,0.00142,-0.0005001,0.0042549,176
2021-08-16,0.0170572,0.0147547,0.015055,-0.0025478,-0.000266,0.003352,0.0170816,176
2021-08-17,-0.0098636,-0.0180646,-0.0134988,0.0040008,-0.0043357,-0.004656,0.0053508,176
2021-08-18,0.0065817,0.0030082,0.009892,0.0023355,-0.0004925,0.0196383,0.0130419,176
2021-08-19,-0.0243101,0.0006057,-0.0202823,0.0031013,0.0020748,-0.0073124,-0.0170092,176
2021-08-20,-0.0005292,-0.0075784,-0.0082329,0.003313,0.0014619,0.0033228,-0.0043104,176
2021-08-23,0.0153151,0.01863,0.0264643,0.0011518,0.0011833,-0.0006178,0.0018157,176
2021-08-24,0.0115012,-0.0077866,-0.009322,-0.0018353,-0.0012243,0.0077247,-0.0016035,176
2021-08-25,-0.0017884,-0.0127432,-0.0140642,-0.0073533,-0.0014489,-0.0029833,-0.0300889,177
2021-08-26,0.0079696,0.0008986,0.0083386,-0.0017568,-0.0057072,0.0164191,0.0017169,177
2021-08-27,-2.55e-05,-0.0116325,-0.0155529,-0.0014491,-0.0009068,-0.0021867,0.0077215,177
2021-08-30,0.0038645,-0.0091309,-0.0021354,-0.0003567,0.0003062,-0.0090309,-0.0066138,177
2021-08-31,-0.0013064,0.0029394,-0.0093423,-0.0056343,-0.001178,-0.0103566,-0.0126197,177
2021-09-01,-0.0143729,-0.0095083,0.0040721,-0.0032849,-0.0033724,-0.007196,0.0031201,177
2021-09-02,0.0187146,0.0149765,0.0252043,0.0004665,0.0043581,0.013085,0.0014679,177
2021-09-03,0.0196388,0.0122028,0.0260296,-0.0011763,-0.0030745,0.0186747,0.0077761,177
2021-09-06,-0.0211629,-0.0193202,-0.0219509,-0.00402,-0.0086442,-0.0264999,-0.0091629,177
2021-09-07,-0.0056972,0.0033831,0.017342,-0.0008155,-0.0013546,-0.0010174,-0.0038535,177
2021-09-08,0.0008893,-0.0080145,-0.0083269,0.0004031,-0.0019269,-0.0092616,0.0002177,177
2021-09-09,-0.0180902,-0.0086424,-0.0103535,0.0031257,-0.0012361,-0.0061869,0.0073574,177
2021-09-10,0.0013791,-0.0022816,-0.0021588,0.0020633,0.0039121,-0.0022875,-0.0030921,177
2021-09-13,0.0131526,0.0100647,0.0164137,0.0025429,0.0035533,0.0267631,0.0061223,177
2021-09-14,0.0025662,0.0042751,0.005671,0.0002855,0.0054242,0.0048003,0.0110779,177
2021-09-15,0.0034074,0.0153454,0.0084435,0.0042603,0.0032395,0.0057444,0.0007706,177
2021-09-16,0.0073475,0.0052315,0.009136,0.0022628,0.0007728,0.0100945,0.0104188,177
2021-09-17,0.0248661,0.0143727,0.0178243,-0.002755,-0.0001949,0.0224622,0.0186379,177
2021-09-20,0.0098344,0.0176539,0.0229611,-0.0006855,0.0009257,0.0248322,0.0169429,177
2021-09-21,0.013239,0.0087335,0.0205384,0.0061022,0.0059918,0.0077127,-0.013622,177
2021-09-22,0.0025048,0.0164622,0.0220251,0.003843,-0.0017628,0.0049964,0.0016024,177
2021-09-23,-0.002892,0.0042426,0.0137488,-0.0003404,0.0065731,0.0033444,0.020492,178
2021-09-24,-0.0022635,-6.64e-05,-0.0034929,0.001823,0.0011927,-0.0107523,-0.0236632,178
2021-09-27,-0.0060318,-0.0040929,-0.0027008,0.0021062,0.002156,-0.0022099,-0.01657,178
2021-09-28,0.0071246,0.0163786,0.0088882,0.0011899,0.0050342,0.0070342,0.0028314,178
2021-09-29,-0.0170587,-0.0120007,-0.011966,-0.0001825,-0.0062843,-0.0075502,-0.0028341,178
2021-09-30,-0.0072061,0.0042569,-0.0096833,-8.1e-05,-0.0015128,-0.002916,-0.0079143,178
2021-10-01,-0.0161318,-0.0162585,-0.0079383,0.0013164,-0.0003221,-0.0232425,-0.0076375,178
2021-10-04,0.0055045,0.0006929,0.0062747,-0.0030806,-0.0022034,-0.0111413,-0.0072365,178
2021-10-05,-0.0034993,0.0004464,0.0061552,0.0008902,0.0035784,-0.0078412,0.0053151,178
2021-10-06,-0.0056354,-0.0066638,0.0001549,-0.0053654,-0.0037766,-0.0045591,-0.0131925,178
2021-10-07,-0.008681,-0.0227035,-0.026899,0.0032246,-0.0012964,-0.0090959,0.0048239,178
2021-10-08,0.0105864,0.019241,0.0291377,-0.000674,-0.0060036,0.0024596,0.006794,178
2021-10-11,-0.0005946,0.0071262,0.0123132,0.0030015,0.0009267,-0.0134587,-0.0069497,178
2021-10-12,0.0080935,0.0054499,0.0167106,0.0037128,-0.001713,0.0107292,-0.0160938,178
2021-10-13,0.0116805,0.0068952,0.0040762,0.0006622,0.0013891,-0.0113727,0.0136533,178
2021-10-14,0.00376,0.0002248,0.0011592,-0.0019653,-0.0003106,-0.0147388,-0.0101912,178
2021-10-15,-0.008334,-0.0074718,0.0001465,0.0031836,-0.0022852,-0.0122362,-0.0049058,178
2021-10-18,-0.0056465,-0.0075918,-0.0114083,0.0004557,0.0038982,-0.0053277,0.0031582,178
2021-10-19,0.007605,0.0021854,0.0011131,0.001222,-0.0013111,-0.0069424,0.0178643,178
2021-10-20,0.0010594,-0.002943,0.0022278,0.0053767,0.0040723,0.0079852,0.004104,178
2021-10-21,0.0047812,-0.0111947,-0.0072766,0.0041454,-0.0020287,-0.0099221,-0.0007932,178
2021-10-22,-0.0012123,-0.0021887,-0.0121478,-0.0007322,-0.000423,-0.0088944,0.0032106,179
2021-10-25,-0.0138852,-0.0093796,-0.0091499,-0.000881,0.0023788,-0.0063737,-0.0073994,179
2021-10-26,0.0094829,0.006385,0.0112119,-0.0078038,-0.0060406,-0.0061276,0.0031315,179
2021-10-27,0.0184195,0.0073541,0.0034776,-0.0050142,-0.0027379,0.0119433,0.002965,179
2021-10-28,0.0093337,0.0042632,0.0062983,0.0003364,-0.0032976,0.0135324,0.0069811,179
2021-10-29,-0.009112,-0.0080024,-0.0025327,-0.0011549,0.0051724,0.0047737,0.0095225,179
2021-11-01,0.0128798,-0.0235496,-0.0150108,0.0034267,0.0028918,-0.0098861,0.0092374,179
2021-11-02,-0.0153503,-0.0012667,-0.007621,-0.0026874,-0.0014274,-0.0008354,-0.0029964,179
2021-11-03,-0.0061909,0.0113504,0.0030892,-0.0013458,-0.0037909,0.0059026,0.004279,179
2021-11-04,0.0073835,0.0075325,0.0105122,0.0002876,-0.0014078,0.0155247,0.002006,179
2021-11-05,0.0066208,0.0164344,0.0111125,0.001017,0.0023256,0.0186732,-0.0159219,179
2021-11-08,0.0114968,-0.0009334,0.0009694,0.0033492,-0.0012173,0.0013457,0.0071472,179
2021-11-09,-0.0103473,-0.0058841,-0.0061356,0.0005268,-0.007415,-0.0033685,0.0040745,179
2021-11-10,0.0011018,-0.0096918,-0.0107384,-0.0019626,-0.0033756,-0.0135247,0.0028731,179
2021-11-11,0.0110811,-0.0092761,0.0042293,0.0012881,-0.0029079,-0.0044518,0.0007805,179
2021-11-12,0.0073914,0.0057055,0.0069438,-0.0025599,0.0007161,0.0085073,-0.0145761,179
2021-11-15,-0.0011866,0.0056259,-0.0067409,0.0008316,-0.0011883,-0.0031926,0.0001545,179
2021-11-16,-0.0121339,0.0018616,-0.0316939,0.0033646,-0.0031874,0.0041074,-0.0099959,179
2021-11-17,-0.0009136,-0.008185,0.0028703,-0.0020213,0.0023413,-0.0019062,-0.0023892,179
2021-11-18,-0.0012662,-0.0096333,0.0002144,0.0049527,-0.0031775,0.0019528,-0.011574,179
2021-11-19,-0.0021093,-0.0038514,-0.0159914,0.0044732,0.006741,-0.0112009,-0.0063273,179
2021-11-22,0.0139356,-0.0048672,-0.0052407,0.0056654,0.0021132,-0.0041405,-0.0030619,180
2021-11-23,0.0136635,0.0034332,0.0191029,-0.0010111,0.0001929,0.0135547,0.0008179,180
2021-11-24,-0.0180169,-0.0008174,-0.0052802,-0.0025585,-0.0011117,-0.0256013,0.005545,180
2021-11-25,0.0003707,0.0010132,0.0120502,-0.0023534,-0.0050546,0.0036486,-0.0012575,180
2021-11-26,0.000161,-0.0154494,-0.0063313,0.0072108,-0.0008605,-0.0008351,0.0071411,180
2021-11-29,0.0245038,0.0097881,0.0153351,0.0050537,-0.0018278,0.0049936,0.0118931,180
2021-11-30,-0.0047107,0.0068343,0.0079455,-0.0003625,-0.0011062,0.0153314,-0.0015046,180
2021-12-01,0.0205726,-0.0008891,0.0114503,0.0052467,0.0030455,0.015592,-0.0141486,180
2021-12-02,0.0141554,-0.0064315,-0.0027135,0.0046827,0.0018019,0.0138857,0.002213,180
2021-12-03,-0.0025769,6.4e-06,-0.0074411,-0.0014256,-0.0032221,0.0056277,-0.0019783,180
2021-12-06,0.0009369,-0.0101088,-0.0096587,0.0015338,9.85e-05,0.0073759,-0.0046325,180
2021-12-07,-0.0054817,-0.0095567,-0.0110222,0.0045963,0.0044191,-0.0078764,0.0091537,180
2021-12-08,0.0054838,0.0080361,-0.0018664,-0.0012435,0.0010476,0.0061236,0.0115828,180
2021-12-09,-0.0024985,-0.0064838,-0.0215544,-0.0112987,-0.0125913,-0.0236238,0.0069821,180
2021-12-10,-0.0092946,-0.0110324,-0.0026466,-0.0016935,0.0006844,-0.0156343,-0.0120698,180
2021-12-13,-0.0155782,-0.0053695,-0.0244694,0.0016356,0.0007053,-0.005989,-0.0071955,180
2021-12-14,0.0004497,-0.0068964,0.0023006,0.002119,0.0032197,0.0079136,0.001746,180
2021-12-15,0.0249032,0.0123629,0.0212403,0.0021484,0.0016444,0.0093648,0.0154279,180
2021-12-16,-0.0204167,-0.0086767,-0.00096,-0.0035505,-0.0047957,-0.0219554,0.0172974,180
2021-12-17,0.0030503,0.0016021,0.0073365,0.0084281,0.004159,0.0119285,-0.0029997,180
2021-12-20,0.0136475,0.0075011,0.005683,-0.0068555,-0.0025987,-0.0048389,-0.0037334,180
2021-12-21,-0.0063792,0.0063675,-0.002308,-0.0043017,-0.0007701,-0.0110081,-0.0076514,181
2021-12-22,-0.0180715,-0.014592,-0.0154157,0.0001378,-0.0058697,-0.0141543,-0.0074203,181
2021-12-23,-0.011526,-0.0124984,-0.0100061,0.0017383,-0.0008079,0.0016252,-0.007991,181
2021-12-24,0.0123615,0.0131429,0.0214694,0.0029824,0.006755,0.0204676,0.0235459,181
2021-12-27,0.0088986,0.0125703,0.0184748,0.0030475,0.0007882,0.0133708,0.0066039,181
2021-12-28,-0.0197162,0.0127491,0.012107,-0.0014192,-0.0051107,-0.0036623,0.0013231,181
2021-12-29,-0.004818,0.0034683,0.0057224,0.0026845,0.0035146,-0.0148998,-0.010581,181
2021-12-30,-0.0082979,-0.0056282,-0.0201172,0.0061031,0.0077861,-0.0023651,0.0159186,181
2021-12-31,0.0050213,-0.0039869,0.004174,0.0020705,0.0035994,-0.0129987,0.0007989,181
2022-01-03,0.0091024,0.0117279,0.0027942,-8.48e-05,-0.0110119,0.013874,-0.0056963,181
2022-01-04,0.0024562,-0.0027062,-0.0047053,-0.0034424,-0.0034552,-0.0063609,0.0043989,181
2022-01-05,-0.001513,0.0011918,-0.0070344,0.0023606,0.0010144,-0.011302,-0.0002849,181
2022-01-06,0.0083021,0.0009074,0.006201,0.0028445,0.0065161,0.0095989,-0.0019922,181
2022-01-07,-0.0238328,-0.0118645,-0.0089805,0.0002016,-0.0002405,-0.0031625,0.0110808,181
2022-01-10,0.0059811,0.000487,-0.0057907,-0.0033609,0.0025053,0.000215,-0.0071298,181
2022-01-11,-0.0228344,-0.003319,-0.0139269,0.0063697,0.000855,-0.0004749,-0.0031181,181
2022-01-12,0.0035256,0.0057953,0.0045535,0.0017683,0.0005133,-0.0009489,-0.0082964,181
2022-01-13,0.0052367,0.0011272,0.0143195,0.0026625,0.0049402,0.0133779,0.0311188,181
2022-01-14,0.0040291,-0.0081007,-0.011098,-0.0056532,-0.0036832,-0.0108196,0.0130291,181
2022-01-17,-0.0072166,-0.0041732,-0.0015479,0.0031789,-0.0008358,0.0094582,-0.0027506,181
2022-01-18,-0.001029,0.0048125,0.0008989,0.0004273,0.0040768,0.0014175,0.0083711,181
2022-01-19,-0.008189,0.0011312,-0.014992,0.0026379,-0.0001629,-0.0015383,-0.0123437,182
2022-01-20,0.0123948,-0.0038808,0.009438,-0.0037632,-0.0067688,-0.003748,-0.0092937,182
2022-01-21,0.0067306,0.0071117,-0.0013242,-0.0035543,0.0015881,0.0112201,0.006825,182
2022-01-24,-0.0146119,-0.0168001,-0.0225733,0.002566,0.0010503,0.0002735,-0.0057125,182
2022-01-25,-0.0036855,0.0087454,0.0011692,-0.0032718,-0.0022159,0.0077724,0.0179365,182
2022-01-26,0.024966,-0.0036633,-0.0064834,-0.0012155,0.001121,0.0032242,-0.0163128,182
2022-01-27,0.0115899,0.0236468,0.0327392,0.0036391,0.0105168,0.0187245,0.0139292,182
2022-01-28,0.0092699,0.004348,0.0022388,0.0002374,-0.0009795,0.005688,0.004764,182
2022-01-31,-0.0075882,-0.0098426,-0.0025371,-0.0005404,0.0013383,0.005973,0.0089383,182
2022-02-01,-0.0050687,0.0055053,0.012515,-0.001204,0.003108,-0.0015617,0.0086857,182
2022-02-02,-0.0164855,-0.0026608,-0.0096723,0.0047435,0.0027301,-0.0119409,-0.0114221,182
2022-02-03,-0.0183439,-0.0068821,-0.0090702,0.0013706,0.0003159,-0.0198052,-0.0054759,182
2022-02-04,0.0181674,-0.0008724,-0.0029193,0.0005579,0.0038674,-0.005905,-0.0058921,182
2022-02-07,0.0136583,0.0046977,0.002864,0.0010894,-0.0014814,0.0102435,-0.0069356,182
2022-02-08,-0.0103161,-0.0097468,-0.0086157,-0.0029024,-0.004511,-0.021213,0.0005988,182
2022-02-09,0.0264468,0.0043302,0.0073064,0.0014529,-0.0014319,0.0073409,0.0134865,182
2022-02-10,0.0001137,0.0051204,0.0084599,0.0037718,0.0036025,0.0157923,0.0045287,182
2022-02-11,0.004212,0.0038622,0.0255253,0.0062273,0.0092466,-0.0008184,0.0123847,182
2022-02-14,0.0372877,0.0075238,-0.007799,9.7e-06,0.0018193,0.0214737,0.004742,182
2022-02-15,-0.0066016,0.0033328,0.0129408,0.0004448,0.0042672,-0.0040881,0.0103586,182
2022-02-16,-0.0036004,-0.0080586,-0.0002012,0.0006392,-0.001191,0.0202679,0.0040979,182
2022-02-17,0.0215898,0.0187141,0.0190029,-0.0033666,-0.0004833,0.0026497,0.0171952,183
2022-02-18,-0.0101012,-0.0026156,-0.0054755,0.0028848,-0.0002254,-0.0028924,-0.0059485,183
2022-02-21,0.0165165,0.0239099,0.0187016,-0.0025366,0.0008063,0.0086476,0.0064173,183
2022-02-22,-0.013901,0.0028884,-0.004158,0.005906,0.0071699,0.0154128,0.0098646,183
2022-02-23,0.0041757,0.0246613,0.0171448,0.0016949,0.004102,0.0152617,0.0234916,183
2022-02-24,-0.0037483,-0.0015983,0.0004627,-0.0003022,0.0011516,-0.0025766,0.0067693,183
2022-02-25,0.0085176,0.0047496,0.0080332,0.0014816,0.0026107,0.0207344,-0.0006026,183
2022-02-28,-0.004265,-0.0049789,-0.007065,0.0010909,-0.0042399,-0.0210745,-0.0221468,183
2022-03-01,-0.0060671,0.0092788,0.0052417,-0.0030888,0.0013412,0.0105977,-0.0085715,183
2022-03-02,0.0104356,-0.0007189,0.0019646,0.0020884,-0.002347,-0.0118489,0.0038563,183
2022-03-03,-0.0176021,0.0033619,-0.0181084,0.0006927,-0.0039112,-0.0039442,0.0071472,183
2022-03-04,0.0216925,0.002819,0.0111583,-0.002205,-0.0010628,0.0013511,0.0006545,183
2022-03-07,-0.0200161,-0.004967,-0.0068894,0.0027028,-0.0035643,-0.0106931,0.0099665,183
2022-03-08,-0.006424,-0.003927,-0.0087265,0.0014473,-0.0012549,0.0076681,0.0075462,183
2022-03-09,0.0198432,0.0140891,0.0083156,0.0005361,-1.02e-05,0.0135558,-0.0002846,183
2022-03-10,-0.0101856,-0.0061589,-0.0105802,-0.001535,-0.0011655,-0.0194158,-0.0060497,183
2022-03-11,0.0069018,0.0111993,0.001072,-0.0096019,-0.0008278,0.0029602,0.0119892,183
2022-03-14,0.0324882,0.0186824,0.0130496,-0.0028699,0.0020541,0.0084174,0.0130374,183
2022-03-15,-0.009474,-0.0097536,-0.002549,0.0027401,0.002501,-0.0027221,0.0022752,183
2022-03-16,-0.0035583,0.0085572,0.0147328,-0.0053502,-0.0076242,-0.0046468,0.004318,183
2022-03-17,-0.0019918,0.0116048,0.0030166,0.0002365,-0.001309,-0.008239,0.0036128,183
2022-03-18,-0.0267087,-0.0161917,-0.0226162,-0.0019672,-0.0055298,-0.0051172,-0.0023859,184
2022-03-21,-0.0048625,0.0032917,-0.0117654,-0.0060352,-0.00237,-0.0070494,-0.0005314,184
2022-03-22,0.0008812,-0.0059346,-0.0026023,0.0031564,0.0020056,-0.0099704,-0.0059927,184
2022-03-23,0.0008076,-0.0008046,-0.0075115,0.0022967,0.0038162,-0.0010011,-0.0191081,184
2022-03-24,-0.0010147,-0.0117306,-0.0117022,0.0039203,0.000324,-0.0025363,-0.0012616,184
2022-03-25,0.0088244,0.0040543,0.0135253,-0.0018928,-0.001788,0.0164889,0.0242999,184
2022-03-28,0.0106723,0.0083234,0.0063272,0.005704,-0.0027072,0.0086158,0.0033363,184
2022-03-29,0.0089825,0.0051831,0.0150341,-0.0029692,-0.005474,0.0039133,0.0099075,184
2022-03-30,-0.0034322,-0.0014563,-0.0007702,-0.0020847,-0.0063829,0.0046968,0.0085078,184
2022-03-31,0.0113253,0.0047372,0.0083674,-0.0076536,-0.0082785,0.0027343,0.0035724,184
2022-04-01,-0.0245001,-0.0089666,-0.0268652,-0.0013697,-0.0051586,-0.003146,-0.0120684,184
2022-04-04,-0.0241063,-0.0234575,-0.0255903,-0.0005836,-0.0016317,-0.0215293,-0.0177783,184
2022-04-05,0.0051938,0.0060613,0.0021053,-0.0010301,0.0021801,0.016493,0.0040676,184
2022-04-06,0.0038661,0.0016375,-0.0052955,-0.0007441,0.0034265,-0.005153,0.0200731,184
2022-04-07,0.0059791,-0.0043487,0.0074073,0.004508,5.05e-05,0.0146253,-0.0106501,184
2022-04-08,-0.000474,0.0090808,0.0110463,0.0012443,0.0058556,0.0061527,0.0094355,184
2022-04-11,0.0054,-0.0067076,-0.0063127,0.0013333,-0.0005689,0.0042912,-0.001129,184
2022-04-12,0.0044056,0.0055521,0.0059756,-0.0001683,0.003904,-0.009494,0.0144747,184
2022-04-13,0.0133811,-0.0115023,-0.0030201,-0.0003565,-0.0017405,0.0078354,0.0063091,184
2022-04-14,0.001146,0.0153634,0.0022635,-0.0049085,-0.0038306,0.0099106,0.0103259,184
2022-04-15,-0.000878,-0.0024823,0.0044162,0.0017157,-0.0008927,-0.0188383,0.0056278,184
2022-04-18,-0.0199441,-0.0269184,-0.0175396,0.0010635,-0.0073703,-0.0170137,-0.004454,185
2022-04-19,-0.0029968,-0.0053904,0.0054059,0.006576,-0.0014257,-0.0091536,-0.0105204,185
2022-04-20,0.0118849,0.0091767,0.0001682,-0.0008688,0.0015227,0.0050096,-0.0016974,185
2022-04-21,0.008109,0.0038237,0.0166375,0.0024263,-0.0001605,0.0141592,-0.0031536,185
2022-04-22,0.004917,-0.003184,-0.0029476,0.0036745,0.002047,-0.0016905,-0.0163831,185
2022-04-25,0.0003503,0.0024973,0.0042725,-0.0040441,-0.0021318,-0.0141197,0.0029756,185
2022-04-26,0.0023545,-0.0071526,-0.0098703,-0.000582,0.0003007,-0.0258686,0.0009611,185
2022-04-27,-0.0143254,-0.0077843,-0.0152098,0.0033966,0.0029058,-0.0094841,-0.0023984,185
2022-04-28,0.0053649,0.0036402,0.0098174,0.0031199,0.0013609,0.0212403,-0.0047439,185
2022-04-29,-0.0099145,0.0004537,-0.0171258,0.000934,-0.0025325,-0.009463,-0.0099667,185
2022-05-02,-0.0029401,-0.0086975,0.0013478,-0.0034548,-0.0044648,-0.0062673,0.002498,185
2022-05-03,-0.0035236,-0.0093111,0.0052631,-0.0007806,-0.0030618,-0.0112187,-0.0056816,185
2022-05-04,0.0050818,-0.0003265,0.0094349,-0.0012625,-0.0016991,0.0109103,-0.0048454,185
2022-05-05,-0.0089855,0.0014744,0.0005083,0.0030695,0.0048355,-0.0031949,0.0053707,185
2022-05-06,0.0070366,0.0079655,0.0165558,-0.0011008,-0.0013699,-0.0015805,-0.0018675,185
2022-05-09,0.0041166,-0.0034998,0.0105785,0.0028743,0.0036719,0.0001647,-0.0036103,185
2022-05-10,-0.0059654,-0.0105711,-0.0121689,0.0014962,0.0016612,-0.0121496,0.0034686,185
2022-05-11,0.017814,0.0131394,0.0196615,0.0011632,-0.001377,0.0031956,-0.0055579,185
2022-05-12,-0.0058421,-0.0003156,-6.06e-05,-0.0008325,-0.0011652,0.0077467,0.0031018,185
2022-05-13,0.0137609,-0.0051732,-0.0087095,0.0009059,0.0015009,0.0016458,0.0080968,185
2022-05-16,0.0047878,-0.0028927,-0.0013183,0.0006162,-0.0015721,-0.0078456,0.0004031,185
2022-05-17,-0.0050681,-0.0086895,-0.0089438,0.0011405,0.0021107,-0.0107852,0.007558,186
2022-05-18,0.0024934,0.0022159,-0.0057376,0.0013113,0.0016308,0.004646,-0.0015319,186
2022-05-19,-0.0177825,-0.0014241,0.0020758,0.0053893,0.0055348,0.0141756,0.0019212,186
2022-05-20,-0.0171176,-0.0039302,-0.0002527,0.0004716,0.0024462,0.0009694,-0.0016681,186
2022-05-23,0.0154488,0.0076571,0.0097349,-0.0009202,-0.0017609,0.0132651,-0.0144941,186
2022-05-24,0.0151841,0.0105525,0.0195811,-0.0010029,-0.0050129,0.0041872,0.0040324,186
2022-05-25,-0.0105145,0.0130694,0.0053315,-0.0014474,0.0061238,-0.0064403,-0.00341,186
2022-05-26,-0.0006991,-0.0010992,-0.0011973,0.0001921,-0.0035886,0.0110741,0.009936,186
2022-05-27,0.0146562,0.0184307,0.0018128,-0.0026442,0.0037543,0.002204,-0.002543,186
2022-05-30,0.0070652,0.0036199,-0.0130543,0.000553,0.002114,0.0020376,-0.0120439,186
2022-05-31,-0.0143288,-0.0135825,-0.0211231,-0.0002296,0.0052148,-0.0187541,0.003363,186
2022-06-01,0.0028853,0.018637,0.0081699,0.0016689,-0.0009566,0.0235927,0.0121393,186
2022-06-02,0.0123861,0.0133202,0.0065831,-0.001463,0.0016433,0.0048617,0.0016832,186
2022-06-03,-0.0132523,-0.0143642,-0.0150916,0.0001485,0.0026376,-0.0147428,0.0005654,186
2022-06-06,-0.014528,-0.0090752,-0.0257433,-0.0070216,-0.0050315,-0.0033402,0.0025494,186
2022-06-07,-0.0165555,-0.0108886,-0.0253568,-0.0008781,-0.003267,-0.0026437,-0.0098142,186
2022-06-08,0.0091585,-0.0105138,-0.0120531,0.0044542,-0.0001547,0.0052896,0.0091928,186
2022-06-09,-0.0040317,-0.0081997,-0.0047195,0.0036206,-0.0013496,0.0060003,0.0031431,186
2022-06-10,-0.0048119,-0.0098749,-0.0063048,0.0026306,0.0070721,0.012848,-0.0138925,186
2022-06-13,-0.0213328,-0.0083717,-0.0090699,-0.0054637,-0.0063798,-0.0213019,0.006022,186
2022-06-14,-0.010285,0.0071371,-0.007712,0.0041158,0.0040453,0.0116612,-0.0012619,186
2022-06-15,-0.0109255,-0.0176855,-0.0105329,6.7e-06,-0.0043936,-0.0227793,-0.0044578,187
2022-06-16,0.0162979,0.0161824,0.0147944,-0.0041414,-0.0053395,0.0140041,0.0051811,187
2022-06-17,0.0248543,0.0136639,0.0166254,0.0006118,0.0027408,0.0160667,0.0234807,187
2022-06-20,-0.0013111,0.0093946,0.0145021,0.0078657,0.004777,0.0100735,0.0019701,187
2022-06-21,-0.0372143,-0.0163253,-0.0206769,0.0022557,-0.0002171,-0.0266894,-0.006875,187
2022-06-22,-0.0090998,-0.0047882,-0.027799,0.0003429,0.0002729,-0.0001785,-0.0095944,187
2022-06-23,-0.0171983,-0.0035494,-0.0004363,-0.0041314,-0.0010798,0.0089417,-0.0144831,187
2022-06-24,0.0197373,0.0091972,0.0096878,-0.0022323,-0.0023994,0.010436,0.0067987,187
2022-06-27,0.0094596,-0.0094307,-0.0048071,-0.0047705,-0.0030655,-0.0172169,-0.0001688,187
2022-06-28,0.0189064,0.0146916,0.0184574,-0.0034343,-0.0005452,0.0139602,0.0010326,187
2022-06-29,-0.0099153,-0.0032547,0.0039055,0.0017499,0.002578,-0.0114497,0.0116056,187
2022-06-30,0.0005085,-0.0053132,-0.0104763,0.0038419,0.0026925,-0.0044477,-0.006757,187
2022-07-01,-0.0008965,-0.0029604,0.0128851,0.0045997,-0.003221,0.0026475,0.0018285,187
2022-07-04,-0.0020758,0.0049398,-0.0129149,0.0007953,0.0027711,0.0064558,-0.0317647,187
2022-07-05,0.0148086,-0.0103936,-0.0156669,-0.0004797,-0.0006101,-0.0015323,-0.0022735,187
2022-07-06,-0.0206434,-0.0068974,0.0047533,-0.0025466,0.0020555,-0.0175248,-0.0133516,187
2022-07-07,0.0058858,0.0002767,0.0059484,-0.0020211,-0.0011258,0.0090689,0.0061484,187
2022-07-08,-0.0030775,0.0009666,-0.0008252,9.26e-05,0.0003799,0.0064614,-0.0035719,187
2022-07-11,-0.0025005,-0.0111657,-0.0037857,0.0048746,0.0078129,0.0037885,-0.0131096,187
2022-07-12,0.0070374,0.0027135,0.0069629,-0.0039001,-0.0001609,-0.0054634,-0.0002901,187
2022-07-13,0.0106907,-0.007819,0.0074495,-0.0003237,-0.002637,-0.0078978,-0.0003995,187
2022-07-14,0.0011152,-0.0088471,-0.0031133,0.0028042,0.0037167,-0.0008396,-0.0008704,188
2022-07-15,0.0035584,0.0017001,0.0015003,0.000107,-0.0023832,-0.0064565,-0.0072515,188
2022-07-18,0.0234643,0.0069939,0.0159409,-0.0025685,0.0066758,0.0196457,0.0061018,188
2022-07-19,0.0104934,-0.0007757,0.0049083,0.0036238,0.0042539,0.0138792,0.0270104,188
2022-07-20,0.0095771,0.0071988,-0.0004768,0.0019608,0.0031947,0.0301614,0.0112156,188
2022-07-21,0.0028576,0.0012518,0.0061361,-0.0010969,0.0062666,-0.0060898,0.0029164,188
2022-07-22,0.0229161,0.0184731,0.0368202,0.0002982,-0.0012536,0.0157781,-0.0069121,188
2022-07-25,0.0032363,-0.000959,-0.0068869,0.0032598,0.0024716,0.0088131,0.0132218,188
2022-07-26,0.0045916,0.002788,-0.0038761,-0.0032882,-0.0059559,-0.0213391,0.0021611,188
2022-07-27,-0.0092455,-0.0072401,-0.0021814,-0.0041867,-0.0038692,-0.0031761,0.0046594,188
2022-07-28,-0.0029255,-0.0114897,-0.0199868,-0.0007261,0.0024697,-0.0161711,-0.0121377,188
2022-07-29,-0.0039183,0.0056798,0.0066091,-0.0030385,-0.0052824,-0.0033309,0.0081306,188
2022-08-01,0.0039037,-0.0026178,-0.0010958,-0.0026374,-0.0042236,-0.0022988,-0.0084516,188
2022-08-02,-0.0052534,-0.0028492,-0.0072433,0.0024835,0.0007322,-0.0032214,-0.0062441,188
2022-08-03,0.0057413,0.0085402,-0.0016548,0.0009508,0.000549,0.0020887,-0.0129153,188
2022-08-04,-0.0119681,-0.0126088,-0.0119402,-0.0036865,-0.00247,-0.0104155,0.0131803,188
2022-08-05,0.0104193,-0.0077066,-0.0028758,-0.0033015,-0.0014482,-0.0145111,-0.0004296,188
2022-08-08,0.011402,0.0017047,0.0077075,-0.0017803,0.001908,-0.0073051,0.0187537,188
2022-08-09,0.018703,0.0031077,0.0078942,0.002044,0.0062191,0.013193,-0.0085559,188
2022-08-10,0.0195842,-0.0044767,-0.0007149,-0.0004764,0.0025327,0.0128881,-0.0071297,188
2022-08-11,-0.0157118,-0.0022752,-0.0039338,0.004344,0.0074051,0.0094048,0.0078229,188
2022-08-12,-0.0052043,0.0129949,-0.0002116,-0.0047662,-0.0019262,-0.0025137,-0.0008496,189
2022-08-15,-0.0032731,0.0096942,0.0014381,0.0020375,0.0020045,-0.0013443,-0.0032546,189
2022-08-16,-0.0117215,-0.0013572,0.0022536,0.0005863,0.0072948,0.0105504,-0.0193092,189
2022-08-17,-0.0124223,-0.0184636,-0.0128284,-0.0032431,0.0029464,-0.0280627,0.0031607,189
2022-08-18,-0.0133826,-0.010557,-0.0262499,-0.0050677,-0.0070282,-0.0120618,0.0063731,189
2022-08-19,0.0226059,0.0144654,0.0164599,-0.0006435,0.0052218,0.0048657,0.0061833,189
2022-08-22,0.006367,-0.0149438,-0.0105653,0.0036242,0.0029689,-0.0049904,-0.0049496,189
2022-08-23,0.0074191,0.0054956,0.0045041,-0.0036865,-0.001337,0.0075955,-0.0105758,189
2022-08-24,-0.0049486,-0.0086685,-0.0088897,0.0007013,-0.0023038,-0.0205963,-0.003392,189
2022-08-25,0.0071542,0.0040801,0.0033873,0.0001686,0.0002512,0.0106321,0.0103249,189
2022-08-26,-0.0114583,-0.0008861,-0.0026427,-0.0038791,-0.0025332,-0.0130928,-0.0021999,189
2022-08-29,0.0001689,0.0039956,-0.0059897,-0.0006809,0.0001245,0.0075776,0.0023406,189
2022-08-30,0.0125084,0.0006423,0.0096559,0.0022759,-0.0015151,2.26e-05,0.0125648,189
2022-08-31,0.000351,-0.0010671,0.0044764,-0.0003001,-0.0034759,-0.0044333,-0.0014808,189
2022-09-01,0.006105,0.0026707,0.0114366,-7.15e-05,0.0048511,-0.0042703,-0.004357,189
2022-09-02,-0.0007762,0.0077883,0.000637,-0.0009774,0.0013344,0.00732,-0.0137467,189
2022-09-05,-0.0137047,-0.0033235,-0.0037546,0.0012623,0.0022781,0.0044394,0.0051187,189
2022-09-06,-0.0067898,0.0125306,0.005893,-0.0049463,0.0005399,0.004791,-0.0099444,189
2022-09-07,-0.0106032,-0.0081268,-0.0089739,0.0023794,0.0025312,-0.0064595,0.0053067,189
2022-09-08,0.0040118,0.0024184,0.0025159,-0.0046905,-0.0029157,-0.0088,0.0097618,189
2022-09-09,-0.0039211,0.0044883,-0.0035553,0.002321,0.0011867,-0.0104118,-0.001762,189
2022-09-12,0.0158318,0.0001967,0.0012091,0.0023895,0.0042989,-0.0009646,-0.0016772,190
2022-09-13,0.0034751,0.0067808,-0.0044713,-0.0040892,0.000694,-0.0053283,0.0062123,190
2022-09-14,0.019921,0.0045702,-0.0098769,-0.0051344,-0.001454,-0.0066888,0.0038211,190
2022-09-15,0.0028388,0.0098287,0.0155582,0.0032138,-0.0039569,0.0068642,0.009233,190
2022-09-16,0.0042819,-0.0094668,0.0023179,0.0037696,0.0059862,0.0048653,-0.0023713,190
2022-09-19,-0.0011799,0.0084174,0.0104736,-0.0015248,-0.0037,0.0004869,-0.0021598,190
2022-09-20,0.0087582,-0.0063836,-0.0027499,0.0037736,0.0058249,0.0079254,0.0046311,190
2022-09-21,0.0061083,-0.0091916,-0.0073113,-0.0003562,0.0024275,-0.0022463,0.000719,190
2022-09-22,-0.0223142,-0.0128143,-0.0190648,-0.0020166,-0.0041212,-0.0152933,0.0027653,190
2022-09-23,0.0051205,0.0163379,0.0122392,-0.0007384,-0.0004099,0.0211696,0.0035367,190
2022-09-26,-0.0137536,-0.0050149,-0.015103,0.0033974,0.0011383,0.0084499,0.0018919,190
2022-09-27,-0.003707,0.0095563,0.0176709,-0.0012023,0.0041642,-0.0052025,0.0022617,190
2022-09-28,-0.0030973,-0.0090516,-0.0186331,-0.0038242,-0.0026163,-0.0090166,-0.0145297,190
2022-09-29,-0.0079257,-0.0221672,-0.0244057,0.0057507,-0.0004473,-0.0309783,-0.0049079,190
2022-09-30,0.0084036,-0.001757,-0.0039981,-0.0004157,0.0034581,-0.0049065,-0.0083019,190
2022-10-03,0.0016483,-0.0073248,0.0005305,0.0072794,0.0006757,0.0088295,-0.0097212,190
2022-10-04,-2.3e-05,-0.0111894,-0.0222903,0.0021429,-0.0031546,-0.00693,-0.0102175,190
2022-10-05,-0.0022875,-0.0013747,-0.0015311,0.0014003,0.003244,-0.0157484,0.0016552,190
2022-10-06,-0.0202722,-0.0137312,-0.0230446,0.003508,-0.0012519,-0.0141756,-0.0060264,190
2022-10-07,0.0045894,0.0163379,-0.0001648,-0.0041367,0.0007414,0.0166898,-0.0026926,190
2022-10-10,-0.0004623,0.0137924,-0.0036256,-0.0004243,-0.0018763,0.0135052,-0.0109828,190
2022-10-11,0.0110284,-0.0006301,-0.0028399,-5.3e-06,-0.0013152,-0.0015026,0.0119634,191
2022-10-12,-0.0071013,0.0101311,0.0240121,-0.0032205,-0.0033986,-0.0078639,0.0043347,191
2022-10-13,0.0048253,0.015425,0.0114811,-0.0043558,-0.0081346,-0.0029984,0.0161387,191
2022-10-14,0.007066,0.0049986,-0.0097076,-0.0025141,0.0003741,0.0110651,-0.0138021,191
2022-10-17,-0.007938,-0.0109163,0.002525,0.001004,0.0020663,-0.0116214,-0.0012457,191
2022-10-18,0.0073137,-0.0037714,-0.0019654,-0.0002943,0.0037684,0.0072065,0.0037157,191
2022-10-19,-0.0111372,0.0135143,0.0121654,-0.0019406,-0.006584,-0.0027075,0.0026059,191
2022-10-20,-0.0109411,-0.0007078,-0.0004427,-0.0014834,-0.0018968,-0.0013083,0.0061051,191
2022-10-21,0.0020689,0.0074783,0.0061318,-0.003491,-0.000482,0.003831,0.007872,191
2022-10-24,-0.0055328,0.0054851,0.0006632,-0.0011378,7.12e-05,-0.0042194,0.0017109,191
2022-10-25,-0.0041007,0.0087916,0.0118545,0.0031609,-0.0017595,0.0033836,0.005492,191
2022-10-26,-0.0028762,-0.0072288,-0.0073968,-0.0007492,-0.0028594,-0.0138865,0.0166108,191
2022-10-27,0.0116844,-0.0146733,-0.0099254,-0.0034519,-0.0108235,-0.011456,-0.0011913,191
2022-10-28,-0.0015795,-0.0070856,-0.0042382,0.0017414,-0.0001515,2.78e-05,-0.0117263,191
2022-10-31,-0.0191213,-0.0181646,-0.0093789,0.0001745,-0.0010532,-0.0054641,-0.0043597,191
2022-11-01,0.003127,0.0003252,0.0055457,-0.0019159,-0.004953,-0.0053529,-0.0007158,191
2022-11-02,-0.0073406,0.0004963,-0.0080809,0.0022083,0.0009618,0.0052161,-0.0039086,191
2022-11-03,0.0350242,0.0257883,0.0424383,-0.0057318,-0.0065157,0.029925,0.0179398,191
2022-11-04,0.0046043,0.0129963,-0.0008765,0.0026358,0.0062018,0.0204335,0.0042987,191
2022-11-07,0.0135111,0.0091017,0.0129201,-0.0032266,-0.0044565,-0.0032226,0.0171148,191
2022-11-08,-0.0047088,-0.0115502,0.004713,0.0042033,0.0029517,0.0045003,-0.0081408,191
2022-11-09,-0.0024123,-0.00739,-0.0132379,0.003333,-0.0025118,-0.0214945,0.0016422,192
2022-11-10,-0.0040866,-0.0059004,-0.0043171,0.0004547,0.0014975,-0.0029733,-0.0045604,192
2022-11-11,-0.0212959,-0.0173803,-0.0180412,-0.0013215,0.0001094,-0.0033375,0.000739,192
2022-11-14,-0.020182,-0.0097758,-0.0107906,-0.0017034,0.0030328,-0.0077093,-0.0002142,192
2022-11-15,-0.0103721,-0.0036536,0.0066977,0.002034,0.001184,0.0048307,-0.0056284,192
2022-11-16,0.0026201,-0.0043973,-0.0029573,0.0049563,0.005511,-0.0053338,-0.0017748,192
2022-11-17,-0.0018442,-0.0033423,-0.0112897,-0.0001751,0.0011458,-0.0040823,-0.0087908,192
2022-11-18,-0.0111237,-0.006178,-0.0092371,0.0035865,-0.0016847,-0.016027,0.0008052,192
2022-11-21,0.0066645,0.0090904,0.0112388,0.0015513,0.0016496,0.0222649,0.015095,192
2022-11-22,0.0093209,0.0011895,-0.0011674,0.0020383,-0.0006913,-0.002685,-0.0018652,192
2022-11-23,0.0076874,0.0035828,0.0113168,0.0012209,-0.0053144,-0.006847,3.21e-05,192
2022-11-24,-0.008143,-0.0055292,0.0067486,0.0017839,0.0094038,-0.007576,-0.0045755,192
2022-11-25,-0.0041093,-0.0068954,0.0001455,0.0019475,-0.0007654,0.0002973,-0.0020786,192
2022-11-28,0.0170738,-0.0062355,0.0226234,0.0054925,0.0076003,-0.0039872,0.0053719,192
2022-11-29,0.0038264,0.0055679,-0.0034723,-0.0045054,-0.0017216,0.0133051,0.0004317,192
2022-11-30,-0.0100312,-0.0080776,-0.0150271,0.0059359,-0.0003209,-0.0090171,-0.0045734,192
2022-12-01,0.0091992,-0.0007973,0.0158082,-0.0026924,-0.0022503,0.0140557,-0.0033586,192
2022-12-02,0.0131286,-0.0070577,0.0037074,0.0012296,-0.0008147,-0.0070628,0.0208764,192
2022-12-05,0.0037539,-0.0014688,0.0045507,0.0059013,0.0044495,-0.0003703,0.0085228,192
2022-12-06,0.0040826,-0.0064003,-0.0033144,-0.0008003,0.0013535,0.0071394,0.0112521,192
2022-12-07,-0.0174851,0.0007028,-0.0204063,0.0011077,-0.0007187,0.0042214,0.0032601,192
2022-12-08,-0.0032478,0.0020669,0.0051094,-0.0026097,-0.0030827,-0.0003501,0.0080475,193
2022-12-09,-0.0047699,-0.0004189,-0.0012247,0.0031323,0.0071956,-0.0026095,-0.0120728,193
2022-12-12,-0.0178569,-0.0164752,-0.0196302,0.0007607,-0.0018458,-0.025385,-0.0027371,193
2022-12-13,-0.0061131,0.0186489,0.0081129,-0.0027837,0.0038624,0.0207129,-0.0029495,193
2022-12-14,0.0006706,-0.0104178,-0.0036344,-0.0020669,0.0033759,-0.0136833,-0.0075242,193
2022-12-15,0.0065058,0.004898,0.0187773,-0.0027406,-0.0033318,0.004536,0.007265,193
2022-12-16,0.0098128,-0.0034188,-0.0106998,-0.0029945,-0.0023458,-0.0224205,0.011949,193
2022-12-19,-0.0195437,-0.0068547,-0.008128,-0.0011775,0.0027927,-0.019148,0.0099689,193
2022-12-20,-0.0015208,0.0026834,0.0106063,-0.0013072,0.0045078,0.0118001,-0.0028457,193
2022-12-21,0.0041848,-0.0079517,-0.0229074,-0.0016595,-0.000946,-0.0067427,-0.0272161,193
2022-12-22,-0.0090615,-0.0017948,0.0023171,-0.0047709,-0.0045059,-0.0143383,0.0039369,193
2022-12-23,0.0097892,0.0091167,0.0161564,-0.000821,-0.0009869,0.0025297,-0.0157703,193
2022-12-26,-0.0026605,-0.0024044,0.01342,0.0014794,-0.0018043,0.0038197,0.0071088,193
2022-12-27,0.0109251,0.0200632,0.0310018,-0.0022817,-0.0005768,0.0194064,0.0197328,193
2022-12-28,-0.036068,-0.0136801,-0.0098589,-0.002031,-0.0038363,-0.016318,-0.01449,193
2022-12-29,-0.0012028,0.0017742,0.005663,-0.0060834,-0.0031788,0.0034748,-0.0101766,193
2022-12-30,-0.0079476,-0.0137065,0.0020945,-0.0012544,-0.001278,-0.0182691,-0.0054991,193
2023-01-02,-0.0076483,-0.01008,-0.0097539,0.0023155,-0.0019221,-0.0071725,-0.0095647,193
2023-01-03,0.0036938,-0.0067652,-0.0115986,0.0036438,0.0081502,-0.0107435,-0.0052681,193
2023-01-04,-0.0016944,-0.00619,-0.0114554,-0.0009332,0.0003818,0.0093867,0.0116299,193
2023-01-05,0.0065382,0.0101675,0.0152956,0.0025765,0.0073713,0.0055014,0.0227076,193
2023-01-06,-0.0201795,-0.0205166,-0.0255001,0.0094339,0.004359,-0.0131593,-0.0038605,194
2023-01-09,-0.0005357,-0.0179123,-0.0044078,0.0004802,0.002583,-0.0090002,0.0018634,194
2023-01-10,0.0048446,0.0010827,-0.0019122,0.0001575,0.0052053,0.0090432,0.0027758,194
2023-01-11,0.0007073,0.003696,0.0110919,0.0071023,0.0010002,0.0193362,0.0082221,194
2023-01-12,0.0230007,0.0169851,0.0082897,-0.0073338,0.0004442,0.0092304,0.0113625,194
2023-01-13,-0.003572,-0.0017943,0.0009989,-0.0018803,-0.0071201,-0.012397,-0.0059827,194
2023-01-16,-0.0106139,0.0002958,0.0068468,0.004515,0.0022273,-0.0043671,-0.0091922,194
2023-01-17,0.010605,0.0155917,0.0132395,-0.0015412,0.0030093,0.0116236,0.0096206,194
2023-01-18,-0.0317161,-0.0008226,-0.0047246,-0.0038174,-0.0018639,0.0120632,-0.0153941,194
2023-01-19,0.0058362,-0.0033292,0.004786,-0.0020958,-0.0040269,-0.0033898,-0.0096435,194
2023-01-20,-0.0038159,-0.0081152,0.0021313,0.000262,-0.0015083,-0.0054287,0.003028,194
2023-01-23,0.0252076,0.0046469,0.021799,0.0003835,-0.0016966,0.0184934,0.0058557,194
2023-01-24,-0.0185683,0.0005979,-0.0182182,-0.001586,-0.0004099,-0.0103353,-0.0149052,194
2023-01-25,0.0009421,0.0052226,-0.0034449,0.0019525,0.000857,-0.0078197,-0.0234069,194
2023-01-26,0.0021231,0.009599,0.0123778,0.0014203,0.0017646,-0.0022658,-0.017392,194
2023-01-27,0.013777,0.0053408,-0.0015877,-0.001395,0.0028428,-0.0013652,-0.0138916,194
2023-01-30,-0.0212597,-0.0103388,-0.0067408,-0.0015963,-0.0012414,-0.0076501,0.0022949,194
2023-01-31,0.0081478,0.0137279,0.0179821,-0.0041231,0.0045228,0.0019596,0.0030388,194
2023-02-01,-0.0264785,-0.0141964,-0.0217747,8.84e-05,-0.0012425,-0.0084229,-0.0011405,194
2023-02-02,-0.0134591,-0.0178942,-0.0192051,0.0004735,-0.003102,-0.0131584,-0.0035485,194
2023-02-03,0.018526,0.0056028,0.0170625,0.0005395,-0.002587,0.0033169,-0.006422,194
2023-02-06,-0.0001424,0.001404,-0.012111,-0.0052606,-8.01e-05,-0.0051331,0.0210065,195
2023-02-07,-0.0022648,-0.0158839,-0.0191148,-0.0012657,0.005525,-0.0040776,0.0159152,195
2023-02-08,-0.0083834,0.0118404,0.0120041,-0.0011449,-0.0026688,0.004337,0.0109542,195
2023-02-09,0.0011403,0.0010805,-0.0008888,-0.0056002,0.0012946,-0.0044956,-0.0026628,195
2023-02-10,0.0019273,-0.0179431,-0.0172846,0.0028213,0.0020071,-0.0170557,-0.0080664,195
2023-02-13,-0.0172697,0.0030583,-0.0172936,0.0014463,0.0014436,0.0038046,-0.0048189,195
2023-02-14,-0.0070881,0.0020071,-0.0029882,0.0010307,0.0045955,0.0012007,0.0084809,195
2023-02-15,0.0170884,0.0088816,0.0054453,0.0010685,-0.0026041,0.0182278,0.0065722,195
2023-02-16,0.0099451,0.0014149,0.0056115,-0.0008533,-0.0050738,-0.0066049,0.0268553,195
2023-02-17,-0.004022,-0.0026201,-0.0196354,-0.0061401,-0.0002454,-0.0075333,0.0124021,195
2023-02-20,0.0077528,-0.0058606,-0.0026901,0.0028566,-0.003157,-0.0185544,-0.0071471,195
2023-02-21,-0.0078356,-0.0145756,-0.0192043,-0.0007321,0.00054,-0.0090973,-0.0042684,195
2023-02-22,0.0010253,-0.0055648,-0.0102791,0.0050707,0.0010555,-0.0071207,0.0073024,195
2023-02-23,-0.0061158,-0.0142314,-0.005895,-0.0029832,-0.0065607,-0.0104323,-0.0098005,195
2023-02-24,0.0054488,0.002882,-0.0008909,0.0005844,0.0033492,0.0108442,-0.0081859,195
2023-02-27,0.0107491,0.0144701,0.0036399,-0.0075195,0.0032316,0.0039165,0.0069362,195
2023-02-28,0.0081922,0.0132123,0.0237267,0.0001676,0.0026124,0.018188,0.0264251,195
2023-03-01,0.0096643,0.0102517,0.0157588,-0.0009925,-4.3e-06,0.0125073,0.0061643,195
2023-03-02,0.0162463,0.0122148,0.0169334,9.68e-05,0.0045155,0.0135427,0.0046703,195
2023-03-03,0.0065261,0.0153888,0.01446,-0.0008228,-0.0042729,0.0124086,0.0009229,195
2023-03-06,-0.009809,-0.0051926,-0.0066618,-0.004193,0.000227,0.004409,-0.0090231,195
2023-03-07,-0.0101669,-0.0136086,-0.0187252,0.0022776,0.0013442,-0.0086838,-0.0136979,196
2023-03-08,0.0123704,0.0049789,-0.000512,0.0024089,0.0014704,0.0163495,-0.0096313,196
2023-03-09,-0.0185115,-0.0048469,-0.0028953,-0.0007745,-0.0013642,-0.0086376,-0.0008352,196
2023-03-10,0.0226747,-0.0171925,0.0040937,0.0032775,0.0021595,-0.011369,-0.0022303,196
2023-03-13,0.016885,-0.0099029,-0.0166394,0.0023475,-0.0025611,-0.0040128,-0.0008826,196
2023-03-14,0.0127005,0.0072664,0.0068443,0.0029885,-0.0027655,0.0072671,0.0050744,196
2023-03-15,0.035753,0.0298851,0.0419184,-0.0055745,-0.0021612,0.026361,0.0307985,196
2023-03-16,0.0014477,0.0028477,-0.0055667,0.0034561,-0.0004423,-0.0004693,0.0014675,196
2023-03-17,-0.0031704,-0.011694,-0.0071173,-0.0051828,2.46e-05,0.0051471,-0.0088015,196
2023-03-20,-0.002678,-0.0054985,-0.0018736,0.0008459,-0.0031641,-0.0020873,0.0035074,196
2023-03-21,-0.0061659,0.0123742,0.032118,-0.0030545,-0.0033295,0.0067785,0.0065718,196
2023-03-22,0.0111153,0.0036756,0.0131112,-0.002969,0.004074,0.0032323,0.0101117,196
2023-03-23,-0.019726,-0.0159829,-0.0098835,-0.0015858,0.0011855,-0.0141356,0.0044348,196
2023-03-24,0.0220632,0.0106034,0.0323072,-0.0004737,0.0030434,0.0003108,0.0095709,196
2023-03-27,0.0192735,0.0129189,0.0187345,0.0002385,0.0046092,0.0313326,0.0032571,196
2023-03-28,0.0080155,-0.0023517,-0.0154305,-0.003053,-0.0037424,-0.0034452,-0.0011464,196
2023-03-29,0.0162513,0.0082836,0.0089454,-0.0019464,-0.0054518,0.0239066,-0.0091721,196
2023-03-30,0.0043671,0.0138872,0.0229799,-0.0049477,0.0056519,0.0114329,0.0128563,196
2023-03-31,0.0060105,-0.0027289,0.0011114,0.0031691,0.0016016,-0.0197147,-0.0071607,196
2023-04-03,0.0227356,0.0064999,0.0133899,-0.0003317,-0.0023443,-0.0027275,0.0203962,196
2023-04-04,-0.0033077,-0.001463,0.0014311,-0.0011512,-0.0035003,-0.0025192,0.0019076,196
2023-04-05,0.0045505,0.0074934,0.0025401,-0.0016972,0.0003537,0.0017405,-0.0046705,197
2023-04-06,-0.0019409,-0.0072186,0.0042586,-0.0043531,-0.0031764,-0.011378,0.0179905,197
2023-04-07,0.0013932,-0.0006832,0.0039416,-0.0034731,-0.0034595,-0.0114922,0.0006813,197
2023-04-10,0.0015187,-0.0006467,-0.0175641,0.0038322,0.0041197,0.0046144,-0.0056926,197
2023-04-11,-0.0112336,-0.0073527,-0.0156976,0.0016623,0.0010058,-0.012745,-0.008197,197
2023-04-12,0.0090741,0.0143087,0.0220704,-5.73e-05,0.0052046,0.0054135,-3.77e-05,197
2023-04-13,0.0136684,0.0010021,0.0078228,-0.0010509,-0.0009792,-0.0062405,0.0084225,197
2023-04-14,-0.0126471,-0.0071007,-0.0123777,0.0016734,0.0044888,-0.0038117,-0.0132885,197
2023-04-17,0.0102366,0.0092453,0.0026631,0.0023931,0.0037772,-0.0028145,-0.0009699,197
2023-04-18,0.0058309,-0.0017567,0.0002263,-0.0007019,0.0012232,0.0042248,0.0140432,197
2023-04-19,-0.0001541,-0.0085564,-0.0025689,0.0005576,-0.0031871,-0.0044652,-0.0085945,197
2023-04-20,-0.02322,0.0005438,-0.0072771,0.0001866,-0.0003878,-0.0101018,-0.0129044,197
2023-04-21,0.0033086,-0.0033906,0.0041959,-0.001803,-0.0009335,0.0091643,0.0100138,197
2023-04-24,-0.0146733,-0.0083766,-0.0004315,0.0002697,0.0071322,-0.0145747,-0.0051786,197
2023-04-25,0.00608,0.0122077,0.0178971,0.0018261,0.0026211,0.0129195,0.0049926,197
2023-04-26,0.0133023,0.0107567,0.0056112,-0.0038152,-0.0036301,0.0040818,0.0139075,197
2023-04-27,0.0279314,0.013499,0.0143242,-0.0009094,0.0023944,0.0129859,0.0132757,197
2023-04-28,-0.003171,-0.0177712,-0.0162958,-0.0008944,-0.0014264,-0.0136016,-0.0251314,197
2023-05-01,-0.0061599,-0.0030703,0.0040357,0.0003761,0.0004701,-0.0014353,0.0147499,197
2023-05-02,-0.0059425,-0.0047982,-0.0161268,0.006573,-0.0018499,-0.0065953,-0.0105792,197
2023-05-03,-0.0124901,-0.0117766,-0.0055793,0.0005199,0.0016851,-0.0156808,-0.0139042,197
2023-05-04,0.0025629,-0.0104685,0.0014314,0.0038297,-0.0009249,0.0130571,0.0007854,198
2023-05-05,-0.0233552,-0.0040937,-0.0101554,-0.004414,-0.0040308,0.0006433,-0.0076523,198
2023-05-08,0.0140287,0.015705,0.0050762,-0.0060353,-0.0003816,0.0180789,-0.0077989,198
2023-05-09,-0.0168836,-0.0165179,-0.0074717,-0.0001295,-0.0002123,-0.0083892,-0.0189586,198
2023-05-10,-0.0064049,0.0002446,0.0048525,0.0038655,0.001938,0.00361,0.0037407,198
2023-05-11,-0.0102364,-0.000675,-0.0079993,0.0013656,0.0030895,-0.0120575,-0.0122824,198
2023-05-12,0.004575,0.0008673,0.0044232,0.0045249,0.0035088,0.0053868,0.0031774,198
2023-05-15,-0.0031292,0.0040546,-0.0074885,0.0075341,0.0023626,0.0116917,-0.0046829,198
2023-05-16,0.0143294,0.0010096,-0.0012726,-0.0033563,-0.000831,0.0085453,-0.0117398,198
2023-05-17,-0.0351015,-0.0288778,-0.0232553,-0.0011443,-0.0065421,-0.0287965,-0.0039305,198
2023-05-18,-0.0081065,-0.002965,-0.009737,0.0042786,0.0045339,-0.0083807,-0.0203682,198
2023-05-19,0.0160915,0.0105306,0.0047237,0.00308,0.0019758,0.0170797,0.0057587,198
2023-05-22,-0.0294339,-0.013416,-0.0309422,0.0050067,0.0003435,-0.0107104,-0.0010356,198
2023-05-23,0.0217892,0.021453,0.0216982,-0.000393,0.0055248,0.0171492,0.011462,198
2023-05-24,0.0131663,0.0035448,0.0079804,-0.001123,-8.1e-05,0.013087,0.0105731,198
2023-05-25,-0.013522,-0.0053877,-2.5e-05,-0.0051297,-0.007596,0.0026108,0.0066164,198
2023-05-26,0.0258744,0.0144898,0.0182274,-0.0037227,0.0025848,0.019038,-0.0031523,198
2023-05-29,-0.0141655,-0.0031204,-0.0169115,0.0013122,-0.0008424,-0.0082598,-0.0202452,198
2023-05-30,0.0145004,0.0184633,0.0297777,0.0014283,0.0021512,0.0205308,0.0289663,198
2023-05-31,0.0061196,0.0128458,0.0112143,-0.0020214,-0.0003973,0.0114993,0.0029595,198
2023-06-01,0.0066175,0.0012319,0.0032195,0.0026302,0.0036771,0.0049752,-0.0051077,198
2023-06-02,0.0158085,0.0086439,0.0035404,0.0002443,6.98e-05,-0.0076342,0.0032793,199
2023-06-05,0.0103474,0.0059139,0.0220812,0.0082,0.004001,0.0146248,-0.0104432,199
2023-06-06,-0.0024767,0.004706,-0.0095841,0.00146,0.0079961,0.0033246,-0.0062133,199
2023-06-07,-0.0140869,-1.27e-05,0.0038809,4.43e-05,-0.0029409,-0.0055067,-0.0047915,199
2023-06-08,0.0202902,0.0032409,0.0160194,0.0041049,0.004117,0.0292908,0.0025267,199
2023-06-09,0.0223098,0.0160523,0.0198574,0.0038993,0.0077377,0.0283314,0.0230099,199
2023-06-12,-0.0144697,-0.0045322,-0.0069151,-0.0045107,-0.0028808,-0.0015119,-0.0118529,199
2023-06-13,0.010795,0.0122534,0.0132583,0.0009233,-0.0024512,0.0179514,0.0076826,199
2023-06-14,0.0227992,-0.0010569,0.0122543,-0.0015095,-0.0003563,0.0134256,-0.0023627,199
2023-06-15,-0.0160897,0.0003746,-0.0051414,0.0031197,-0.0017568,-0.0184515,-0.0025013,199
2023-06-16,0.0027378,0.0105486,0.0123419,0.0006243,0.0029888,-0.0061161,-0.0014248,199
2023-06-19,0.0017108,0.004685,0.0028384,-0.0070949,-0.006038,-0.0159977,0.0066718,199
2023-06-20,0.0094855,0.0016524,0.0005266,0.0020649,-0.0018259,0.0146717,-0.0025275,199
2023-06-21,0.0020972,-0.0091559,0.0018675,-0.0042693,0.0037378,-0.0011145,0.0126969,199
2023-06-22,0.0018375,0.008234,0.0165069,0.0013198,0.0057185,0.0111727,0.0052388,199
2023-06-23,0.002814,-0.008446,-0.0035253,0.0016042,0.0023761,-0.0019943,-0.0006368,199
2023-06-26,0.0007163,0.0168757,-0.0053105,-0.0013342,-0.0013908,0.0065413,-0.0047241,199
2023-06-27,0.0076335,0.0057772,0.0211202,-0.0039893,-0.0112605,0.0129553,0.0027289,199
2023-06-28,-0.0047721,0.0139085,0.0043918,0.0012896,0.003762,0.0069719,-0.0086271,199
2023-06-29,-0.000571,0.0114991,-0.0059341,0.0013869,-0.0037613,0.0047059,-0.0276132,199
2023-06-30,-0.0226867,-0.0005422,0.0052126,0.0034482,0.0049496,0.0202808,-0.0034573,199
2023-07-03,0.0045382,0.0078657,0.0020167,0.003029,0.0066343,0.0163657,0.0101057,200
2023-07-04,0.0173815,0.0133069,0.0118416,-0.0003607,-0.0010806,-0.0093862,0.0035082,200
2023-07-05,-0.0087796,-0.0120002,-0.0085201,0.0069136,0.0021842,-0.0006613,-0.0066469,200
2023-07-06,0.005748,-0.0101047,-0.0108555,-0.0023426,-7.78e-05,0.001638,-0.00369,200
2023-07-07,-0.0132114,-0.0087547,-0.0147215,-0.0023107,0.0004799,-0.0231041,-0.0018657,200
2023-07-10,-0.0257367,-0.0176064,-0.0138645,-0.0004153,-0.0057235,-0.0217475,-0.0141754,200
2023-07-11,0.0135002,0.0001157,0.0178782,-0.0022632,-0.0034284,0.0175705,0.0029065,200
2023-07-12,-0.0028889,0.0027992,-0.0081022,0.00188,0.0079314,-0.0114623,-0.0067764,200
2023-07-13,0.0190913,-0.0025902,-0.0036894,-0.0048087,-0.0058578,-0.0103632,0.0031342,200
2023-07-14,0.006168,0.0237646,0.0190164,0.0048782,0.0025975,0.0276608,0.0164395,200
2023-07-17,0.0021447,0.0013504,0.011861,-0.001704,-0.0017676,0.0111477,-0.0012783,200
2023-07-18,-0.0260581,-0.0037301,-0.0223176,-0.0007968,0.0017054,-0.0105569,-0.0121134,200
2023-07-19,-0.0030969,0.0075019,0.001211,0.0032378,0.0053527,-0.0020632,0.0117671,200
2023-07-20,-0.0076817,-0.0073196,-0.0085095,-0.0027645,-0.0010872,-0.0115515,-0.0034082,200
2023-07-21,-0.0033865,0.006974,0.0054694,0.0023835,0.0064923,0.0041415,-0.0126347,200
2023-07-24,-0.0009919,-0.0046317,-0.0081251,0.0039582,0.0014475,-0.0040679,-0.0108571,200
2023-07-25,-5.16e-05,0.0012898,-0.0082079,0.0031852,0.0042299,-0.001801,0.0007732,200
2023-07-26,-0.0022913,0.0012157,-0.0068842,0.0027896,0.0001645,-0.008626,-0.0009254,200
2023-07-27,-0.003775,-0.0064525,-0.0018511,-0.0012942,0.0010947,-0.0098778,0.0016448,200
2023-07-28,-0.0145893,-0.0072749,-0.0127673,0.0021989,-0.0041528,-0.0061589,0.0155342,200
2023-07-31,-0.0045241,-0.0122287,0.0049077,1.01e-05,0.0017317,-0.0118804,0.0084474,200
2023-08-01,-0.0188289,-0.0070806,-0.0140027,0.0004646,0.0029567,-0.0084193,-0.0043328,201
2023-08-02,-0.0205074,-0.0165663,-0.0267863,0.0087496,-0.0027195,0.0038725,0.0005194,201
2023-08-03,-0.0035634,-0.0042813,-0.0010128,-0.0017443,-0.0071367,-0.0106147,-0.0110942,201
2023-08-04,-0.000326,-0.0016205,-0.0021532,0.0003831,-0.0014951,-0.0106446,0.0056889,201
2023-08-07,0.0148256,0.0018377,-0.0060341,0.0028566,0.0004659,0.0065698,-0.007879,201
2023-08-08,-0.0245538,-0.0103673,-0.0150351,-0.0032345,0.0020701,0.0091861,-0.0107996,201
2023-08-09,0.011125,-0.0049897,-0.001496,0.0033842,0.0057582,-0.0066246,0.0081202,201
2023-08-10,0.0214037,0.0092631,0.004548,-0.0033418,-0.0021056,0.0068752,0.0021991,201
2023-08-11,0.0010925,0.0078609,0.0135787,-0.0022487,-0.0045008,0.0169401,0.0017123,201
2023-08-14,-0.0003468,0.0046112,0.0098539,0.0067467,0.0014892,0.0223727,-0.0031155,201
2023-08-15,0.0077854,0.0075689,0.0119143,0.001489,0.0016497,0.0166357,0.0017412,201
2023-08-16,0.0257446,0.0152797,0.0170863,-0.0032582,-0.0007835,0.0078862,0.0161859,201
2023-08-17,-0.0123503,0.0016311,0.0055425,-0.0028233,-0.0047527,-0.0010653,0.0014004,201
2023-08-18,-0.0041801,0.0002131,-0.0029225,0.0049809,0.0045635,0.017287,-0.0002429,201
2023-08-21,-0.0133177,0.0031623,-0.0067762,-0.0009544,-0.0011659,-0.0219394,0.0020955,201
2023-08-22,-0.0073509,-0.0057368,-0.0115923,-0.0054382,-0.0045165,8.1e-06,0.0025175,201
2023-08-23,-0.0152491,0.0106601,0.0096619,0.0007591,0.0038506,0.009721,-0.009908,201
2023-08-24,0.0130475,-0.0020519,0.0060383,-4.49e-05,-0.005343,0.0020606,0.0025217,201
2023-08-25,0.015577,0.0165714,0.0304578,0.0028182,-5.31e-05,0.0203504,0.0033411,201
2023-08-28,0.0099069,0.0056295,0.0095393,-0.0048239,0.0043016,0.0139848,0.0121889,201
2023-08-29,0.0111058,-0.0011789,0.0051794,0.0016183,-0.0054338,0.0110474,-0.0073874,201
2023-08-30,0.0056359,0.0005751,0.0084664,0.0039092,0.0069368,0.0174021,0.0141631,202
2023-08-31,0.0047661,0.010023,0.0159047,-0.0062878,-0.0040366,0.0095043,0.0009358,202
2023-09-01,0.0001606,-0.0038626,0.0059599,0.004405,-0.0064146,0.0041694,-0.0158978,202
2023-09-04,-0.02046,-0.0011039,-0.0142288,0.0029354,0.0018789,-0.0028671,-0.0082753,202
2023-09-05,0.0074254,0.0057351,0.0204157,0.0008449,0.0043924,-0.0029027,0.026366,202
2023-09-06,-0.0117775,-0.0066579,-0.0040857,-0.0018996,-0.0014143,-0.0150753,0.0046665,202
2023-09-07,-0.0228174,-0.0102212,-0.0097404,0.0027633,0.0001229,0.0101533,-0.0022059,202
2023-09-08,-0.000784,-0.0054871,-0.0092613,0.0007084,0.0020061,-0.0066898,0.0017435,202
2023-09-11,0.0142276,0.0135306,0.0054564,0.0018196,0.0030591,0.0347451,0.0018821,202
2023-09-12,0.0007462,0.0016502,0.0171386,0.0068749,0.0025441,0.0237942,0.0034822,202
2023-09-13,-0.0123079,-0.0106284,-0.0143321,-0.0002484,0.0033308,0.0030896,-0.0067153,202
2023-09-14,0.0016801,-0.0044094,-0.0020248,0.0028972,-0.0022076,0.0061609,0.0070403,202
2023-09-15,-0.0043996,0.0091342,0.0084518,0.0003835,-0.0013303,0.005699,0.004567,202
2023-09-18,-0.0105221,-0.0137775,-0.0163568,-0.0055211,0.0006021,-0.0098973,-0.0060941,202
2023-09-19,-0.0105279,-0.0085529,-0.0012985,0.0019655,-0.002443,0.0039354,-0.0032479,202
2023-09-20,-0.0090143,0.0050852,-0.0085832,7.68e-05,-0.0011292,-0.0035376,-0.0323263,202
2023-09-21,0.0179425,0.0013649,-0.0032478,-0.0037231,-0.0015031,-0.0113756,-0.0057563,202
2023-09-22,0.0049075,0.0021584,0.0098666,-0.0022366,-7.68e-05,-0.0054124,0.0009079,202
2023-09-25,-0.0048764,-0.003235,-0.0023863,-0.0052014,-0.0047194,-0.0226592,-0.0100288,202
2023-09-26,0.0074489,0.0075217,0.0037162,0.0035835,-0.0028574,0.0178285,0.0011984,202
2023-09-27,-0.0053318,-0.0006318,-0.015242,-0.0012059,-0.0009029,-0.0065922,0.0026398,202
2023-09-28,-0.0033606,0.0088905,0.0152288,-0.0017134,-0.00959,0.0013717,0.0160365,203
2023-09-29,0.0015633,0.0057725,0.0181827,9.52e-05,-0.0027629,-0.0133618,0.0054508,203
2023-10-02,0.0084204,0.006493,0.0003446,-0.0027344,-0.0019394,0.0186449,-0.0019492,203
2023-10-03,-0.0125445,-0.0107782,-0.0137249,0.0028512,0.001309,-0.0193051,-0.0059282,203
2023-10-04,0.0005586,0.0096828,-0.0002334,-0.0059324,-0.0059643,-0.0054335,-0.0061364,203
2023-10-05,0.0040476,-0.0085915,0.0003981,0.0056,0.003852,-0.0008641,-0.0120217,203
2023-10-06,-0.0003011,-0.0071706,0.0049805,-0.0025034,0.0031519,-0.0071359,0.0037371,203
2023-10-09,-0.0045237,0.0044901,-0.0146818,-0.0034445,-0.0054396,0.0142014,-0.0071722,203
2023-10-10,0.0089763,0.0068964,0.0041651,-0.0055753,0.0023441,0.0026512,-0.0123834,203
2023-10-11,0.0105105,0.0056018,-0.0002281,0.0009631,0.0005646,0.0113246,0.005328,203
2023-10-12,0.0200691,0.00556,0.0252656,0.0024027,0.0018485,-0.0015119,0.0057859,203
2023-10-13,0.0094247,-9.15e-05,0.0018434,-0.0088486,-0.0050955,-0.0219373,0.0173444,203
2023-10-16,-0.0158429,-0.014108,-0.0226181,0.0018835,0.0005226,-0.0062902,-0.0044506,203
2023-10-17,-0.0061891,-0.003907,-0.014577,-0.0019338,-0.0026196,-0.0192299,-0.0201905,203
2023-10-18,0.0253871,0.0154193,0.0217084,0.0002388,-0.0021287,0.0133781,0.0081282,203
2023-10-19,-0.010313,-0.0014052,0.0022013,0.005777,-0.0010672,-0.0094681,-0.0027243,203
2023-10-20,0.0195152,0.0208608,0.0218753,0.0011617,0.0032658,0.019069,0.0019598,203
2023-10-23,0.0099733,0.0007727,-0.0084235,0.0005897,0.0021278,0.0095564,-0.00899,203
2023-10-24,-0.0232592,-0.0106661,-0.0107425,0.0052554,-0.0005212,-0.0060735,-0.0076873,203
2023-10-25,-0.0183532,0.0061196,-0.0075822,-0.0011541,-0.0002505,-0.0082732,-0.0044361,203
2023-10-26,0.0107887,0.0077305,0.0131998,0.0003656,0.0016877,0.0116681,-0.0008252,203
2023-10-27,-0.0063118,-0.0203526,-0.0209751,-0.0026527,-0.016566,-0.0081798,-0.0157349,204
2023-10-30,0.0148112,0.0066577,0.0133457,0.0011816,0.0068728,0.0083897,0.0054005,204
2023-10-31,-0.010458,-0.0238142,-0.0187913,0.0033944,-0.002401,-0.0229109,-0.0136901,204
2023-11-01,-0.0164973,-0.0113765,-0.0103175,0.003744,0.0001975,-0.0045695,-0.0084201,204
2023-11-02,-0.0053574,-8.29e-05,-0.0071032,-0.0002427,-0.0032104,0.0013362,-0.0084271,204
2023-11-03,0.0250854,0.0067961,0.0264844,9.8e-06,0.0032072,0.0123665,-0.0051431,204
2023-11-06,-0.0025923,0.0056403,0.0091417,-0.003774,-0.0037304,0.0073859,0.0173136,204
2023-11-07,0.0193953,0.0076219,0.003612,-0.0007083,-0.00229,0.0102183,-0.0018457,204
2023-11-08,0.0090471,0.0074558,0.0008082,0.0027953,3e-06,0.0053407,0.0165984,204
2023-11-09,0.0247159,0.0069198,0.010618,0.000871,-0.0027021,-0.0001062,-0.0045414,204
2023-11-10,0.0177416,0.0103598,0.009877,0.0029765,0.0054704,0.0133199,0.0002974,204
2023-11-13,0.0192134,0.0238972,0.0319136,-0.0026544,-0.0033349,0.0232655,0.0130134,204
2023-11-14,-0.004365,-0.0139097,-0.0067334,0.0009449,0.0016762,0.0014129,0.0064563,204
2023-11-15,-0.0011557,-0.0030595,-0.0128851,0.0001854,0.0056173,0.0022488,0.0042911,204
2023-11-16,0.0022022,0.0157256,0.0183251,-0.0028142,0.0014812,0.0040684,0.0120174,204
2023-11-17,-0.0037141,-0.0018156,-0.0112202,0.0023375,0.0011841,-0.0115749,-0.0036445,204
2023-11-20,-0.0092383,0.0024197,0.0002092,0.002913,0.0071887,0.0033405,-0.0163887,204
2023-11-21,-0.0103662,-0.0085095,0.0005067,0.0005492,-4.22e-05,-0.0097606,-0.0018641,204
2023-11-22,-0.0003128,-0.0017148,-0.0134998,0.0036011,-0.0013442,0.0040096,0.0002988,204
2023-11-23,-0.0164351,-0.0021391,-0.0064309,-0.000867,0.0014722,-0.0156157,-0.0022134,204
2023-11-24,0.0047215,0.0020534,0.0154425,0.0018834,0.0043273,-0.0088197,0.0185112,204
2023-11-27,0.0012469,0.0015803,0.002553,0.0005509,0.004752,0.0043672,0.0031978,205
2023-11-28,0.0173942,0.011815,0.0214915,-0.0011183,-0.0029552,0.0009086,-0.0087658,205
2023-11-29,-0.0002555,0.0056731,0.0065113,-0.0009068,0.0087239,-0.0019273,0.002697,205
2023-11-30,0.00711,0.0008169,0.0222131,0.0005031,-0.0037924,0.0074528,0.0275001,205
2023-12-01,0.0089889,0.0034311,0.0063101,0.0004113,0.0051555,-0.0021747,-0.0075786,205
2023-12-04,-0.0067975,0.0001291,0.0073036,-0.0001012,0.0016215,-0.0022309,-0.0083025,205
2023-12-05,0.0197522,0.0136674,0.0150461,0.0009345,-0.0025363,0.02029,-0.0040367,205
2023-12-06,-0.0067332,0.001396,0.0023654,0.0048864,0.0030013,0.004996,-0.0118029,205
2023-12-07,-0.0020611,0.0007116,-0.001278,-0.0023226,-0.0012064,-0.0105887,0.0012367,205
2023-12-08,0.0106017,-0.0024667,0.0082194,-0.0018051,-0.0008044,0.0054836,-0.0049278,205
2023-12-11,0.0045638,-0.0021959,-0.0041653,-0.0035025,-0.0058698,-0.014757,-0.002062,205
2023-12-12,0.0173734,0.0114767,0.0147227,4.07e-05,0.000127,0.0054026,0.0083266,205
2023-12-13,-0.0193817,-0.0177104,-0.0172178,-0.0008092,-0.0031992,-0.0042862,-0.0279846,205
2023-12-14,-0.0035972,-0.0007971,0.0025487,1.08e-05,-0.0042932,-0.0056703,-0.0081784,205
2023-12-15,0.0119654,0.0047434,0.0075929,-0.0038152,-0.0031686,0.0014281,0.0074241,205
2023-12-18,0.0269526,0.0103014,0.015431,-0.000293,-0.0086964,0.0095587,0.0117917,205
2023-12-19,0.016115,0.0088673,0.0110706,0.0038238,0.0033944,0.0103227,0.0141453,205
2023-12-20,-0.01007,-0.0003979,-0.009106,0.0025407,0.0011637,0.0065249,-0.0207312,205
2023-12-21,-0.0045869,-0.020077,-0.0098344,-6.3e-06,-0.0070166,-0.017722,0.0005939,205
2023-12-22,-0.0030762,-0.0094205,-0.0112323,-0.0022989,0.0001467,-0.0145023,0.0024526,205
2023-12-25,0.0003026,0.0025766,0.0012984,0.0012938,-0.0008847,-0.0094513,-0.0059369,205
2023-12-26,0.0011639,-0.0097381,-0.0142289,0.0014333,-0.0038675,-0.0074887,0.0025774,206
2023-12-27,0.0088231,0.0113694,-0.0083579,-0.0012592,-0.002973,0.0158795,0.0027979,206
2023-12-28,-0.0123801,-0.0116802,-0.0070293,0.0034037,-0.0016169,-0.0011645,0.0067163,206
2023-12-29,-0.0077586,-0.0088643,0.0059221,4.08e-05,0.0015293,-0.0122089,0.0044133,206
2024-01-01,0.0017111,0.0117529,-0.0003085,-0.0022905,0.0031897,0.0019234,-0.0048696,206
2024-01-02,0.0002498,-0.0092967,0.0016076,0.0060661,-0.0013192,-0.0086647,0.00519,206
2024-01-03,-0.0184892,-0.0169938,-0.0205717,-0.0001934,-0.0078564,-0.0187,0.0034658,206
2024-01-04,0.0077772,0.0154036,0.0094811,-0.0074654,-0.0053215,0.002909,0.0113871,206
2024-01-05,-0.0020057,-1.53e-05,-0.0123773,0.0005688,0.0067119,0.0041984,-0.0111796,206
2024-01-08,0.0034093,-0.0033403,-0.0036907,0.0026786,-0.0001373,-0.0004637,0.0107852,206
2024-01-09,-0.0084723,-0.0242388,-0.0107678,0.0009104,-0.005112,-0.0083416,0.0060088,206
2024-01-10,-0.0356571,-0.020927,-0.0354842,0.0011551,0.001648,-0.0126361,-0.0026372,206
2024-01-11,-0.0229,-0.0052257,-0.0115685,-0.0029655,0.0017747,-0.0156952,0.0024545,206
2024-01-12,0.0082065,0.0018714,0.0016383,0.0027989,0.0013137,0.0142832,-0.0075052,206
2024-01-15,-0.0226261,-0.0142521,-0.0133655,0.0025675,-0.0069879,-0.0185826,-0.0120936,206
2024-01-16,-0.0049779,0.0023499,0.0004184,-0.0064048,-7.75e-05,-0.0106016,-0.0025139,206
2024-01-17,-0.0098896,-0.0122607,-0.006141,0.0016535,-0.0049007,-0.006851,-0.015282,206
2024-01-18,-0.0240634,-0.0079391,-0.0119929,0.0007708,0.0024345,-0.0174811,-0.0136522,206
2024-01-19,0.0002821,0.0112358,-0.0008445,-0.0011294,0.0021385,0.0156157,-0.0020415,206
2024-01-22,-0.0220715,-0.0017294,-0.0150383,0.0021634,-0.0022259,-0.0099729,-0.0157068,206
2024-01-23,0.0002663,-0.0058983,-0.0072183,0.0007023,0.0012046,0.0034123,-0.0068594,206
2024-01-24,0.0082755,0.01762,0.005201,-0.0074445,-0.0013233,0.0097207,-1e-06,207
2024-01-25,0.0106216,0.0062729,0.0114115,-0.001091,-0.0005047,0.0185763,-0.009183,207
2024-01-26,0.0070098,-0.0022649,0.0050297,0.0019807,-0.0009637,-0.0009006,0.0019188,207
2024-01-29,-0.0070409,-0.0020052,-0.0145465,0.0017564,-0.0023,-0.0049315,-0.0287296,207
2024-01-30,0.0153386,0.0124518,0.0124814,-0.0017202,0.0005398,0.012967,-0.0113517,207
2024-01-31,-0.0097627,0.0097571,0.0119497,-0.0025191,0.0021826,0.0036437,0.0058161,207
2024-02-01,0.0041159,-0.0014511,0.0029006,0.0011574,-0.0059287,0.0109554,-0.0057582,207
2024-02-02,0.0037881,-0.0103136,-0.0116886,0.0009243,-0.0010901,-0.0155442,-0.0001466,207
2024-02-05,-0.0033234,-0.0014003,0.0033452,0.0072901,0.0073116,0.0160422,-0.003932,207
2024-02-06,0.0184219,0.0059539,0.0061324,-0.0011228,0.0015096,0.0106428,-0.0029332,207
2024-02-07,-0.0068468,-0.0016506,-0.0067631,0.0035913,0.0033386,0.0031759,-0.0087297,207
2024-02-08,-0.009035,-0.0063245,-0.0004484,0.0056103,0.0055973,0.0215371,0.0056857,207
2024-02-09,0.0014793,0.0091964,0.0216745,0.0029169,0.0036152,-0.0017092,0.0097122,207
2024-02-12,0.0359946,0.0126672,0.0133482,0.0015053,1.5e-05,0.0122655,0.0037665,207
2024-02-13,-0.0007916,-0.0089291,-0.0164607,0.0020328,-0.0055875,-0.007017,-0.0072266,207
2024-02-14,0.007916,0.0108681,0.0222665,-0.0034766,0.0046881,0.0028218,0.0085027,207
2024-02-15,0.0012106,0.0182934,0.0203439,0.0004666,0.000979,0.0128874,0.0093799,207
2024-02-16,0.0049285,0.015052,0.0007926,-0.0015877,-0.0002183,0.0141033,0.0062958,207
2024-02-19,0.0211824,0.0038463,0.0050192,-0.0016734,0.0008138,0.0111282,-0.0113466,207
2024-02-20,0.020023,0.0161726,0.0149886,0.0007559,0.0031651,-2.04e-05,-0.0143948,207
2024-02-21,-0.0296266,-0.0301172,-0.0277522,0.0034087,-0.0035727,-0.0151482,-0.0023105,207
2024-02-22,-0.0212421,-0.0104665,-0.0128039,-0.0016807,0.0043049,-0.0098031,-0.0155636,208
2024-02-23,0.0031935,0.0049148,0.0023848,-0.0019355,-0.0062191,0.0071916,-0.0162155,208
2024-02-26,0.0137218,0.0054199,-0.0076953,0.0034556,0.0023973,-0.0064621,-0.0027808,208
2024-02-27,0.014917,0.0160463,0.0015151,-0.0021348,0.0040508,0.0263169,-0.0266273,208
2024-02-28,-0.0189578,-0.0224768,-0.0342781,0.000103,0.0010496,-0.0213435,-0.0129387,208
2024-02-29,0.0159091,0.018701,0.013336,0.0073611,0.0053385,0.0090063,-0.0019406,208
2024-03-01,-0.0199149,0.0033595,-0.0062966,-0.0009275,0.0011183,-0.0186986,0.0059386,208
2024-03-04,0.007641,0.015852,0.0065134,-0.0011207,-0.0028832,0.0080022,-0.0008962,208
2024-03-05,0.0267857,0.0253057,0.0304608,-0.0013314,-0.005146,0.0162823,0.0134278,208
2024-03-06,0.0019736,-0.0103637,-0.0108226,0.0013917,-0.0006045,0.0095669,-0.0283111,208
2024-03-07,0.005174,-0.000658,-0.0086025,0.0001184,0.0031745,0.0137777,0.0106348,208
2024-03-08,0.0020981,0.0084778,0.0081312,-0.0052178,0.0021704,0.0025398,-0.00281,208
2024-03-11,0.016276,-0.00656,-0.001503,-0.0003674,0.0012567,-0.0087123,0.0172904,208
2024-03-12,0.0168847,-0.0037765,0.0049199,0.0001718,0.002541,0.0103377,0.0036485,208
2024-03-13,0.012489,0.0044101,0.0244785,-0.0008332,-0.00141,0.0057734,-0.009835,208
2024-03-14,0.0118099,0.0131842,0.0308564,-0.0033113,-0.0025844,0.001138,0.0203649,208
2024-03-15,0.017379,0.0002254,-0.0118455,0.0003755,-0.0070545,-0.0014218,0.0010189,208
2024-03-18,-0.0050594,0.0070797,0.020938,0.003658,-0.0007685,0.0024166,0.0183364,208
2024-03-19,-0.0036874,0.016159,0.0084596,0.0019278,0.0013809,0.0177149,-0.0004549,208
2024-03-20,-0.0113816,-0.0056822,-0.0108039,0.0037062,0.004171,-0.0008054,-0.0002973,208
2024-03-21,-0.0127709,0.0020432,-0.0047396,0.001544,0.0001913,-0.0049539,-0.0080574,208
2024-03-22,0.0073881,0.0080934,0.0107123,0.0038778,0.0023276,0.0213681,0.001792,209
2024-03-25,0.0162452,0.0059926,0.0122519,0.0005223,-0.0047611,0.0112001,0.0037246,209
2024-03-26,0.0041515,0.000123,0.0070297,0.0054618,0.0073669,0.0111057,0.0013029,209
2024-03-27,0.0014264,-0.0035943,0.0008517,0.0039594,0.001239,-0.0068529,-0.0126965,209
2024-03-28,0.0015761,0.0014916,-0.0010504,0.0039765,0.0032045,0.0107611,-0.0185496,209
2024-03-29,0.0211204,0.0222936,0.0213418,-0.002836,-0.0057012,0.0108108,-0.0033549,209
2024-04-01,0.0045834,0.0050958,0.0033522,0.0009314,0.0046738,0.010247,0.000134,209
2024-04-02,-0.0088707,-0.0114327,-0.0211711,0.0056401,0.0019608,-0.0064438,-0.0064874,209
2024-04-03,-0.001968,-0.0075885,-0.0079652,0.0044957,0.0033729,0.0069863,-0.0058946,209
2024-04-04,-0.0239883,-0.0030976,-0.0166591,-0.0004539,0.0027133,-0.012555,-0.0161538,209
2024-04-05,0.0209926,0.0188979,0.0225673,-0.0018136,0.0043665,0.0059917,0.0017589,209
2024-04-08,-0.0110637,-0.0007619,-0.0106269,0.003587,-0.0027043,0.0030184,-0.0111183,209
2024-04-09,0.0051123,0.0088537,0.0013899,-0.0027426,-0.0011689,0.0004474,-0.0130187,209
2024-04-10,-0.0014799,-0.0052053,-0.0085411,0.0013584,-0.0014114,-0.0024076,-0.0008347,209
2024-04-11,-0.0140416,0.0154496,0.0135513,-0.0015527,0.0018757,0.0007574,-2.13e-05,209
2024-04-12,-0.0027552,0.0083464,0.0020197,0.0060705,0.0070922,0.016779,0.0007476,209
2024-04-15,-0.0022231,-0.0015409,0.0040204,0.0016087,0.0026175,0.0035567,0.0013465,209
2024-04-16,0.0091126,-0.0010881,0.0050841,0.0018411,-0.0025015,0.0002657,0.0054471,209
2024-04-17,-0.0089878,0.0057441,0.0069076,0.0045631,0.0054793,-0.0043758,-0.0005791,209
2024-04-18,0.0063931,0.0015734,0.0171808,-0.0044056,-0.0048231,0.0137896,0.0174544,209
2024-04-19,0.0013355,-0.0009024,0.0110522,-0.0003968,-6.4e-05,-0.01417,-0.0116013,209
2024-04-22,-0.0007029,0.007288,0.0055486,0.0027535,-0.0002032,0.0106698,0.0070124,210
2024-04-23,-0.0079639,0.0008195,-0.0040287,0.0004726,0.006782,0.0076107,0.0229701,210
2024-04-24,0.0194647,0.0075305,0.0184483,-0.0034159,-0.0034911,0.0066488,0.009344,210
2024-04-25,-0.0278767,-0.0336183,-0.0050581,0.0007101,0.0002981,-0.0234608,0.0023929,210
2024-04-26,-0.0036021,0.00488,0.0034181,-0.0023815,-0.000179,-0.0036688,-0.0106277,210
2024-04-29,-0.0004808,0.0082733,0.012256,-3.19e-05,-0.001602,0.017701,-0.004483,210
2024-04-30,-0.0188409,-0.0174827,-0.0148083,-0.0017142,-0.0068364,-0.0162152,0.0060688,210
2024-05-01,-0.0227402,-0.0092462,-0.0111814,-0.0010864,-0.0004243,-0.0115273,-0.0161646,210
2024-05-02,-0.0084662,0.0038298,0.004438,0.0011064,7.27e-05,0.0094947,-0.0017789,210
2024-05-03,-0.0073663,-0.0044374,-0.0052533,-0.0038724,-0.0062526,-0.0152824,-0.002871,210
2024-05-06,0.0063809,0.0011002,0.0130242,-0.0003332,0.0031833,0.0008582,0.0113921,210
2024-05-07,-0.0018307,-0.0009094,-0.0059314,0.0020889,0.0030644,0.0056984,0.0017039,210
2024-05-08,-0.0103771,-0.0059423,-0.0081774,-0.0049307,-0.005828,-0.0048912,-0.0060681,210
2024-05-09,-0.0078603,-0.005595,-0.0101378,0.0043513,0.0052457,-0.0041345,-0.0131589,210
2024-05-10,0.0141472,0.0072589,0.0094823,-0.0007185,-0.0022977,-0.0032732,0.0171993,210
2024-05-13,-0.0095933,-0.0007215,-0.0073598,0.004032,0.0036859,0.0111376,-0.0002528,210
2024-05-14,0.0189366,0.0085145,0.009284,0.0007501,0.0009371,0.0109438,-0.004697,210
2024-05-15,0.0135956,-0.003327,-0.0002713,0.0018339,0.0031923,0.0042617,-0.0148287,210
2024-05-16,0.0107796,0.0093527,0.0191454,0.0024261,0.0025424,0.0219466,0.0171061,210
2024-05-17,0.0066356,0.0002013,0.007274,-0.0023383,0.0007584,-0.0051896,0.0027056,210
2024-05-20,0.0056548,0.0078257,0.0027417,0.0013122,0.0077523,0.0114139,-0.0192355,210
2024-05-21,0.0130871,0.010265,0.0086815,-0.0044704,-0.0029498,0.0065449,0.0040321,211
2024-05-22,-0.0089928,-0.009523,-0.0152073,-0.0008364,-0.0039761,-0.0056536,-0.004382,211
2024-05-23,0.011443,-0.0066745,-0.0066638,0.0020597,0.0017233,0.0064379,-0.0160041,211
2024-05-24,-0.0066238,-0.0098811,-0.0197862,-0.0012284,-0.0065467,-7.45e-05,-0.0061643,211
2024-05-27,0.0186468,0.0063793,0.0007768,0.0043636,0.0033221,0.0015485,0.0004058,211
2024-05-28,-0.0115512,-0.0112699,-0.0201755,-0.0017489,-3.06e-05,-0.0089115,-0.0030263,211
2024-05-29,0.0090205,-0.0005082,0.0055868,0.0044757,0.005127,0.0061208,0.0011317,211
2024-05-30,-0.0235531,-0.0136983,-0.0270254,-0.0018028,-0.0005259,-0.0043871,-0.0125421,211
2024-05-31,-0.0172834,-0.0051941,0.000614,0.0048261,0.0031309,-0.00448,0.0159575,211
2024-06-03,0.0032312,0.0110072,-0.0078,-0.004541,-0.0010954,-0.0152174,0.0015543,211
2024-06-04,0.0080746,-0.0129436,-0.0113732,-0.000388,-0.0002945,-0.0112717,-0.0226942,211
2024-06-05,-0.0080671,-0.0014957,-0.0048344,-0.0017171,-4.99e-05,-0.0097815,0.0091475,211
2024-06-06,-0.0066473,-0.0056215,-0.0050949,-0.0023683,-0.0022738,0.0126259,-0.0003633,211
2024-06-07,0.0085005,0.0027687,-0.0013339,0.0011972,-0.0011391,0.0040404,-0.0117781,211
2024-06-10,-0.0002448,0.0061475,-0.0083639,-0.0038834,-0.0004766,0.0015309,0.0095601,211
2024-06-11,-0.0002721,0.0017143,0.0007498,0.0004214,0.0037447,-0.0103246,0.0037528,211
2024-06-12,0.0254231,0.0146982,0.0315076,-0.0016109,0.0051473,0.0092526,-0.0074178,211
2024-06-13,-0.0051755,0.0027855,0.0013146,0.0017293,0.00056,0.0011327,-0.0015374,211
2024-06-14,-0.001718,0.0046002,0.006832,0.0018128,0.0025307,0.0034005,0.0085386,211
2024-06-17,0.0025081,0.0047471,-0.0004992,-0.0022062,-0.0012365,-0.0044064,0.0008719,211
2024-06-18,0.0236376,0.0110622,0.0267513,-0.0018734,0.0031475,0.0153302,0.0104072,211
2024-06-19,-0.0015197,-0.0143644,-0.016497,0.0013978,0.0012558,-0.0051727,-0.0204603,212
2024-06-20,-0.0086067,1.41e-05,0.0011478,0.0003657,0.004237,0.0187254,-0.0008886,212
2024-06-21,-0.001382,-0.0076875,0.0062969,-0.004238,-0.000882,-0.0076572,0.0151163,212
2024-06-24,0.0131751,-0.0015906,0.0076867,-0.0035612,0.0005818,0.0020329,0.0140282,212
2024-06-25,0.0051222,0.0053326,-0.0003155,-0.0031221,-0.006029,0.0017583,-0.0051911,212
2024-06-26,-0.0099921,0.0012002,-0.0047464,-0.000226,-0.0033284,0.005489,-0.0014726,212
2024-06-27,-0.0095732,-0.0059506,-0.0096546,0.0015301,0.0056082,0.0064326,-0.0063037,212
2024-06-28,0.0271632,0.0021312,0.0174198,-0.0052324,-0.0065158,0.0027898,-0.0064886,212
2024-07-01,0.0074858,0.0227999,-0.0066819,-0.001994,0.0057533,0.0106793,-0.0153903,212
2024-07-02,0.0107503,0.0009811,0.0033458,-0.0010173,-0.0018371,-0.0099573,-0.0063023,212
2024-07-03,-0.0182833,-0.0012707,0.0092694,0.0007866,-0.0004556,-0.0029576,0.0109698,212
2024-07-04,0.0008851,0.0054059,0.0137456,-0.0004392,-0.000363,0.0023271,0.0108418,212
2024-07-05,-0.0118286,0.0081001,-0.006068,-0.0010892,0.0017901,-0.0136091,-0.0081372,212
2024-07-08,-0.0022375,-0.0078309,-0.0068686,-0.0053595,-0.0024011,-0.0080696,0.0160824,212
2024-07-09,-0.0278588,-0.0149178,-0.0250839,-0.0048798,-0.0003541,-0.0143208,-0.0073905,212
2024-07-10,-0.0098491,-0.0031412,-0.0014382,-0.0070179,-0.0038758,-0.0079062,-0.0049607,212
2024-07-11,0.013858,-0.001845,0.0052275,0.0007429,-0.0016331,0.017972,-0.0104325,212
2024-07-12,-0.0032798,-0.0023945,0.0125302,-0.0047842,-0.008429,0.0152393,0.009543,212
2024-07-15,0.0060298,-0.0028724,0.003207,0.0018755,-0.0010554,-0.0041919,0.0018622,212
2024-07-16,0.0031335,-0.0050411,-0.0125497,-0.000508,0.0018815,0.0061275,0.0036505,212
2024-07-17,0.004537,0.0028078,0.0125339,-0.0039846,-0.0065142,-0.0111868,0.0068694,212
2024-07-18,-0.0117783,-0.0066857,-0.0073188,-0.0026957,-0.0055956,-0.0110613,0.0030972,213
2024-07-19,-0.0196153,-0.0065436,-0.0147296,-0.0034861,0.0008309,-0.0198571,-0.0179708,213
2024-07-22,0.0061046,0.0041986,-0.001764,0.0068271,0.0028216,0.0058534,-0.0067402,213
2024-07-23,0.0068637,-0.0020243,-0.007183,0.0035665,-6.02e-05,0.0046241,-0.00396,213
2024-07-24,-0.0103195,-0.0120432,-0.0111592,0.0001261,-0.0079387,-0.0098472,-0.0114545,213
2024-07-25,-0.0114702,0.0022115,-0.0062818,-0.0018706,-0.0046462,0.0002322,0.0117534,213
2024-07-26,0.010101,-0.0032365,-0.0070622,-0.000785,0.0014719,-0.0154583,0.0070221,213
2024-07-29,-0.0008416,-0.0008173,0.0064861,-0.0008767,-0.0032153,-0.0065531,0.0053308,213
2024-07-30,-0.0120065,-0.0098883,-0.0150637,-0.0018751,-0.0005711,-0.005222,-0.0139601,213
2024-07-31,0.0060671,0.0143581,0.024157,-0.0007505,-0.0033224,0.0009323,0.0087774,213
2024-08-01,-0.0135942,-0.0191961,-0.0210412,0.0058158,0.0022573,-0.0009899,-0.0038775,213
2024-08-02,0.0120618,0.0063424,0.0221284,-0.00486,-0.0045041,0.0059633,0.0079756,213
2024-08-05,-0.0015642,0.009989,0.0026832,-0.0018456,-0.005506,0.006046,-0.0002443,213
2024-08-06,-0.0078005,-0.0078843,-0.0113496,0.0037525,-0.0033649,-0.0138452,-0.0068809,213
2024-08-07,0.0256603,0.0141704,0.0069688,-0.0001632,0.0012445,0.0201595,-0.0193613,213
2024-08-08,-0.0070331,0.0022992,-0.0053026,-0.0056096,-0.004382,-0.0103348,-0.0050176,213
2024-08-09,-0.0004728,0.0054751,-0.0004445,0.002324,0.0050204,0.0037279,-4.49e-05,213
2024-08-12,-0.0034039,-0.0135757,-0.0111831,0.0008428,-0.0030792,-0.004902,-0.0038916,213
2024-08-13,-0.0036672,-0.0024287,-0.0070447,-0.0021906,-0.0036886,-0.0087222,-0.0074918,213
2024-08-14,0.0139233,0.0134072,0.0090005,-0.0045165,-0.0016107,0.0061901,0.00143,213
2024-08-15,-0.0072732,-0.0032441,-0.0093084,0.0069759,0.0087588,0.0050276,-0.0026394,213
2024-08-16,-0.005374,0.0025452,-0.0015431,-0.002558,-0.0033484,-0.0029285,-0.0032297,214
2024-08-19,0.0178035,0.0054504,0.002149,-0.0101397,-0.006103,0.0128344,0.0049924,214
2024-08-20,-0.0097221,-0.0011483,0.0072468,-0.0026439,-0.0002582,0.0020407,0.0075834,214
2024-08-21,-0.0056033,-0.0084977,-0.0094234,0.0006048,-5.32e-05,-0.0109481,-0.0144437,214
2024-08-22,-0.0031477,-0.0044425,-0.0073465,0.0005138,0.0008129,0.0100389,-0.0088427,214
2024-08-23,-0.0255758,-0.0131986,-0.015065,0.0030767,0.0012968,-0.00263,-0.0068257,214
2024-08-26,-0.0108957,-0.0076077,0.0021405,0.0057676,0.0051032,0.0014645,0.0076919,214
2024-08-27,-0.0064273,0.001632,0.0183261,-0.0057543,-0.0059492,-0.0051932,0.0056762,214
2024-08-28,-0.0077255,-0.0001193,-0.0066899,0.0014974,0.0006319,-0.0082362,-0.0084665,214
2024-08-29,-0.0076876,-0.0080182,-0.0146162,-0.0058086,-0.0114744,-0.0119684,-0.0121707,214
2024-08-30,-0.02746,-0.0033,-0.0252422,8.91e-05,-0.003239,-0.0194758,-0.0186226,214
2024-09-02,0.0102539,-0.0038626,0.0026984,-0.0085755,-0.0074855,-0.009204,-0.00628,214
2024-09-03,0.0030676,-0.0054702,-0.0039495,0.0058499,0.0045961,-0.0016784,-0.0140386,214
2024-09-04,-0.0148324,-0.0102291,-0.0004584,-0.0014002,0.0026167,0.0009959,0.0121649,214
2024-09-05,0.034833,0.021024,0.0328947,0.0023063,0.0026331,0.0168243,0.0005972,214
2024-09-06,0.0015772,-0.0024266,-0.0093357,-0.0053516,-0.0051297,-0.002485,-0.0100783,214
2024-09-09,0.0113847,0.000356,0.0143569,-6.9e-05,0.0010061,0.0069488,0.0128086,214
2024-09-10,0.0021449,0.0136622,-0.0030367,-0.0058258,-0.0040107,0.0068668,0.011484,214
2024-09-11,0.0032356,-0.00411,-0.0035173,0.0022187,0.0041951,0.011251,0.0048982,214
2024-09-12,0.0031903,-0.0001247,-0.0177234,0.0021265,0.0082981,-0.0078712,-0.0130709,214
2024-09-13,-0.0100041,-0.0125867,-0.014601,-0.0005218,0.0007208,-0.0021075,-0.0007055,214
2024-09-16,-0.0014268,-0.0110989,-0.0067205,0.003129,-0.0040283,0.010867,-0.0067532,215
2024-09-17,-0.0150518,-0.0045032,-0.0149411,-0.0002569,-0.0013068,-0.0020568,0.0021122,215
2024-09-18,-0.0042206,-0.0109337,-0.0050296,-0.0017775,-0.0072566,0.000691,0.0126274,215
2024-09-19,0.0194577,0.0080347,0.0086559,-0.0002664,-0.0012639,0.005052,-0.0087975,215
2024-09-20,0.0090118,-0.0046725,-0.0023184,0.002394,0.0006566,-0.0090862,0.0100822,215
2024-09-23,0.0177465,0.0040825,0.0164025,-0.0011154,-0.0005477,-0.0057202,0.0018673,215
2024-09-24,-0.0037031,0.0017145,0.0051118,-0.0005516,0.0015209,-0.0044681,0.0097094,215
2024-09-25,0.0037699,0.0041246,0.0145087,-0.0019411,-0.0025417,-0.002217,-0.0101751,215
2024-09-26,-0.0180693,0.0020648,-0.0158848,-0.0020261,3.71e-05,-0.0037745,-0.0121757,215
2024-09-27,0.0006538,-0.0050001,-0.0063648,0.0002504,-0.0068534,-0.0129474,0.0056907,215
2024-09-30,-0.0029197,0.0065753,-0.0034424,-0.0038667,-0.0015295,-0.0128943,0.0074223,215
2024-10-01,-0.0104881,-0.0082124,-0.0089722,3.98e-05,0.0018766,-0.0077557,-0.0046575,215
2024-10-02,0.0038348,-0.0049335,-0.0079226,0.0007268,0.0046211,-0.0041346,-0.0012897,215
2024-10-03,-0.0250813,-0.0100722,-0.0119372,0.0076107,0.0010212,-0.0145242,-0.0129268,215
2024-10-04,-0.0053558,-0.0116423,-0.0195392,0.0024576,0.0013275,-0.0133525,-0.017441,215
2024-10-07,-0.0084743,-0.0032558,-0.0050946,0.0072156,0.0063936,0.0054459,-0.0023498,215
2024-10-08,0.0106245,0.0044514,0.0126533,-0.0023333,-0.0001043,0.0109121,0.0059192,215
2024-10-09,0.0190511,0.0039774,0.0102857,0.0004677,0.0010365,0.0055809,-0.0065086,215
2024-10-10,0.0038479,-0.005925,0.0132906,-0.0024292,-0.0009426,-0.000707,0.0191297,215
2024-10-11,-0.0033904,0.0007483,-0.0051404,0.0035457,-7.34e-05,-0.008425,-0.0136931,215
2024-10-14,0.0093578,0.0079985,0.0091931,0.0035837,0.0067852,0.0232471,0.0043444,215
2024-10-15,0.0010515,-0.01031,0.0076813,-7e-07,-0.0024804,-0.0028921,0.0072242,216
2024-10-16,-0.0159576,-0.0028354,-0.0079122,0.0029919,0.0031719,-0.0035264,-0.0254915,216
2024-10-17,0.0045652,0.0020221,-0.0029848,0.0012034,-0.0002064,0.0001932,-0.0055029,216
2024-10-18,-0.0091061,0.0002246,-0.0029628,-0.0048997,-0.0047584,-0.0022561,0.0180446,216
2024-10-21,-0.0042238,0.0047178,-0.0150361,-0.0039139,-0.0052339,0.0026412,0.0007944,216
2024-10-22,-0.0119013,-0.0076603,-0.0168283,-0.0050534,-0.000421,-0.0197673,0.0037635,216
2024-10-23,0.0034296,-0.002277,0.0028708,-0.0030487,-0.0022212,0.0049585,0.0016689,216
2024-10-24,-0.0006033,0.0014213,-0.0011581,0.0049292,-0.0022702,0.0142571,-0.0033972,216
2024-10-25,0.0074923,0.0081888,-0.0023064,-0.0017594,0.0043248,-0.0005855,-0.0039243,216
2024-10-28,-0.0042813,-0.0019628,-0.0036186,-0.0034793,0.0006911,-0.0113603,0.0124271,216
2024-10-29,-0.0026437,-0.0088423,-0.005296,0.0030728,0.0035198,0.0102127,-0.0100472,216
2024-10-30,-0.0085275,-0.003834,-0.0179241,-0.0007557,0.0030566,-0.0017347,0.0092162,216
2024-10-31,0.0033429,0.0074899,0.0049206,0.0022071,-0.0005857,0.0113914,0.0098261,216
2024-11-01,0.00276,0.0054632,-0.0031182,-0.0062241,-0.0039495,-0.0093766,0.0007319,216
2024-11-04,0.0103017,0.0134308,0.0022015,-0.0013459,0.0011982,0.004311,-0.00704,216
2024-11-05,0.0014656,0.0081272,0.0126819,-0.0015247,-0.0055566,0.0167231,0.0009435,216
2024-11-06,0.0025596,-0.016069,-0.0064548,-0.0032084,-0.0065788,-0.0058005,-0.0098863,216
2024-11-07,0.0301391,0.0191506,0.045673,-0.0019007,-0.0029535,0.0259919,0.02564,216
2024-11-08,-0.0145411,0.0005905,-9.22e-05,-0.0006884,-0.003306,0.003331,-0.0058367,216
2024-11-11,0.0158028,0.0096633,0.0125031,0.0029458,0.0096684,0.0103981,-0.012228,216
2024-11-12,0.0097782,-0.0015983,0.0021382,-9.73e-05,0.0025151,0.0032226,-0.0094688,216
2024-11-13,-0.0035163,-0.0084817,-0.0199288,-0.0003721,0.0044607,-0.0192482,0.012754,217
2024-11-14,0.0312954,0.0234877,0.0291644,0.0028095,0.0075767,0.0158969,0.0146873,217
2024-11-15,0.0016127,0.0009299,-0.0019491,0.0008235,-0.0038196,0.0020181,-0.0070492,217
2024-11-18,-0.001088,-0.002491,0.003379,-0.0017245,0.0039538,0.0064,-0.004864,217
2024-11-19,0.0025889,-0.0033875,-0.0056361,-0.0039072,-0.0039001,-0.012062,-0.0084972,217
2024-11-20,-0.0038132,0.0028061,0.0033499,0.0023009,0.002994,-0.0038933,0.0003452,217
2024-11-21,0.0021953,0.0084198,0.0147688,0.0032917,0.0062802,0.0196337,-0.0013742,217
2024-11-22,0.0063965,-0.0011698,0.0030675,-0.0017719,0.0018748,2.98e-05,0.0117151,217
2024-11-25,0.0063166,-0.0035769,0.0152593,-0.0014367,-0.0005218,0.0130925,0.0208513,217
2024-11-26,0.0108127,0.011938,0.0207976,9.36e-05,0.0004967,-0.0044654,0.0067795,217
2024-11-27,0.0001247,-0.0024112,0.0022473,-0.0013187,-0.0028454,0.0119041,0.004632,217
2024-11-28,-0.0040678,-0.007182,-0.0024454,0.0035995,0.0017007,-0.0052005,-0.0005786,217
2024-11-29,-0.02258,-0.002185,-0.0195059,-0.0011698,-0.0020579,-0.0025464,-0.0085434,217
2024-12-02,0.0200048,0.0078439,0.0173057,0.0054171,0.0013783,0.0026565,0.0058079,217
2024-12-03,0.000471,0.0010263,0.0016611,0.0001561,-0.0027285,-0.0010974,-0.0151947,217
2024-12-04,0.0101028,0.0057096,-0.0027013,-0.0010685,-0.0015993,0.0068006,0.0011885,217
2024-12-05,-0.0072616,-0.0152407,-0.0023717,-0.0007483,-0.0007641,-0.015842,0.0027536,217
2024-12-06,-0.0009045,0.007053,0.0087764,-0.0003541,-0.0020988,0.0062536,-0.0022143,217
2024-12-09,-0.0142284,-0.0068553,-0.015273,-0.0012556,-0.0018235,-0.0180213,-0.0114002,217
2024-12-10,0.0045883,0.0037164,0.0032537,-0.0037155,-0.0054679,-0.0070041,-1.9e-05,217
2024-12-11,0.0168427,0.0098743,0.0136317,0.0013347,0.0049954,0.0169046,0.012479,217
2024-12-12,5.5e-05,0.0051142,-0.001768,-0.0035365,0.002045,0.0092426,0.0194956,218
2024-12-13,0.004756,-0.0074397,-0.0096808,-0.0012079,-0.0030019,-0.006521,-0.0054381,218
2024-12-16,-0.0053327,0.0145373,0.0200184,0.0007805,0.0015748,0.0100253,0.005452,218
2024-12-17,0.0062751,-0.0050516,-0.0115912,0.0010084,0.0050405,-0.0062224,-0.0054683,218
2024-12-18,0.0004794,0.0100628,0.0180936,-0.002843,-0.0039506,0.0088672,0.0027961,218
2024-12-19,0.014223,0.0153836,0.0264346,-0.0066497,-0.0042715,0.022235,0.0212518,218
2024-12-20,-0.0260791,0.0033862,0.007192,0.0040918,0.0055817,0.0186412,0.014397,218
2024-12-23,-0.0025262,-0.007483,0.0008008,-0.0004862,0.0012825,-0.0063032,0.0033826,218
2024-12-24,-0.0002091,-0.0017878,0.0135116,0.0021164,0.005963,-0.0079782,0.006218,218
2024-12-25,0.0112731,0.0072086,0.0187293,-0.0023389,0.0015619,0.008034,0.0261866,218
2024-12-26,0.0111074,0.0113891,0.0067406,0.002963,0.0012292,0.0001118,0.0017154,218
2024-12-27,-0.0135728,-0.0046001,-0.0153603,0.0007834,-0.0044889,0.0005785,0.0032067,218
2024-12-30,-0.0068168,0.0030525,-0.0002123,-0.0001917,-0.0022243,-0.0085495,-0.0090402,218
2024-12-31,-0.0013913,-0.0056318,-0.0033898,-0.0051251,-0.0042538,0.0099952,0.0151349,218
2025-01-01,-0.0087172,-0.0011557,-0.0041774,-0.0002738,-0.0014391,-0.0057912,0.0056703,218
2025-01-02,-0.024979,-0.0171301,-0.0356366,0.0054923,-0.0001819,-0.0148279,-0.0006907,218
2025-01-03,0.0109121,0.006002,0.0147015,-0.0010616,-0.0079867,-0.0064354,-0.0086895,218
2025-01-06,-0.0143169,-0.0101397,-0.0041962,-0.0034028,-0.0004088,-0.0072736,-0.0079709,218
2025-01-07,0.0122449,0.0021519,0.0035585,0.0053321,0.005058,0.0140156,0.0079337,218
2025-01-08,0.0030977,-0.0051917,-0.0050094,0.0016141,-0.0004653,0.0024499,0.0025157,218
2025-01-09,0.0115786,0.0053214,0.0177214,0.0022609,0.0020374,0.0141361,0.0005473,218
2025-01-10,0.0056898,-0.0006372,-0.0072309,-0.0025381,0.0038236,0.0036836,-0.0045513,219
2025-01-13,-0.0041329,-0.0014017,-0.0146198,-0.0081034,-0.0099428,-0.0003591,0.0108582,219
2025-01-14,0.0179053,0.0071461,0.0091042,0.0033168,0.0047205,-0.0053639,-0.0086944,219
2025-01-15,-0.0035287,-0.000217,0.023284,0.0073479,0.0052022,-0.0046045,-0.0004115,219
2025-01-16,0.0026815,-0.004064,0.0083736,9.13e-05,0.0028532,-0.0053744,0.0192107,219
2025-01-17,0.0021199,0.0050571,0.0040483,-0.0008931,0.0083244,0.004895,-0.0044496,219
2025-01-20,-0.0117787,-0.021907,-0.0165401,0.0044486,-0.0018844,-0.0121245,-0.0007264,219
2025-01-21,-0.0028669,0.0012644,0.0006837,-0.0035231,-0.0019268,-0.0103227,-0.00961,219
2025-01-22,-0.0122048,-0.0119321,-0.0143707,-0.0066882,-0.0062422,-0.0019845,-0.0016511,219
2025-01-23,0.0098037,0.0066712,-0.0021637,-0.0060963,-0.0038906,0.007579,-0.0045615,219
2025-01-24,-0.0312524,-0.0137118,-0.0204753,-0.0011669,0.0015479,-0.0107512,-0.0073336,219
2025-01-27,0.0202782,0.0114886,0.0052301,0.0021347,0.0037597,0.0151252,0.0037499,219
2025-01-28,-0.00153,-0.0019752,-0.0016492,0.0016159,-0.0022312,0.0132722,0.0054366,219
2025-01-29,-0.0142034,4.39e-05,-0.0077534,-0.00456,-0.0104185,0.0013664,-0.0145627,219
2025-01-30,0.0026335,-0.0043515,-0.0100392,-0.0002998,-0.0047907,-0.0168996,-0.0146899,219
2025-01-31,-0.0111191,-0.0040489,-0.0016496,0.000508,0.009691,-0.0014756,0.0249228,219
2025-02-03,0.0248117,0.0134773,0.0319029,0.002874,-0.0014751,0.0245133,0.0008809,219
2025-02-04,-0.0046532,0.0086764,0.0083227,-0.0028011,-0.0039869,-0.0019232,-0.0014765,219
2025-02-05,0.0083987,0.0002957,-0.0057321,-0.004346,-0.0001159,-0.0011396,0.0016177,219
2025-02-06,0.0128683,-0.0079599,-0.004102,-0.0040915,-0.0051383,0.0007732,8.58e-05,219
2025-02-07,0.0055691,0.0087678,0.0055091,-0.0008674,-0.0029998,0.0107514,-0.0150804,219
2025-02-10,-0.010234,-0.013075,-0.0029904,-0.0025856,-0.0037601,-0.0078374,-0.0137271,220
2025-02-11,-0.0032478,-0.0029052,0.0039771,-0.0048451,-0.0079732,-0.0034839,-0.0023484,220
2025-02-12,0.0131273,-0.0007101,-0.0015953,0.0025468,0.0002074,0.0076012,-0.002092,220
2025-02-13,-0.0005438,0.015311,0.0011371,-0.0013812,0.0029202,0.0043599,-0.0148294,220
2025-02-14,0.0066548,0.0019633,-0.0042251,-0.0007627,0.0012684,-0.0126909,-0.0026518,220
2025-02-17,0.0039423,0.0022818,-0.0012032,-0.0052016,-0.0031847,-0.0135925,-0.0064689,220
2025-02-18,-0.0086469,0.008002,-0.009726,-0.0027338,-0.002762,0.0072586,0.0119866,220
2025-02-19,0.0087874,-0.0030006,-0.0112371,0.0007303,0.0031928,-1.67e-05,-0.0086284,220
2025-02-20,-0.0093067,-0.0003027,-0.0088532,-0.000714,0.006236,0.0002831,-0.0041387,220
2025-02-21,-0.0085039,-0.0005354,-0.0074099,0.0012955,0.0037101,-0.0055335,0.0126496,220
2025-02-24,0.0120525,0.0010862,0.0159755,0.0007828,3.69e-05,-0.0036939,-0.0040054,220
2025-02-25,0.0005755,-0.0003846,0.0035193,0.0014702,0.0022704,-0.0008137,0.0060801,220
2025-02-26,0.0193926,0.009777,0.0173679,-0.0062943,-0.0041321,0.0109809,0.0150222,220
2025-02-27,0.0121346,-0.0026796,-0.0140979,0.0003828,0.0004346,-0.0010809,-0.0107108,220
2025-02-28,0.002795,0.0042349,0.0025569,0.0008087,0.0006392,0.0099181,-0.0006222,220
2025-03-03,-0.0045127,-0.0059728,-0.0146709,0.0038997,0.0068358,-0.0139371,-0.0076007,220
2025-03-04,0.0072732,-8.22e-05,0.0044446,0.0037692,-0.0023227,-0.0062903,-0.0158061,220
2025-03-05,0.0078246,0.012932,0.0180548,-0.0019699,-0.0053623,0.0207625,0.007452,220
2025-03-06,-0.006368,-0.0105925,-0.0055345,0.0044502,-0.0002235,-0.0140435,-0.0066209,220
2025-03-07,-0.0102149,-0.0039103,0.0005388,-0.0023318,-0.0019722,-0.0131057,0.0080852,220
2025-03-10,0.023462,0.0216234,0.0267793,-0.0012334,0.0024104,0.0204181,0.0156733,220
2025-03-11,-0.003533,-0.0025721,-0.0132585,0.0012732,0.0036215,-0.0192165,-0.0006373,221
2025-03-12,-0.006282,0.0044673,0.0049041,0.0039926,0.0011875,0.0073613,-0.0006288,221
2025-03-13,-0.0001544,0.0018526,0.0030018,-0.0009079,0.0070207,0.001129,0.0090353,221
2025-03-14,0.0054611,0.0022424,0.0079122,0.0015127,0.0047354,0.0008082,-0.0133172,221
2025-03-17,0.0022584,0.0195427,0.0114198,-0.0037018,-0.007257,0.0180627,-0.0040564,221
2025-03-18,0.0233433,0.0130862,0.002347,-0.0039401,0.0006972,0.0016367,0.0122074,221
2025-03-19,0.0065424,0.0027525,-0.0085171,0.0013173,0.0037051,-0.0019796,0.0068724,221
2025-03-20,-0.0006932,0.0044208,-0.0084817,0.0015111,0.0041468,-0.0061244,-0.0072258,221
2025-03-21,-0.0051,0.0016578,-0.0027059,-0.0004032,-0.0007635,-0.0001718,0.0052436,221
2025-03-24,-0.0005705,0.0102619,0.0073469,-0.0004667,-0.0050352,0.0114567,0.000646,221
2025-03-25,0.0053979,-0.0026135,0.0115933,-0.0028009,-0.0068301,0.0066858,-0.0048937,221
2025-03-26,0.0279398,0.0135617,0.0195461,0.0023045,0.0043984,0.0232533,0.0133861,221
2025-03-27,-0.0111838,0.0011098,-0.0179105,-0.002985,-0.0054815,-0.0034835,-0.0242482,221
2025-03-28,0.0016233,-0.009652,-0.0047691,0.0017936,-0.000683,-0.0095662,-0.0060495,221
2025-03-31,-0.0096251,-0.002025,-0.0042906,-0.0019468,0.0027962,-0.0061079,-0.0073946,221
2025-04-01,0.0143156,0.0143023,0.0239482,-0.0006812,-0.0027041,0.0059857,0.0314803,221
2025-04-02,0.0057763,0.0001209,0.0001728,-0.0002397,0.0044882,-0.0009495,-0.0200096,221
2025-04-03,-0.0078355,-0.0061655,-0.0034244,0.0036547,0.003442,-0.0142786,-0.0038956,221
2025-04-04,-0.0334826,-0.0265795,-0.0300673,0.0060928,-0.0024098,-0.0237941,-0.020749,221
2025-04-07,0.0070383,0.0040613,0.0055332,0.0013761,0.0042527,0.006385,0.0075082,221
2025-04-08,-0.0030696,-0.0017741,0.002158,0.0005263,-0.0029781,-0.0007767,0.0013952,221
2025-04-09,0.0082879,-0.0007737,-0.0023138,-0.001705,-0.0034195,-0.0058027,0.0018613,222
2025-04-10,0.0081862,-0.0020511,0.0018497,0.0017992,0.0037097,0.0135924,-0.0109847,222
2025-04-11,-0.0104684,-0.0165476,-0.0078845,0.0034541,-0.0027404,-0.0065319,-0.0058776,222
2025-04-14,-0.0069962,-0.0123835,-0.010345,-0.0004333,0.002931,-0.0018523,-0.0061542,222
2025-04-15,-0.0003323,0.0036754,0.0343834,-0.0025742,-0.005816,-0.0058014,0.0001415,222
2025-04-16,-0.0061207,-0.0131363,-0.0070879,0.0002581,0.0016534,-0.0200664,0.0099332,222
2025-04-17,-0.007986,-0.005718,-0.0045117,-0.004488,-0.0013831,-0.0130468,-0.0053361,222
2025-04-18,0.0158955,0.0051476,0.0120959,0.003583,-0.0049758,0.0215815,0.0076317,222
2025-04-21,-0.0059764,-0.007903,-0.014959,0.0035656,0.0031863,0.0028815,-0.0125326,222
2025-04-22,-0.0217889,-0.0068856,-0.0056024,0.0030878,0.0067214,0.0022866,0.0017668,222
2025-04-23,-0.0006393,0.0093762,1.77e-05,-0.0032238,-0.0019303,-0.0174712,-0.0026776,222
2025-04-24,-0.0403623,-0.0156429,-0.0207761,-0.0035564,-0.0023697,-0.0112462,-0.0047751,222
2025-04-25,0.021759,0.012756,0.0157179,-0.0047466,-0.0044519,0.0057624,0.0147544,222
2025-04-28,0.0006712,-0.0023201,0.0080864,0.0053135,0.0060848,0.0165976,0.0060702,222
2025-04-29,-0.0059566,0.0002958,-0.0062933,-0.0037468,-0.0083875,0.0006413,0.000744,222
2025-04-30,-0.0038579,-0.0137827,-0.0031426,0.0030686,-0.0065096,0.0027862,-0.0159543,222
2025-05-01,-0.012702,-0.0170867,-0.0119839,-0.0002498,0.0023743,-0.0205924,0.0072819,222
2025-05-02,-0.0044992,-0.008738,-0.0085678,-0.0005044,0.0039588,0.0123805,-6.33e-05,222
2025-05-05,-0.0193714,-0.0082057,-0.0217695,-0.0005534,0.0024609,0.0038838,0.0139311,222
2025-05-06,-0.0037419,-0.0054244,-0.0036005,-0.0038376,0.0012696,-0.0099955,-0.007854,222
2025-05-07,0.0173415,0.009627,0.0113108,-0.0052125,-0.0019189,0.008238,-0.0098131,222
2025-05-08,0.0024948,-0.0094664,-0.0052421,-0.0022912,-0.0008117,-0.0185698,0.0114601,223
2025-05-09,-0.0025275,0.0010828,-0.0038159,0.0037679,0.0014749,0.0029956,-0.0139986,223
2025-05-12,0.0009937,-6.74e-05,0.0010654,-0.0016535,0.0010801,-0.0079294,0.0231433,223
2025-05-13,0.0035073,0.0250674,0.008885,0.0060025,0.0074549,0.0073453,-0.0131782,223
2025-05-14,0.0148574,0.0105202,0.0165389,-0.006075,-0.0046679,0.0015151,0.0135737,223
2025-05-15,0.007357,0.0015335,0.014812,0.0001071,0.0032829,0.0115219,-0.007457,223
2025-05-16,-0.0010321,0.0033709,-0.005623,0.0008637,-0.0021783,0.0195115,0.0049283,223
2025-05-19,0.0224463,0.0107517,0.0182426,0.0063565,0.0022543,0.0134413,0.0037409,223
2025-05-20,0.002687,0.0108972,0.0058275,-0.0010788,4.48e-05,-0.0017374,-0.0014195,223
2025-05-21,0.0211658,0.0087757,0.0139074,0.0018503,0.0040132,0.0122028,0.0284088,223
2025-05-22,-0.0064159,0.0033849,0.0005141,0.0014474,-0.0009155,-0.0016233,-0.0074148,223
2025-05-23,0.0155494,0.0044488,0.0102393,-0.0007105,-0.0013137,0.0031488,0.0117085,223
2025-05-26,0.0050554,-0.0046868,0.0043674,0.0005358,-0.0009767,-0.0013942,0.0033141,223
2025-05-27,-0.003882,-0.0009531,-0.001982,-0.0001002,0.0005675,0.0057857,-0.0110237,223
2025-05-28,0.0034602,-0.0001377,0.0010084,-0.0001022,-0.0047335,0.0059091,0.0027508,223
2025-05-29,0.0012837,0.0097237,0.0119832,-0.0029552,-0.0006073,0.0066388,0.0068964,223
2025-05-30,0.0019886,0.0072748,0.0089468,0.0039597,0.0052387,0.0044436,-0.0094174,223
2025-06-02,0.0129111,0.0210405,0.0317361,0.0009886,0.001774,0.0236192,0.0189492,223
2025-06-03,0.0069494,0.0099796,0.012588,0.0020034,0.0033018,0.0034274,0.0221133,223
2025-06-04,0.0032003,-0.0137287,0.0008605,-0.0004341,0.0011965,0.0101842,-0.0042545,223
2025-06-05,0.0021869,0.0009902,-0.0007225,0.004352,0.0117559,-0.0029381,-0.0057769,223
2025-06-06,-0.0255945,-0.0033467,-0.0169438,-0.0005035,-0.0019262,-0.0114476,-0.0137078,224
2025-06-09,0.0048228,-0.0182728,-0.013832,0.0072711,0.005195,-0.0090318,-0.0060673,224
2025-06-10,0.0001024,0.0099621,0.0080918,-0.0029681,-0.0030219,-0.009183,-0.0065673,224
2025-06-11,-0.0122519,0.0003876,-0.001661,0.0004895,-0.002827,-0.0093035,-0.0084426,224
2025-06-12,0.006813,0.0084977,0.0114542,-0.0014049,-0.0034779,-0.0014439,-0.0036517,224
2025-06-13,-0.0091937,-0.0067026,-0.0103416,-0.0019656,8.22e-05,-0.0145648,0.002621,224
2025-06-16,0.015157,-0.0045592,-0.0052935,-0.0017058,-0.0018725,0.0075223,-0.0118395,224
2025-06-17,-0.0026759,0.0132667,0.0102035,-0.0014521,-0.0005445,0.0142006,-0.0058974,224
2025-06-18,-0.0058611,-0.0130076,-0.0060845,0.0011157,0.0028423,-0.0068321,-0.0360182,224
2025-06-19,0.0066935,0.0056155,0.0047228,0.0005193,-0.0003702,-0.0004607,0.0056976,224
2025-06-20,0.0209222,0.0009529,0.005335,-0.007893,-0.0054764,0.0064405,0.0215207,224
2025-06-23,-0.0139617,-0.0051562,-0.0048811,-0.0006716,-0.0036717,-0.010377,0.0113769,224
2025-06-24,-0.0010699,4e-06,-0.0003823,0.0012331,0.0048753,0.0089881,0.0192803,224
2025-06-25,-0.0065669,0.0055532,-0.0089074,0.0030166,0.0035748,-0.00036,-0.0034475,224
2025-06-26,0.0143944,0.0149202,0.0130594,-0.0005062,0.0060771,0.015572,0.0110939,224
2025-06-27,0.0020563,0.0071244,0.0061756,0.0049171,0.010899,0.0014473,-0.009539,224
2025-06-30,0.003135,-0.0102204,-0.0062483,-0.0036309,-0.0014414,-0.0106003,0.0028023,224
2025-07-01,0.0027505,0.0132022,0.0109475,-0.0005992,-0.0006308,0.0017125,0.0192098,224
2025-07-02,-0.0050549,0.0076221,-0.0019298,-0.0060466,-0.0050318,-0.0032767,-0.0051464,224
2025-07-03,-0.0008935,0.0053904,0.0064778,-0.0013474,-0.0010018,0.0126966,0.011993,224
2025-07-04,-0.0133957,-0.0050158,-0.0074244,-0.0032557,-0.0019509,-0.0232072,-0.012232,224
2025-07-07,0.01639,0.0017076,-0.0008722,0.0024763,0.0006266,0.0106062,0.0089489,225
2025-07-08,0.0067112,-0.0067443,-0.0001203,-0.0022199,-0.0081874,0.001808,-5.41e-05,225
2025-07-09,0.0032231,0.0015815,0.0153316,0.001539,-0.0020911,0.0024725,0.0018299,225
2025-07-10,0.0366676,0.0284596,0.042345,-0.004265,-0.0050515,0.0207612,0.0158017,225
2025-07-11,-0.002631,-0.0102049,-0.0029092,0.0015396,0.0027027,-0.0040219,0.0045321,225
2025-07-14,0.0097694,5.36e-05,0.0014235,-0.0038508,0.0060436,0.0039107,-7.37e-05,225
2025-07-15,-0.0188031,0.0002472,0.0031889,0.0021939,0.0007527,0.0048275,-0.0104577,225
2025-07-16,-0.007233,0.000186,-0.0024937,0.0004188,0.001063,0.0101292,-0.0012227,225
2025-07-17,-0.0073655,-0.0030811,0.0050503,0.0030541,-0.0030545,-0.0049721,-0.0233676,225
2025-07-18,-0.0033477,-0.0050147,-0.0169732,0.0010316,-0.0025006,-0.0017676,-0.005295,225
2025-07-21,0.014421,-0.0002254,-0.0090113,0.0020321,0.0057381,0.0137008,-0.0105697,225
2025-07-22,0.0054763,0.0121245,0.0062928,0.0085975,0.0054695,0.0240219,0.0059961,225
2025-07-23,0.0018357,0.0021561,-0.0004926,-0.0045597,-0.0075187,-0.0166008,-0.0033565,225
2025-07-24,-0.0053652,-0.0034494,-0.0023933,-0.0008519,-0.0014576,0.0061224,-0.0063309,225
2025-07-25,-0.0045674,0.0039107,0.0017053,0.002104,-0.0005525,0.0023758,-0.0169164,225
2025-07-28,-0.0029941,-0.0047763,-0.0140612,-6.38e-05,5.8e-05,0.0029436,-0.0160668,225
2025-07-29,-0.0210752,-0.0124186,-0.029038,0.0033519,0.0006118,-0.0077108,-0.0098237,225
2025-07-30,0.0046203,-0.0022302,0.0031914,0.0017553,-0.0061862,-0.0036494,0.0080925,225
2025-07-31,0.0063502,-0.0038892,-0.0049867,0.0021389,0.0014758,0.0005541,-0.0001894,225
2025-08-01,0.0014891,-0.0033247,-0.0072601,0.0021732,0.0045261,0.0022039,0.0064827,225
2025-08-04,0.0192941,0.0188059,0.0188998,-0.0043856,-0.00095,0.0044381,0.0042534,225
2025-08-05,0.0388666,0.0132146,0.0339195,-0.0040448,-0.0018702,0.0067746,0.0110015,226
2025-08-06,-0.0062796,0.0002217,0.0070965,-3.28e-05,9.95e-05,0.0107695,-0.0026101,226
2025-08-07,0.0115791,0.0060275,0.0143629,0.0008629,0.0025335,0.0088507,-0.0084746,226
2025-08-08,0.0069192,-0.0132964,-0.0131413,0.0007284,-0.0081029,-0.0076582,-0.0016092,226
2025-08-11,0.0059607,0.0110555,0.0193759,-0.0017582,-0.0005215,0.0075033,0.0204125,226
2025-08-12,-0.000831,-0.0052432,-0.0090399,0.0021363,0.0025738,-0.0264376,0.0010038,226
2025-08-13,0.0003592,0.0114517,0.0038466,-0.0047693,-0.0028895,-0.008968,0.0003679,226
2025-08-14,0.0103286,0.0001508,0.0144759,0.004621,-0.0028465,-0.0128276,-0.0085819,226
2025-08-15,0.0012936,-0.0081185,-0.0068856,-0.0031687,-0.0021447,-0.0119228,0.0073482,226
2025-08-18,0.0030761,0.0072051,0.0119676,0.0035861,0.0049752,0.0163527,0.0113776,226
2025-08-19,-0.0155225,-0.0217382,-0.0209131,0.0003939,-0.0036651,-0.0166709,0.0030506,226
2025-08-20,-0.0027774,-0.0025243,0.0045291,-0.0028935,0.0038168,-0.0099011,-0.0069438,226
2025-08-21,-0.0080666,-0.0065355,-0.0060264,-0.0020669,-0.0003943,-0.0006881,0.0016637,226
2025-08-22,-0.020305,-0.0077196,-0.0097785,-0.000355,0.0046336,-0.0049221,0.0021189,226
2025-08-25,0.0256978,0.0305218,0.0353945,-0.0057054,-0.0013422,0.0282575,0.0261957,226
2025-08-26,-0.0012845,-0.0005859,0.0020647,-0.0002592,-0.0012419,-0.0003664,-0.0062144,226
2025-08-27,-0.0078726,-0.0033276,-0.0065665,0.0052055,0.0009281,-0.0052124,0.0099759,226
2025-08-28,0.0080534,0.0138226,0.006905,0.0009179,-3.51e-05,0.0074821,-0.0053191,226
2025-08-29,0.0008563,-0.0021053,0.0045584,0.003387,-0.005937,0.0084117,-0.0140921,226
2025-09-01,-0.0180051,-0.0189669,-0.0216989,-0.0039143,-0.0042826,-0.0239732,-0.0143057,226
2025-09-02,0.0054372,0.0069334,0.0008711,0.0003835,0.0042025,0.0090546,-0.0114846,226
2025-09-03,-0.0195422,-0.0053771,-0.0103553,-0.0009903,0.0003467,-0.0208373,0.0021841,227
2025-09-04,0.0008649,-0.0060168,-0.006821,-0.0019873,-0.0017442,-0.0091631,0.0045822,227
2025-09-05,0.000386,-0.0016617,0.0051728,0.005558,0.0038027,0.0054201,-0.0028854,227
2025-09-08,0.0094372,0.0065919,0.0010408,0.00133,0.0039571,0.0159292,-0.0032004,227
2025-09-09,-0.0230981,-0.0123634,-0.0053138,-4.8e-05,0.0075346,-0.0131514,0.0028719,227
2025-09-10,0.0007655,0.000179,0.0026436,0.0008472,0.0014275,0.0094002,0.0004619,227
2025-09-11,0.0043103,-0.0030064,0.0060293,-0.0013942,-0.0070439,0.011087,-0.0025418,227
2025-09-12,0.0101287,0.0133121,0.0206224,-0.0016717,-0.0131727,0.020436,0.0108482,227
2025-09-15,-0.0048607,0.0009912,-0.000863,0.0007341,-0.000645,-0.0021021,0.0027832,227
2025-09-16,0.000307,-0.0033929,-0.0099001,-0.0027847,0.0017193,0.0048167,-0.0020405,227
2025-09-17,-0.016077,-0.0196411,-0.0239933,-0.0007767,0.0034596,-0.0064998,-0.0002137,227
2025-09-18,-0.0043445,0.0043597,-0.0074693,-0.0008936,0.0028269,0.0038794,-0.0003053,227
2025-09-19,0.0131195,0.0075723,0.0051932,-0.002326,-0.0026882,0.014427,0.0054013,227
2025-09-22,0.0119784,0.0026564,0.0011307,-0.0009235,0.0034359,0.0112543,-0.0039277,227
2025-09-23,-0.0136655,-0.0076666,-0.0025228,0.0009997,0.0018054,-0.0067121,-0.0069763,227
2025-09-24,-0.0005987,-0.0022402,0.0051712,0.0009733,0.0008501,0.0154939,-0.0018228,227
2025-09-25,-0.0114912,-0.0062733,-0.0195858,0.0077046,0.0006422,-0.0130726,-0.0115768,227
2025-09-26,-0.0117784,-0.0008853,-0.0075466,-0.0020841,-0.006247,0.0014315,0.0083315,227
2025-09-29,0.0025634,0.0080002,0.0189487,0.0004822,0.0021985,0.0104643,0.0169432,227
2025-09-30,0.0233719,0.0135175,0.0149349,-0.0035106,-0.0065777,0.0239454,0.005181,227
2025-10-01,-0.0189626,-0.0259159,-0.0330809,0.0046111,0.0041232,-0.0032199,-0.0093194,227
2025-10-02,0.0094801,0.0040814,0.0009527,-0.0011274,0.0021223,0.0042674,0.0147119,228
2025-10-03,0.0192044,0.0074874,-0.0019677,0.0040342,0.0068604,0.0096839,-0.0099422,228
2025-10-06,0.0007343,0.0049496,0.0022388,0.0026428,-0.0010995,0.00047,-0.0231405,228
2025-10-07,0.0125594,-0.0006182,0.0048226,-0.0021767,0.0014663,-0.002579,0.0040885,228
2025-10-08,-0.0125871,-0.0115427,-0.0038322,-0.0009652,-0.0020787,-0.0141378,0.0031047,228
2025-10-09,0.0069028,-0.0164981,-0.0176052,0.0008293,-0.0013163,-0.0179946,-0.0061377,228
2025-10-10,0.0068208,0.0075327,0.0129018,-0.0032972,0.0019634,0.0116411,0.0026306,228
2025-10-13,0.0088318,-0.0055826,0.0034831,0.002229,0.0027807,0.0097669,0.0125982,228
2025-10-14,-0.02737,-0.0165861,-0.0109522,-0.0007341,-0.005693,-0.0185813,0.0017824,228
2025-10-15,0.0436105,0.024416,0.0189691,-0.0003251,0.0039432,0.0272668,0.0196498,228
2025-10-16,0.0073278,-0.0073342,-0.0132988,0.0004364,0.0017123,0.0112796,0.0014089,228
2025-10-17,0.0115825,0.0009493,0.000309,-0.0004621,0.0023736,0.0103915,0.0128338,228
2025-10-20,0.0147422,0.0068573,0.0032441,0.0025777,0.0104384,0.0038207,0.0015478,228
2025-10-21,0.0021125,-0.0027064,-0.0078648,0.0074594,0.0084253,0.008537,0.0013151,228
2025-10-22,-0.017679,-0.0075087,-0.0148676,-0.0005869,-0.0001826,-0.0127343,0.0168831,228
2025-10-23,0.0220888,0.0155492,0.0341418,0.001187,0.0009767,0.015614,-0.0040602,228
2025-10-24,-0.0165928,-0.0054006,-0.008679,0.000326,0.001344,-0.0007467,0.0052501,228
2025-10-27,0.023749,0.0083581,0.0118462,-0.0042575,-0.0083026,0.00073,0.0060752,228
2025-10-28,0.0037461,-0.0074154,-0.0077976,-0.0024994,0.0023046,-0.0143704,0.0054703,228
2025-10-29,0.0184795,0.0034313,0.0127458,-0.0008248,0.0010271,0.0073549,0.0070263,228
2025-10-30,-0.0051736,0.0091031,0.0122583,-0.0036574,0.0035938,0.0067124,0.0066161,228
2025-10-31,0.0050165,0.0010022,0.0058381,0.0009544,-0.003202,-0.0095151,-0.0056525,229
2025-11-03,-0.0042598,0.0002923,-0.0059153,0.004047,0.0026476,-0.0021368,0.0160208,229
2025-11-04,-0.0125779,0.0072473,-0.0031252,-0.0045421,-0.0046005,0.0043696,-0.0017743,229
2025-11-05,-0.0011973,0.0069967,0.0043505,0.0024073,0.00221,0.0068543,0.0015293,229
2025-11-06,-0.0232605,-0.0048012,-0.0108629,-0.0049988,-0.002109,-0.0061702,-0.0005578,229
2025-11-07,0.0074126,-0.0144994,-0.0237163,0.0037608,0.0016976,-0.0122623,-0.0078089,229
2025-11-10,-0.0054096,0.0041172,0.0017562,-0.0024778,-0.0005227,-0.0041818,-0.0188745,229
2025-11-11,0.0094713,-0.0039108,0.0048233,0.0031914,-0.00102,0.0196393,0.004772,229
2025-11-12,-0.0007465,-0.0106686,-0.0143649,0.0007982,-0.00167,-0.0100981,-0.0167972,229
2025-11-13,0.012449,0.0217914,0.028546,-0.0018301,0.0011144,0.0253119,-0.0064848,229
2025-11-14,0.0107953,0.0105452,0.0031469,0.0027793,0.0059267,0.0206214,0.0210372,229
2025-11-17,0.0042352,0.0002499,-0.012397,-0.0058284,-0.00854,-0.0177198,-0.0163062,229
2025-11-18,-0.0105569,-0.007196,-0.0042962,-0.0045172,-0.0027592,-0.0180118,-0.0070335,229
2025-11-19,0.0175293,0.0179046,0.0188727,-0.0019024,0.0026885,0.0171702,0.0094004,229
2025-11-20,-0.0008442,0.006247,0.0143453,0.000786,0.0004679,0.002691,0.0061064,229
2025-11-21,-0.0114357,-0.0001223,-0.0056679,-0.0009718,-0.0053235,-0.0162609,-0.0029081,229
2025-11-24,-0.0020922,0.0062034,0.0123605,0.0004534,0.0027757,0.0028794,0.0103047,229
2025-11-25,-0.0105364,0.0059085,0.0034664,-0.002073,0.0021996,0.0061449,-0.0110791,229
2025-11-26,0.0093564,-0.0091722,-0.0056856,0.004301,-0.0005714,-0.0049466,-0.0082434,229
2025-11-27,0.0113518,0.0156537,0.0184242,-0.0018714,-0.0002801,0.0007539,0.0113902,229
2025-11-28,0.0094794,-0.0006928,0.0045004,0.0051127,0.0065223,-0.0117554,-0.0170126,229
2025-12-01,-0.0109569,-0.0089036,0.0113764,-0.0031958,-9.63e-05,-0.0011702,-0.0105024,230
2025-12-02,0.0076408,0.0107901,0.0061496,-0.0014054,-0.0003024,0.0147408,0.0030387,230
2025-12-03,-0.012667,0.0001042,-0.0002065,0.0020325,0.0046857,-0.0205971,-0.0081586,230
2025-12-04,-0.0115781,-0.0037673,-0.0016013,0.0013274,0.0001631,0.0032388,-0.0190457,230
2025-12-05,0.0072683,0.0104353,0.0078406,-0.0007701,-0.0003036,-0.0069298,-0.0037907,230
2025-12-08,0.002028,0.0044071,0.0327751,-0.0007137,-0.0021634,0.0050207,0.0107273,230
2025-12-09,0.0126744,0.0021142,0.0152714,-0.0011414,0.0026106,0.0115619,0.007777,230
2025-12-10,-0.0078022,-0.0041058,-0.0187512,0.0061424,0.0044514,0.0090255,0.0024228,230
2025-12-11,-0.0184632,-0.0088391,-0.0141178,0.0033746,0.001111,-0.0199692,-0.002002,230
2025-12-12,-0.0077383,0.0037269,0.0099586,-0.0035008,-0.0054842,0.0070788,-0.0059106,230
2025-12-15,-0.0135965,-0.0051637,-0.0056136,0.0059274,0.0010652,0.0142438,-0.003391,230
2025-12-16,-0.0006076,-0.0031961,-0.0064725,0.0031604,0.002899,-0.0001122,0.0001103,230
2025-12-17,-0.0008478,-0.0104185,-0.0167643,0.0014647,0.0008823,-0.0089573,0.0013449,230
2025-12-18,0.0122408,0.0119596,0.0063754,0.002116,0.0024723,0.0093883,0.0019446,230
2025-12-19,0.0045241,0.0088675,0.0066663,-0.0008101,-0.0018878,0.0054099,-0.0222792,230
2025-12-22,0.0051144,-0.0033673,-0.0082205,0.0001199,-0.0015568,-0.0056901,0.0151763,230
2025-12-23,0.0196446,0.0027477,0.0109038,0.0048988,0.0052012,0.0298919,0.0147635,230
2025-12-24,0.0190349,0.0045455,0.0102762,-0.0048229,-0.0065766,0.0025609,0.0121689,230
2025-12-25,-0.0136414,-0.0144005,-0.0083674,0.0036177,-0.0048229,-0.003619,-0.0093051,230
2025-12-26,-0.0104663,0.0081461,-0.0013445,0.0008479,-0.0065866,0.0019671,0.0041722,230
2025-12-29,-0.0050244,0.0059226,-0.0073772,0.0014169,-0.0015743,-0.0052551,0.0113143,230
2025-12-30,-0.0016349,-0.0033894,0.0022496,0.0001343,-0.0018181,-0.0101219,0.0199282,231
2025-12-31,0.0002348,0.0052906,-0.0138148,0.0045002,0.0022465,0.0007501,0.0041914,231
2026-01-01,-0.0084975,-0.0048227,-0.0095907,0.0035432,-0.0012554,-0.0136851,-0.0059692,231
2026-01-02,-0.0049084,-0.0020602,-0.0050446,-0.0035568,-0.0045281,-0.0021817,-0.0017336,231
2026-01-05,-0.0103259,-0.0095497,-0.0040645,0.0006002,-0.0030802,-0.0239752,-0.0062445,231
2026-01-06,0.0092745,0.0196583,0.0208146,-0.0022764,0.0005653,0.0212375,0.0002669,231
2026-01-07,0.0088722,-0.0023697,-0.004486,0.001813,0.0037014,0.0056965,-0.0113155,231
2026-01-08,-0.0094323,0.0037369,-0.0209554,-0.0040471,0.0025696,0.0139388,0.0060277,231
2026-01-09,-0.0184175,-0.0055767,-0.0148782,0.0046962,0.002813,-0.0006228,-0.0019141,231
2026-01-12,0.0116023,0.0115675,0.0119555,-0.0021473,-0.008688,0.0061881,0.0128454,231
2026-01-13,0.0101395,0.0103962,0.0195949,-0.001014,0.0008114,-0.0010414,0.0241593,231
2026-01-14,0.0132235,-0.0006715,0.0121771,-0.0015542,0.0005995,-0.0030276,-0.0096405,231
2026-01-15,-0.0297844,-0.0238113,-0.0273551,0.0073962,0.0066676,-0.0155293,-0.0031561,231
2026-01-16,-0.0105646,-0.0081876,-0.0278036,0.0008528,-0.0037907,-0.0046693,-0.013878,231
2026-01-19,-0.015084,-0.0155034,-0.0289435,-0.0066136,-0.0030414,-0.018959,-0.0152441,231
2026-01-20,-0.001593,0.0055054,0.0081918,-8.04e-05,0.0037706,0.0081768,0.0048901,231
2026-01-21,-0.0036624,0.0005028,0.0071971,0.0009907,-0.0035287,0.0035329,0.0022833,231
2026-01-22,-0.0034828,0.0010482,-0.0121744,0.0064882,0.0065064,-0.0011221,-0.0108381,231
2026-01-23,0.0129631,0.0167308,0.0098167,0.0013242,0.0056865,0.0225265,0.0050336,231
2026-01-26,-0.0228314,-0.0069275,-0.0157859,0.0030911,0.001454,-0.0018194,-0.0009652,231
2026-01-27,-0.0082912,-0.0087013,-0.0103624,0.0055658,0.0021308,-0.0092251,-0.0023938,231
2026-01-28,-0.0012922,0.0051312,0.004879,0.0020031,0.0032625,0.0064592,0.0089349,232
2026-01-29,0.0025191,0.0061409,-0.0073987,0.0001136,0.0026858,-0.0120733,-0.0031424,232
2026-01-30,0.0099555,0.0034056,0.0135057,0.0015424,0.0033557,-0.0064758,0.0059202,232
2026-02-02,0.012622,0.0079512,0.0061233,0.0038684,0.0015628,0.0013649,-0.0131257,232
2026-02-03,0.0003803,0.0041996,0.0007619,0.0012798,0.0029812,0.0074181,0.0014872,232
2026-02-04,-0.0101091,-0.0008356,0.0089472,-0.0015687,0.0034223,0.0094123,0.0060331,232
2026-02-05,-0.0011594,-0.0092228,-0.0176225,0.0011282,-0.0012924,-0.0082124,-0.0192895,232
2026-02-06,0.0131545,0.0063736,0.0171524,0.0025135,0.0030489,0.0242025,-0.0105002,232
2026-02-09,0.0155572,0.0040068,0.0115199,0.0001544,0.0063299,0.0274819,0.0057177,232
2026-02-10,0.0129027,0.0151701,0.0119073,-0.001431,-0.0045886,0.0012353,-0.0153743,232
2026-02-11,0.0165704,0.0045946,0.0054487,0.006355,1.33e-05,0.0240037,-0.0036036,232
2026-02-12,-0.0161255,-0.0123202,-0.02426,0.0073442,0.0016509,-0.0093198,-0.0076649,232
2026-02-13,0.0218251,0.0117828,0.0089268,-1.77e-05,-0.0009695,0.0082439,0.0122164,232
2026-02-16,0.0079502,0.0205474,0.016872,0.0020664,0.0006546,0.0013003,-0.0016382,232
2026-02-17,-0.0050755,0.0063842,0.0115514,-0.0028202,-0.0022457,-0.0088611,0.0163456,232
2026-02-18,-0.0009794,-0.0029567,-0.0046621,0.00091,-0.0010854,-0.0072076,-0.0091611,232
2026-02-19,0.0135495,-0.0010506,0.0052636,4.89e-05,-0.0046014,0.0126133,-0.0015572,232
2026-02-20,0.0139027,0.0123859,0.0154786,0.0030112,0.0013053,0.0176339,0.0079457,232
2026-02-23,-0.002264,0.0080641,0.0093258,-0.0017762,-0.0038926,-0.0109374,0.0111196,232
2026-02-24,-0.0280728,-0.0116137,-0.0085208,0.0029492,-0.0039547,-0.006895,-0.020702,232
2026-02-25,-0.0158509,-0.0121715,-0.0120982,0.0087795,0.0035865,0.0129072,-0.0010371,232
2026-02-26,0.0129547,0.0066159,0.0215546,0.0005629,-0.0024438,0.003668,0.020035,233
2026-02-27,0.0027939,-0.0009654,-0.0031698,-0.0003399,-0.0017874,-0.0077291,-0.0072969,233
2026-03-02,-0.0090451,-0.0107025,-0.0218182,0.0019797,0.0032168,0.0032663,0.0129808,233
2026-03-03,-0.0043721,0.0040254,-0.0021563,-0.0030479,-0.0017258,-0.0089127,0.0287737,233
2026-03-04,0.0063503,-0.0007502,-0.0031947,0.0016173,0.003176,0.0231051,-0.0092563,233
2026-03-05,-0.0191321,-0.0178812,-0.0101089,0.0028724,-0.0030187,-0.0035734,-0.015539,233
2026-03-06,-0.0022469,0.0024742,0.0074406,-0.000211,-0.0032678,-0.000536,0.0028758,233
2026-03-09,0.0100461,0.0050532,0.0070126,0.0016157,-0.0063393,0.0071975,-0.0074906,233
2026-03-10,-0.0027983,0.0191432,0.0078347,0.0054,0.0060495,0.0198456,0.0116107,233
2026-03-11,0.005159,0.0039825,0.0021394,0.0001345,-0.0027189,0.0149015,-0.0051357,233
2026-03-12,-0.0005407,-0.0027428,-0.0087414,0.0015329,-0.0013722,0.0155193,0.0081443,233
2026-03-13,-0.0125936,-0.0027823,-0.0113767,0.0042695,0.0030357,-0.0037095,-0.0043879,233
2026-03-16,0.0093205,-0.0020786,-0.0064637,-0.0021062,-0.0031215,0.0034251,0.0072473,233
2026-03-17,-0.0105199,-0.0179096,-0.0210839,0.0017597,0.0020533,-0.0100956,-0.0122307,233
2026-03-18,-0.0003961,-0.0199383,-0.0134462,0.0017811,-0.0005551,-0.0179615,-0.010255,233
2026-03-19,-0.0324217,-0.0155666,-0.0249552,0.0034121,5e-06,-0.0145635,-0.0047818,233
2026-03-20,0.0214615,0.0120984,0.0283007,0.00701,0.0038462,0.0262446,0.0186148,233
2026-03-23,0.0092986,-0.0037632,0.0006934,-0.0014742,-0.0007086,-0.007058,0.0042176,233
2026-03-24,0.0005786,-0.0075855,0.0142508,2.48e-05,0.0004253,-0.0089411,0.0030461,233
2026-03-25,0.003383,0.0080294,-0.0001116,-0.0034056,0.0024377,-0.0072408,-0.0037372,233
2026-03-26,0.0035786,0.0045452,-0.0042128,0.0068235,0.0034177,0.008441,0.0039889,233
2026-03-27,-0.0172292,-0.007104,-0.0185089,0.0045189,0.0029914,-0.0099474,-0.0255442,234
2026-03-30,0.0004862,0.0082746,0.0061606,-0.0008842,0.0018928,-0.007604,-0.0147818,234
2026-03-31,-0.0065843,0.0065911,-0.0011344,-0.0058824,-0.0032334,0.0033884,0.0073284,234
2026-04-01,0.0205448,0.0167364,0.0134144,-0.0043862,0.0023632,0.0182553,0.0157661,234
2026-04-02,0.0061673,0.0013725,-0.0026937,0.0001068,0.0054525,0.0110334,0.0056122,234
2026-04-03,-0.001689,-0.017172,-0.0259705,0.0035188,0.0026568,0.0051991,-0.0007681,234
2026-04-06,0.0048272,0.0031149,0.0155262,-0.0020669,-0.0033411,-0.0029315,0.0162822,234
2026-04-07,0.0071302,-0.0219488,-0.0169508,0.0025324,0.0010841,-0.0140324,-0.007966,234
2026-04-08,0.0045533,0.0058974,0.0060156,-0.0016395,0.0027236,0.0008424,-0.0027839,234
2026-04-09,0.0132862,0.0085551,0.0096621,9.03e-05,-0.0005765,0.0018128,-0.0061068,234
2026-04-10,-0.0018393,-0.0118671,0.008009,0.0003512,-0.0075626,0.0055252,-0.0066893,234
2026-04-13,0.0245943,0.0119075,0.0256945,0.000548,0.0041169,0.0040189,-0.0033518,234
2026-04-14,0.0076227,0.0008011,0.0191276,0.0005515,-0.0018772,0.009052,-0.0019385,234
2026-04-15,-0.0202105,-0.0187991,-0.0106521,-0.0005188,0.001507,-0.0090172,-0.0126283,234
2026-04-16,-0.0197496,-0.0027805,0.0013223,0.0012712,0.0038127,0.0045817,0.0030424,234
2026-04-17,2.1e-05,-0.0094738,-0.0025266,-0.0011976,-0.005247,-0.0029759,0.001921,234
2026-04-20,-0.0111155,-0.0148279,-0.010844,-0.0023434,-0.0073174,0.0032994,0.0010803,234
2026-04-21,-0.0030265,-0.0141832,-0.0178617,0.0048044,0.0027441,-0.003907,-0.0096976,234
2026-04-22,0.0007349,0.0026936,-0.0021442,0.0011786,0.0016075,0.0062681,0.0048357,234
2026-04-23,0.0030861,0.0064528,0.0019572,-0.0023156,0.0030662,-0.0080539,0.005178,234
2026-04-24,0.0180383,-0.0008748,0.0021535,-0.0011304,0.0025467,-0.0005756,0.0125785,234
2026-04-27,0.0090519,0.0079273,0.0163023,-0.0005158,0.0035076,-0.0033554,-0.0026867,235
2026-04-28,0.0266389,0.0110477,0.0160759,0.0015102,0.0021024,0.0075414,-0.0006076,235
2026-04-29,-0.0192592,-0.0119822,-0.0042694,0.0037258,0.0007721,-0.0261266,-0.0158289,235
2026-04-30,-0.0016617,0.0159545,0.0037244,-0.0019311,-0.0007125,0.0092336,-0.0008598,235
2026-05-01,-0.0124885,-0.0086286,-0.0101102,0.0010067,0.0003938,-0.0006817,0.0114603,235
2026-05-04,-0.0018323,0.0060006,-0.0112625,-0.0014997,0.0031915,-0.0045421,-0.0032687,235
2026-05-05,-0.0002908,-0.0108199,-0.0174395,-2.86e-05,0.0025503,-0.0102225,-0.0077177,235
2026-05-06,-0.0087491,0.009785,-0.0006772,-0.0008208,0.001284,0.0070251,-0.0009516,235
2026-05-07,-0.0074479,-0.0178546,-0.0068566,0.0072756,-0.0028294,0.0045173,0.006263,235
2026-05-08,0.0027329,0.00554,0.0083359,0.0020119,0.0082216,-0.007358,0.0117682,235
2026-05-11,0.0084067,-0.0007642,-0.0058409,0.0006361,-0.0015769,0.0069482,-0.0036721,235
2026-05-12,-0.0014655,0.0016404,0.0133669,-0.0048097,-0.0033165,-0.0143769,0.0036446,235
2026-05-13,-0.0007373,0.0035184,0.0092002,-0.0008123,0.0019079,0.0057956,-0.0029241,235
2026-05-14,0.0107164,0.0046731,-0.0002676,-0.0083572,-0.0058426,0.001287,0.0057615,235
2026-05-15,0.0087897,-0.002,0.0030203,0.0013371,-0.0057409,-0.0084182,0.0185587,235
2026-05-18,-0.0056977,-0.0126315,-0.0171246,0.0002457,0.0015981,-0.008915,-0.0125731,235
2026-05-19,-0.0170263,-0.005821,-0.0225131,0.0006635,-0.0007912,4.26e-05,-0.0035508,235
2026-05-20,0.0029792,-0.0068402,-0.0076485,0.003207,0.0105433,0.005948,0.0089899,235
2026-05-21,-0.0031168,-0.0041965,-0.0003397,-0.0003483,0.0028856,0.0252048,0.0043286,235
2026-05-22,-0.0145522,0.0004059,9.3e-05,0.0007472,-0.000966,-0.0016574,-0.0136072,235
2026-05-25,-0.0037866,-0.0057491,0.0044111,-0.0004113,-0.0047666,-0.0151459,0.0140264,235
2026-05-26,0.0018412,-0.0077502,0.0128137,-0.0012514,-0.0008892,0.013483,0.0118902,236
2026-05-27,-0.0244887,-0.0136724,-0.020992,0.0019308,0.0013956,-0.008511,-0.0022073,236
2026-05-28,-0.0018737,0.0001176,-0.0095661,-0.0002798,0.0025273,-0.0015941,-0.0107923,236
2026-05-29,-0.003509,0.0040005,0.0008677,0.0006366,0.0021454,-0.0037052,-0.0184887,236
2026-06-01,0.0186554,-0.0024631,0.0057507,0.0023158,0.0011217,0.0121545,0.020903,236
2026-06-02,-0.0081075,-0.0014932,-0.0171355,0.0051383,0.0009523,0.002241,-0.003895,236
2026-06-03,-0.0103278,-0.0158114,-0.0107908,-0.0024153,-0.0060777,-0.0029245,0.0147374,236
2026-06-04,-0.0052943,-0.0128284,-0.01204,0.0012599,0.0038026,-0.0077697,-0.00761,236
2026-06-05,-0.0033754,0.0101656,0.012023,-0.0029212,-0.0100672,0.00293,0.006194,236
2026-06-08,-0.0237115,-0.0065877,-0.0101086,7.17e-05,-0.0018971,-0.0058871,-0.0058886,236
2026-06-09,-0.0106175,-0.0032535,-0.0230874,0.00062,-0.0014617,-0.0134655,-0.0099617,236
2026-06-10,0.0085259,0.0104844,0.0072839,-0.0026774,-0.0051342,-0.0078606,-0.0019673,236
2026-06-11,-0.0059184,-0.0087317,-0.0266827,0.0031872,-0.0018287,0.0088712,-0.0003219,236
2026-06-12,0.0115337,0.0058266,0.0118414,0.0048493,0.005464,0.0117777,0.0216836,236
2026-06-15,-0.0031273,0.0056894,0.0040835,0.004754,0.0028854,0.0116834,0.0001777,236
2026-06-16,-0.0113129,-0.0023243,-0.0096151,0.004173,0.0012572,0.0141843,-0.0045196,236
2026-06-17,0.0099663,0.0135747,0.0129176,-0.0006563,-0.0043979,0.0014691,0.0235547,236
2026-06-18,0.0042594,0.0145,0.0180367,-0.0029844,-0.0003883,0.0107688,0.0144578,236
2026-06-19,0.0025731,0.002018,0.0109492,0.0019408,-0.0008978,0.004812,-0.0093315,236
2026-06-22,0.0089512,0.0106171,0.0188308,0.0030857,0.006907,0.0115849,0.0080322,236
2026-06-23,0.003096,0.0087024,0.0154615,0.0005705,0.0020341,0.0189567,0.0061737,236
2026-06-24,0.0110099,-0.006705,-0.0041282,-0.002661,-0.0045549,-0.009836,-0.0021512,237
2026-06-25,0.0036013,-0.018906,-0.001765,-0.0005718,0.0016944,-0.0040007,-0.0137585,237
2026-06-26,0.0146092,0.0009829,0.011428,-0.0046451,-0.0049859,-0.0006159,-1.12e-05,237
2026-06-29,0.019206,0.0031842,0.0019163,0.0014071,0.0050519,-0.0016637,-0.0123857,237
2026-06-30,0.0110925,0.0075484,0.0147079,0.006057,0.0057834,0.0109219,0.0041237,237
2026-07-01,-0.0201624,-0.0076282,-0.015652,0.0011376,0.0019466,-0.0038319,-0.0170067,237
2026-07-02,-0.0218943,-0.0036898,-0.0058728,-0.0056501,-0.0014428,-0.012936,-0.0037896,237
2026-07-03,0.0308394,0.0245725,0.0229874,0.0051326,0.0064765,0.0283478,-0.003736,237
2026-07-06,-0.0117612,0.0075376,0.0157957,-0.0043525,-0.0041326,0.0021229,-0.0065773,237
2026-07-07,0.0110596,0.0064815,0.0062944,-0.0013773,0.003054,0.0106484,1.98e-05,237
2026-07-08,-0.0097617,-0.0074769,-0.0044857,0.0014535,0.000665,-0.0252437,-0.0046945,237
2026-07-09,0.0203404,0.0141768,0.0073509,-0.0013946,0.0006929,0.0068965,0.0086053,237
2026-07-10,0.0142009,0.008628,0.0056805,0.0032997,0.0028159,0.0050596,0.0087308,237
2026-07-13,-0.02026,-0.0126669,-0.0224628,0.0013203,0.0028649,-0.0010644,-0.0022385,237
2026-07-14,0.0317661,0.0173076,0.0268158,-0.0045037,-0.0030986,0.0111018,0.0174648,237
2026-07-15,0.0083279,0.0095787,0.0137471,-0.0032626,-0.0013717,-0.0101381,0.0190357,237
2026-07-16,-0.0126589,-0.0044743,0.0067956,0.0051981,0.0023288,0.0023616,0.0037486,237
2026-07-17,-0.0190366,-0.0100806,-0.0166181,0.0079602,0.0007915,-0.0019478,0.0046359,237
2026-07-20,-0.0041048,-0.0132812,-0.0111528,-0.0002766,0.0025534,-0.0162049,-0.001659,237
2026-07-21,0.0108386,-0.001353,-0.0149004,-0.0011755,0.0010835,0.0022526,-0.0179394,237
2026-07-22,0.0140455,0.0119974,0.0158605,0.0028462,0.0018828,0.0165757,0.0071979,237
2026-07-23,0.0062867,0.0094554,-0.0036349,0.0019477,-0.0022658,0.0015033,-0.008612,238
2026-07-24,0.0058119,0.0050102,0.0001396,0.0012922,0.0023284,0.0001348,0.0011833,238
2026-07-27,-0.0073332,-0.0084044,-0.0212042,0.0001311,-0.0010295,-0.0237416,-0.0145182,238
2026-07-28,0.0115552,0.0021447,0.0015964,0.0043667,0.0017,0.0057002,-0.0076542,238
2026-07-29,-0.0023956,0.0111122,0.0071717,0.0015216,0.0054547,0.0122308,0.0131111,238
2026-07-30,-0.0070181,0.0025451,0.0013544,0.0008441,-0.0041617,0.0191635,0.0016336,238
2026-07-31,-0.0106098,-0.0131013,-0.0138388,-0.0008991,-0.0058578,-0.0031337,-0.0005326,238
2026-08-03,0.0085127,0.0103326,0.0220223,-0.0019873,0.0015211,0.0039269,0.0140302,238
2026-08-04,0.017236,0.0055995,0.00173,-0.0037051,-0.0039127,0.0095474,0.0117211,238
2026-08-05,0.0122021,0.0074043,-0.0008427,0.0065134,0.0084224,-0.0057489,0.0034455,238
2026-08-06,-0.0035013,0.0050952,0.0044608,0.0044171,0.0034288,0.0158102,-0.0068732,238
2026-08-07,-0.0214199,-0.0025907,-0.0037687,0.0027763,0.0010865,0.0069333,-0.0060408,238
2026-08-10,0.0278348,0.0131975,0.0261322,0.0014948,0.0047702,0.0149147,0.0023885,238
2026-08-11,0.0182858,-0.0017191,0.0129014,-0.0013097,-0.0064441,0.0009655,-0.0088295,238
2026-08-12,-0.0017326,-0.012014,-0.0013472,-0.0017403,0.0020674,-0.0024327,0.0068214,238
2026-08-13,-0.0167839,-0.0053851,-0.0039654,0.0006157,-0.0047091,-0.0073097,0.0004949,238
2026-08-14,0.0051799,0.0071459,0.0057752,0.0013157,-0.0011499,-0.0030072,0.0049393,238
2026-08-17,0.0059657,-0.0033453,0.0089339,-0.0017314,-0.0018058,0.0128674,0.0016024,238
2026-08-18,-0.0098885,0.0049881,0.0075385,-0.0013534,0.003009,0.0023953,0.0041403,238
2026-08-19,0.0023625,-0.0036355,0.00038,0.0005706,-0.0043959,0.0126946,-0.0070108,238
2026-08-20,-0.0101808,-0.0028407,-0.0050988,0.0041498,0.0106825,0.0088937,0.0034161,238
2026-08-21,-0.0038297,-0.0063052,0.0075732,0.0013372,-0.0026781,-0.0049188,0.0135106,239
2026-08-24,0.0136915,0.002283,-0.0032228,-0.0019715,-0.0026748,-0.0125498,-0.001777,239
2026-08-25,-0.0119979,0.001223,0.0113004,0.0032831,0.0034442,-0.002251,-0.0082002,239
2026-08-26,0.0335449,0.0194425,0.021986,-0.003072,-0.0074659,0.0139135,0.0032872,239
2026-08-27,0.0148664,0.0035509,0.0130138,-0.0028536,0.0051314,0.0115122,0.009403,239
2026-08-28,-0.0072962,-0.0047567,-0.0063932,-0.0024947,-0.0003743,-0.0107487,0.0011038,239
2026-08-31,0.0150969,0.0059275,0.005501,-0.0056645,-0.0079102,-0.009303,-0.0089017,239
2026-09-01,-0.0077244,0.0080592,0.0020487,-0.0054516,-0.005254,0.0148998,-0.0031676,239
2026-09-02,0.0301373,0.0021827,0.0136227,0.0014002,0.0033657,0.0091382,0.0245765,239
2026-09-03,0.0005093,0.0064676,0.0047983,-0.0025482,-0.0029746,-0.0039351,-0.003579,239
2026-09-04,0.0142965,0.0050244,0.0165002,0.0026247,0.0076017,0.0177843,0.001163,239
2026-09-07,-0.0169787,-0.0137921,-0.0190415,-0.0050793,-0.0011026,-0.0161407,-0.0179623,239
2026-09-08,-0.0003184,0.0089069,0.0116627,-0.0019019,0.0036522,0.007461,0.023362,239
2026-09-09,0.004065,-0.0104879,-0.0111455,-0.0021313,-0.0044639,-0.0187413,-0.0014189,239
2026-09-10,-0.0092836,-0.0013198,0.0049503,-0.0049301,0.0013245,-0.0047017,0.0100245,239
2026-09-11,-0.0029618,-0.0013939,0.0105444,0.0038611,-0.001801,-0.0014896,0.0177084,239
2026-09-14,-0.0084306,-0.0033538,0.0045841,-0.0003402,0.0025365,-0.0009328,0.0,239
2026-09-15,-0.0189008,-0.025207,-0.0375057,-0.0012626,0.0021616,-0.0149678,-0.0123376,239
2026-09-16,-0.0082861,-0.0107319,-0.0307801,0.0044465,0.0084894,-0.0195864,0.0036658,239
2026-09-17,0.0182374,0.0234069,0.0283385,0.0016652,0.0013427,0.022107,0.0007897,239
2026-09-18,0.0081177,0.0048686,0.0066139,-0.0042815,-0.0044174,-0.0055108,0.0182842,239
